wl,ang,amp,per,forward.transmission.xx.real,forward.transmission.xx.imag,forward.transmission.yx.real,forward.transmission.yx.imag,forward.transmission.xy.real,forward.transmission.xy.imag,forward.transmission.yy.real,forward.transmission.yy.imag,forward.transmission.pp.real,forward.transmission.pp.imag,forward.transmission.sp.real,forward.transmission.sp.imag,forward.transmission.ps.real,forward.transmission.ps.imag,forward.transmission.ss.real,forward.transmission.ss.imag,forward.reflection.xx.real,forward.reflection.xx.imag,forward.reflection.yx.real,forward.reflection.yx.imag,forward.reflection.xy.real,forward.reflection.xy.imag,forward.reflection.yy.real,forward.reflection.yy.imag,forward.reflection.pp.real,forward.reflection.pp.imag,forward.reflection.sp.real,forward.reflection.sp.imag,forward.reflection.ps.real,forward.reflection.ps.imag,forward.reflection.ss.real,forward.reflection.ss.imag,backward.transmission.xx.real,backward.transmission.xx.imag,backward.transmission.yx.real,backward.transmission.yx.imag,backward.transmission.xy.real,backward.transmission.xy.imag,backward.transmission.yy.real,backward.transmission.yy.imag,backward.transmission.pp.real,backward.transmission.pp.imag,backward.transmission.sp.real,backward.transmission.sp.imag,backward.transmission.ps.real,backward.transmission.ps.imag,backward.transmission.ss.real,backward.transmission.ss.imag,backward.reflection.xx.real,backward.reflection.xx.imag,backward.reflection.yx.real,backward.reflection.yx.imag,backward.reflection.xy.real,backward.reflection.xy.imag,backward.reflection.yy.real,backward.reflection.yy.imag,backward.reflection.pp.real,backward.reflection.pp.imag,backward.reflection.sp.real,backward.reflection.sp.imag,backward.reflection.ps.real,backward.reflection.ps.imag,backward.reflection.ss.real,backward.reflection.ss.imag,R_xx,T_xx,R_yy,T_yy
1194.010498046875,18.113618850708008,26.25659942626953,3845.062744140625,0.3312888741493225,-0.07908646017313004,-3.3067908411510416e-09,-2.3834226681174187e-07,-1.3560515377264437e-08,2.2873205551832143e-08,0.31113705039024353,-0.08314096182584763,0.33128881454467773,-0.07908645272254944,-3.3067906191064367e-09,-2.3834225260088715e-07,-1.3560515377264437e-08,2.2873205551832143e-08,0.31113705039024353,-0.08314096182584763,-0.6883029341697693,-0.4127751290798187,-1.207897160071525e-08,-1.4661907243862515e-07,-1.7719843370400667e-08,7.627437348389776e-09,-0.7235124707221985,-0.38634175062179565,0.6883028745651245,0.41277509927749634,-1.207897160071525e-08,-1.4661907243862515e-07,1.7719843370400667e-08,-7.627437348389776e-09,-0.7235124707221985,-0.38634175062179565,0.33128905296325684,-0.07908523827791214,-1.4722638752573403e-07,1.5739014713744837e-07,5.322309704069994e-09,4.7002053804590105e-08,0.3111359477043152,-0.08314111083745956,0.33128905296325684,-0.07908523082733154,1.472263733148793e-07,-1.5739014713744837e-07,-5.322309704069994e-09,-4.7002053804590105e-08,0.3111359477043152,-0.08314111083745956,-0.3123009502887726,-0.653677225112915,-2.982279454499803e-07,3.263758401317318e-07,-1.3338540050256142e-08,1.4552236393683415e-07,-0.32700565457344055,-0.658047616481781,0.3123009502887726,0.653677225112915,2.982279454499803e-07,-3.263758401317318e-07,-1.3338540050256142e-08,1.4552236393683415e-07,-0.32700565457344055,-0.658047616481781,0.6482037305831909,0.13094055652618408,0.6764925718307495,0.1175440102815628
1629.1549072265625,41.28757858276367,44.907066345214844,4862.3671875,0.3936450183391571,-0.0597912035882473,-3.0615165957925683e-09,-1.574793806469188e-08,-2.559490894782357e-07,-1.2659272385917575e-07,0.28909412026405334,-0.08455904573202133,0.3936450183391571,-0.0597912073135376,-3.0615165957925683e-09,-1.574793806469188e-08,-2.559490894782357e-07,-1.2659272385917575e-07,0.28909412026405334,-0.08455904573202133,-0.5748617053031921,-0.4653996229171753,1.4915848112195818e-08,9.082050667075237e-10,-1.8047171579382848e-07,-3.500244361021032e-08,-0.7751925587654114,-0.3283594250679016,0.5748616456985474,0.4653995633125305,1.4915848112195818e-08,9.082050667075237e-10,1.8047170158297376e-07,3.500244005749664e-08,-0.7751925587654114,-0.3283594250679016,0.393646240234375,-0.059791501611471176,1.2760598622207908e-07,-4.232060035747054e-08,3.3690844247757923e-07,3.7191117030488385e-07,0.2890945374965668,-0.08455872535705566,0.3936461806297302,-0.05979149043560028,-1.2760597201122437e-07,4.232059680475686e-08,-3.369084140558698e-07,-3.71911113461465e-07,0.2890945374965668,-0.08455872535705566,-0.2723877429962158,-0.6150650978088379,4.1712235088198213e-07,-1.1077092665345845e-07,5.872685733265826e-07,5.221314722803072e-07,-0.3228708505630493,-0.653915524482727,0.27238771319389343,0.6150650382041931,-4.171223224602727e-07,1.1077091954803109e-07,5.872685733265826e-07,5.221314722803072e-07,-0.3228708505630493,-0.653915524482727,0.5589701533317566,0.1893557459115982,0.7149034142494202,0.11119145900011063
541.5639038085938,16.819005966186523,32.48944854736328,4324.06884765625,0.27054592967033386,0.34694555401802063,4.470848224968904e-08,1.8832661652368188e-08,4.323612046164271e-08,4.382215479381557e-09,0.27466288208961487,0.3328351378440857,0.27054592967033386,0.34694555401802063,4.470848580240272e-08,1.8832663428725027e-08,4.323612046164271e-08,4.382215479381557e-09,0.27466288208961487,0.3328351378440857,-0.28574904799461365,-0.41763126850128174,2.4430924838725332e-08,3.814733862128605e-09,1.7989879808055775e-08,1.5683472298633205e-08,-0.3367041349411011,-0.41755199432373047,0.28574907779693604,0.4176313281059265,2.443092661508217e-08,3.814733862128605e-09,-1.7989881584412615e-08,-1.5683474074990045e-08,-0.3367041349411011,-0.41755199432373047,0.270546019077301,0.34694424271583557,-2.259243636615338e-08,1.004108263202852e-08,-1.5191480073895036e-08,-4.985963641956914e-08,0.27466288208961487,0.332834392786026,0.270546019077301,0.34694427251815796,2.2592438142510218e-08,-1.004108352020694e-08,1.5191481850251876e-08,4.985963997228282e-08,0.27466288208961487,0.332834392786026,0.213242769241333,-0.4250715374946594,-4.9618648745308747e-08,3.962965067216828e-08,-5.861801710693726e-08,-1.9584742716460823e-08,0.20661738514900208,-0.4498652219772339,-0.213242769241333,0.4250715374946594,4.9618648745308747e-08,-3.962965067216828e-08,-5.861801710693726e-08,-1.9584742716460823e-08,0.20661738514900208,-0.4498652219772339,0.25975123047828674,0.20903952419757843,0.291714608669281,0.2002834528684616
611.248779296875,43.064170837402344,97.87862396240234,2946.341064453125,0.011625971645116806,0.22198468446731567,-1.9517794047629877e-09,9.128380185075002e-08,-5.5907094065332785e-08,1.226310786250906e-07,0.04951295629143715,0.14631809294223785,0.011625971645116806,0.22198468446731567,-1.9517796268075926e-09,9.128380895617738e-08,-5.590708695990543e-08,1.2263106441423588e-07,0.04951295629143715,0.14631809294223785,-0.18072310090065002,-0.5277902483940125,-2.5596332164923297e-08,-6.509738081916794e-09,-2.149788791427909e-08,4.567939626554107e-08,-0.5532169938087463,-0.45003384351730347,0.18072308599948883,0.5277901887893677,-2.5596332164923297e-08,-6.509738081916794e-09,2.149788613792225e-08,-4.5679392712827394e-08,-0.5532169938087463,-0.45003384351730347,0.01162654533982277,0.22198408842086792,-2.9285532221479116e-08,-1.14880549517693e-07,-1.1431705360109845e-07,5.980652417747478e-08,0.04951309785246849,0.14631782472133636,0.011626544408500195,0.22198408842086792,2.9285528668765437e-08,1.1488054241226564e-07,1.1431704649567109e-07,-5.980652417747478e-08,0.04951309785246849,0.14631782472133636,0.37971651554107666,-0.15777060389518738,3.0118644644971937e-07,-2.3453510777926567e-07,-1.3470065596266068e-07,-3.682765168377955e-07,0.45042237639427185,-0.35789385437965393,-0.3797164559364319,0.15777058899402618,-3.0118641802800994e-07,2.3453507935755624e-07,-1.3470064175180596e-07,-3.6827648841608607e-07,0.45042237639427185,-0.35789385437965393,0.3172331154346466,0.09738762676715851,0.5160990357398987,0.04767797514796257
891.87646484375,41.873329162597656,42.812801361083984,3100.409423828125,0.25939643383026123,0.025460682809352875,8.252649053019923e-08,-6.288622245165243e-08,7.768652210415894e-08,-8.30378468208437e-08,0.1844746619462967,-0.006868663709610701,0.25939643383026123,0.025460680946707726,8.252649053019923e-08,-6.288622245165243e-08,7.768652210415894e-08,-8.303785392627105e-08,0.1844746619462967,-0.006868663709610701,-0.5736550688743591,-0.5445855259895325,-1.3022228628756238e-08,-5.256836033140644e-08,1.0187530818939194e-08,-8.766522086034456e-08,-0.7985726594924927,-0.3673434257507324,0.5736550092697144,0.5445854663848877,-1.3022228628756238e-08,-5.256836033140644e-08,-1.0187529930760775e-08,8.766520664948985e-08,-0.7985726594924927,-0.3673434257507324,0.259397029876709,0.02546084113419056,-1.371497688751333e-07,7.028494763972049e-08,-5.7210890247461066e-08,1.2854989961397223e-07,0.18447482585906982,-0.006868625991046429,0.2593969702720642,0.02546083554625511,1.371497688751333e-07,-7.028494763972049e-08,5.721088314203371e-08,-1.2854989961397223e-07,0.18447482585906982,-0.006868625991046429,-0.10976526886224747,-0.7018657326698303,-2.2735808613560948e-07,9.428946867728882e-08,1.8713512517365416e-08,1.2824685313717055e-07,-0.1518648862838745,-0.7458004355430603,0.10976526886224747,0.7018657326698303,2.2735807192475477e-07,-9.428946867728882e-08,1.8713512517365416e-08,1.2824685313717055e-07,-0.1518648862838745,-0.7458004355430603,0.6302897930145264,0.09408193826675415,0.7747682929039001,0.04761350527405739
1414.52587890625,9.012868881225586,41.73781967163086,812.4788818359375,0.30664920806884766,-0.07905263453722,-3.14087422736975e-08,1.268170279900005e-07,5.40052553787973e-07,-4.146027521301221e-08,0.3865382671356201,0.05216217413544655,0.30664923787117004,-0.07905263453722,-3.14087422736975e-08,1.268170279900005e-07,5.40052553787973e-07,-4.146027521301221e-08,0.3865382671356201,0.05216217413544655,-0.7015860080718994,-0.4245850443840027,-2.2816031730599207e-08,5.935731195449989e-08,1.5441753475897713e-07,3.3821226708141694e-08,-0.676559567451477,-0.3484499454498291,0.7015859484672546,0.4245850145816803,-2.2816031730599207e-08,5.935731195449989e-08,-1.544175205481224e-07,-3.3821223155428015e-08,-0.676559567451477,-0.3484499454498291,0.306648850440979,-0.07905246317386627,9.684319479674741e-08,-3.933077419304709e-09,4.5716760155301017e-07,-7.284182856892585e-08,0.386537104845047,0.05216160789132118,0.3066488206386566,-0.07905245572328568,-9.684320190217477e-08,3.933076975215499e-09,-4.571675447095913e-07,7.284182146349849e-08,0.386537104845047,0.05216160789132118,-0.2604084014892578,-0.7404270768165588,1.9244210136548645e-07,-9.832522351871376e-08,1.1983765944023617e-06,-5.764790103057749e-07,-0.0665217936038971,-0.499480277299881,0.2604084014892578,0.7404270768165588,-1.9244210136548645e-07,9.832522351871376e-08,1.1983765944023617e-06,-5.764790103057749e-07,-0.0665217936038971,-0.499480277299881,0.672495424747467,0.10028306394815445,0.5791501998901367,0.15213271975517273
1184.1494140625,40.827449798583984,80.95651245117188,286.7917175292969,0.09879832714796066,0.006609719712287188,2.8825123621345483e-08,-3.361918388122831e-08,7.508069757022895e-07,2.6641766908142017e-06,0.22427572309970856,0.05336012691259384,0.09879831969738007,0.0066097192466259,2.8825121844988644e-08,-3.361918388122831e-08,7.508069757022895e-07,2.6641766908142017e-06,0.22427572309970856,0.05336012691259384,-0.6615079641342163,-0.5366457104682922,-1.0056406374303606e-08,-2.3677612759342992e-08,-1.2015664196951548e-07,-8.207013024730259e-07,-0.7938247323036194,-0.3394915759563446,0.6615079641342163,0.5366457104682922,-1.0056406374303606e-08,-2.3677612759342992e-08,1.201566561803702e-07,8.207013593164447e-07,-0.7938247323036194,-0.3394915759563446,0.09879782050848007,0.006609824951738119,-3.014118732380666e-08,2.4983652480159435e-08,1.7725490124576027e-06,-5.101242663840821e-07,0.22427493333816528,0.053360600024461746,0.09879783540964127,0.006609825417399406,3.014118732380666e-08,-2.4983654256516274e-08,-1.7725491261444404e-06,5.10124323227501e-07,0.22427493333816528,0.053360600024461746,-0.13600125908851624,-0.797305166721344,-1.208022410992271e-07,-1.8387531497410237e-07,9.991044862545095e-06,2.324700471945107e-05,0.333944708108902,-0.637724757194519,0.13600127398967743,0.7973052859306335,1.2080225531008182e-07,1.8387532918495708e-07,9.991044862545095e-06,2.324700471945107e-05,0.333944708108902,-0.637724757194519,0.7255813479423523,0.009804797358810902,0.7454121708869934,0.05314690247178078
1834.3115234375,49.90752029418945,41.496307373046875,550.20361328125,0.4431195855140686,-0.09262624382972717,7.054242701087787e-08,-1.2034435314944858e-07,5.675424290529918e-07,-8.707581287126231e-07,0.36691802740097046,-0.12437809258699417,0.4431196451187134,-0.09262625128030777,7.054242701087787e-08,-1.2034433893859386e-07,5.675425427398295e-07,-8.707582992428797e-07,0.36691802740097046,-0.12437809258699417,-0.47441741824150085,-0.5222578644752502,3.202254106327018e-08,-7.8488405108601e-08,8.45413637762249e-07,-3.5288448430037533e-07,-0.7568108439445496,-0.29179465770721436,0.47441738843917847,0.5222578048706055,3.202254106327018e-08,-7.8488405108601e-08,-8.454135809188301e-07,3.528844558786659e-07,-0.7568108439445496,-0.29179465770721436,0.44311922788619995,-0.09262752532958984,9.833831171590646e-08,6.67497772610659e-08,1.8473568843546673e-06,-3.970788498008915e-07,0.36691805720329285,-0.12437714636325836,0.44311925768852234,-0.09262752532958984,-9.83383046104791e-08,-6.674978436649326e-08,-1.8473567706678296e-06,3.9707882137918205e-07,0.36691805720329285,-0.12437714636325836,-0.29654157161712646,-0.6202967166900635,2.2418421963266155e-07,1.0035611097691799e-07,1.318034264841117e-06,-1.3153886584404972e-06,-0.23863181471824646,-0.6357976198196411,0.29654160141944885,0.6202967762947083,-2.2418423384351627e-07,-1.0035611808234535e-07,1.3180344922147924e-06,-1.3153888858141727e-06,-0.23863181471824646,-0.6357976198196411,0.49782514572143555,0.20493458211421967,0.6579068303108215,0.1500987559556961
1129.0047607421875,48.85408401489258,40.29911422729492,834.6998901367188,0.24424849450588226,-0.06768154352903366,-2.577760938038409e-07,3.480447787751473e-07,3.89101927567026e-07,-9.051387337422057e-07,0.20883788168430328,0.043410614132881165,0.24424847960472107,-0.06768154352903366,-2.577760938038409e-07,3.480447787751473e-07,3.89101927567026e-07,-9.051387905856245e-07,0.20883788168430328,0.043410614132881165,-0.5214121341705322,-0.5236252546310425,-8.975555232382249e-08,5.7483646287437296e-08,-1.9338600054652488e-08,-2.8923102135536283e-08,-0.840459406375885,-0.2671794593334198,0.5214121341705322,0.5236252546310425,-8.975555232382249e-08,5.7483646287437296e-08,1.9338600054652488e-08,2.8923102135536283e-08,-0.840459406375885,-0.2671794593334198,0.24425069987773895,-0.06768118590116501,3.4532521908658964e-07,4.139456848406553e-07,-1.713665938041231e-07,3.2761261081759585e-07,0.20883804559707642,0.0434100441634655,0.24425069987773895,-0.06768118590116501,-3.4532521908658964e-07,-4.1394571326236473e-07,1.713665795932684e-07,-3.276125823958864e-07,0.20883804559707642,0.0434100441634655,-0.17627587914466858,-0.7042037844657898,1.0350066759201582e-06,8.885038482731034e-07,2.373793222432141e-06,-3.0834169137961e-06,-0.2340281903743744,-0.4533957242965698,0.17627587914466858,0.7042037844657898,-1.0350066759201582e-06,-8.885038482731034e-07,2.373793222432141e-06,-3.0834169137961e-06,-0.2340281903743744,-0.4533957242965698,0.5460540056228638,0.06423811614513397,0.7777568697929382,0.045497745275497437
1411.6900634765625,30.59424591064453,56.50114059448242,419.06951904296875,0.23302043974399567,-0.03933063894510269,6.014036557644431e-08,1.991674878354388e-07,3.86660167350783e-06,-1.1741583421098767e-06,0.3245076835155487,-0.016887661069631577,0.23302043974399567,-0.03933063894510269,6.014036557644431e-08,1.991674878354388e-07,3.86660167350783e-06,-1.1741583421098767e-06,0.3245076835155487,-0.016887661069631577,-0.6819401979446411,-0.4809187650680542,2.502736018428209e-09,1.2967507245775778e-07,1.3695300822291756e-06,-3.544512026110169e-07,-0.7304534912109375,-0.36951562762260437,0.6819401383399963,0.4809187054634094,2.502736018428209e-09,1.2967507245775778e-07,-1.3695298548555002e-06,3.544511741893075e-07,-0.7304534912109375,-0.36951562762260437,0.2330208718776703,-0.03933050110936165,4.952365628696498e-08,-1.4050948493604665e-07,3.7650754620699445e-06,-1.0205488933934248e-06,0.3245081305503845,-0.0168880857527256,0.2330208569765091,-0.03933049738407135,-4.952365983967866e-08,1.4050948493604665e-07,-3.7650750073225936e-06,1.0205486660197494e-06,0.3245081305503845,-0.0168880857527256,-0.2563812732696533,-0.7604062557220459,-3.103696499806574e-08,-3.0165608677634737e-07,9.915557711792644e-06,-4.313752924645087e-06,-0.00513128936290741,-0.7163212299346924,0.25638124346733093,0.7604061961174011,3.103696499806574e-08,3.0165608677634737e-07,9.915557711792644e-06,-4.313752924645087e-06,-0.00513128936290741,-0.7163212299346924,0.6963253021240234,0.05584542453289032,0.6701040863990784,0.10559043288230896
958.2295532226562,6.307433128356934,56.15522003173828,2276.63232421875,0.16495639085769653,0.035796333104372025,-1.1050094173015168e-08,-2.090309614288799e-08,1.918179215465443e-08,-2.0742305650855997e-08,0.15904518961906433,0.03905719891190529,0.16495640575885773,0.035796333104372025,-1.1050094173015168e-08,-2.090309791924483e-08,1.9181790378297592e-08,-2.0742305650855997e-08,0.15904518961906433,0.03905719891190529,-0.7397304177284241,-0.43805015087127686,-1.3949680299774059e-09,-5.150173620904752e-09,3.6741911735305166e-09,-1.2114947267605203e-08,-0.7451894879341125,-0.43172726035118103,0.7397304177284241,0.43805015087127686,-1.3949680299774059e-09,-5.150173620904752e-09,-3.6741911735305166e-09,1.2114947267605203e-08,-0.7451894879341125,-0.43172726035118103,0.16495564579963684,0.035796135663986206,-1.409799033069703e-08,-3.9629341475055924e-10,3.351892319258809e-09,-1.4329451403227722e-08,0.15904498100280762,0.039057400077581406,0.16495566070079803,0.035796135663986206,1.409799121887545e-08,3.9629341475055924e-10,-3.351892319258809e-09,1.4329451403227722e-08,0.15904498100280762,0.039057400077581406,0.021357476711273193,-0.7217472791671753,-2.0624344898578784e-08,-2.2512979924727006e-08,-1.4895594091512976e-08,-4.166321687648633e-08,0.012498930096626282,-0.7106243371963501,-0.021357476711273193,0.7217472791671753,2.0624344898578784e-08,2.2512979924727006e-08,-1.4895594091512976e-08,-4.166321687648633e-08,0.012498930096626282,-0.7106243371963501,0.7415773868560791,0.04531880468130112,0.7449468970298767,0.04565863311290741
1042.7476806640625,29.6046085357666,28.840862274169922,1759.370849609375,0.28913238644599915,-0.04981692507863045,1.5352937055013172e-07,-2.3439408636249937e-08,-5.374876366204262e-08,1.6520925072427417e-08,0.24151581525802612,-0.056138571351766586,0.28913238644599915,-0.04981692507863045,1.53529356339277e-07,-2.3439406859893097e-08,-5.374875655661526e-08,1.6520923296070578e-08,0.24151581525802612,-0.056138571351766586,-0.6810052990913391,-0.44797760248184204,6.421056752969889e-08,8.66009752797936e-09,-7.481663288899654e-08,-6.798344553970992e-09,-0.7751355767250061,-0.36759084463119507,0.6810052990913391,0.44797760248184204,6.421056752969889e-08,8.66009752797936e-09,7.481663288899654e-08,6.798344553970992e-09,-0.7751355767250061,-0.36759084463119507,0.2891322672367096,-0.04981550946831703,-8.962380348975785e-08,-9.966663583327318e-08,1.563121188041805e-08,-1.1909619246353031e-07,0.24151529371738434,-0.05613861605525017,0.2891322672367096,-0.04981550946831703,8.962381770061256e-08,9.966665004412789e-08,-1.563121188041805e-08,1.1909619956895767e-07,0.24151529371738434,-0.05613861605525017,-0.29188936948776245,-0.6843912601470947,-1.6479917519518494e-07,-2.42881782241966e-07,1.06919726405863e-08,-3.061580287067045e-07,-0.32891470193862915,-0.6911728978157043,0.29188933968544006,0.68439120054245,1.6479918940603966e-07,2.42881782241966e-07,1.0691970864229461e-08,-3.0615800028499507e-07,-0.32891470193862915,-0.6911728978157043,0.6674337983131409,0.10151056945323944,0.7385424375534058,0.07415711134672165
435.72119140625,47.15576934814453,93.34672546386719,1296.5224609375,-0.23348163068294525,0.08802669495344162,6.23366673835335e-08,-1.6814000503018178e-07,3.8931071344450174e-07,-4.627438840998366e-07,-0.1677708625793457,0.06113750487565994,-0.23348166048526764,0.08802670985460281,6.23366673835335e-08,-1.681400192410365e-07,3.893107702879206e-07,-4.6274394094325544e-07,-0.1677708625793457,0.06113750487565994,-0.13198567926883698,-0.17330196499824524,-2.9466377782227937e-08,-5.091049501970701e-07,2.2546485567431773e-08,3.2102795444188814e-07,-0.4592747986316681,-0.1743667870759964,0.13198566436767578,0.17330195009708405,-2.9466377782227937e-08,-5.091049501970701e-07,-2.2546483791074934e-08,-3.210279260201787e-07,-0.4592747986316681,-0.1743667870759964,-0.2334810048341751,0.08803122490644455,-6.657097060269734e-07,-6.931639404683665e-07,3.578898315481638e-07,1.079616254173743e-06,-0.16777130961418152,0.06113718822598457,-0.23348097503185272,0.08803121745586395,6.657096491835546e-07,6.931638836249476e-07,-3.578897747047449e-07,-1.079616254173743e-06,-0.16777130961418152,0.06113718822598457,0.17508086562156677,-0.012507852166891098,8.411307561573267e-08,-4.968992470821831e-07,-3.3797508081079286e-07,-4.050102688779589e-06,0.41263723373413086,-0.15670987963676453,-0.17508088052272797,0.012507854029536247,-8.411307561573267e-08,4.968992470821831e-07,-3.379751092325023e-07,-4.05010314352694e-06,0.41263723373413086,-0.15670987963676453,0.05448046326637268,0.1202949807047844,0.26212528347969055,0.06739022582769394
670.17431640625,22.22930145263672,42.355133056640625,1475.1754150390625,0.2772374153137207,0.17993752658367157,4.3968519491954794e-08,1.7647838035372843e-07,4.8459686041724126e-08,-1.2219327771845201e-08,0.2616133689880371,0.15321055054664612,0.2772373855113983,0.17993751168251038,4.396852304466847e-08,1.7647839456458314e-07,4.8459686041724126e-08,-1.2219327771845201e-08,0.2616133689880371,0.15321055054664612,-0.43202435970306396,-0.5289605259895325,3.373043355736627e-08,7.150210024065018e-08,-5.491754162534335e-09,-1.2599842946769968e-08,-0.5228996276855469,-0.4988752603530884,0.43202435970306396,0.5289605259895325,3.373043355736627e-08,7.150210024065018e-08,5.491755050712754e-09,1.2599843834948388e-08,-0.5228996276855469,-0.4988752603530884,0.2772379219532013,0.17993855476379395,-8.836505571707676e-08,1.7868677559818025e-07,1.700934859627523e-07,-3.453968702160637e-07,0.2616134583950043,0.15321055054664612,0.2772379219532013,0.17993855476379395,8.836505571707676e-08,-1.7868678980903496e-07,-1.7009351438446174e-07,3.453968986377731e-07,0.2616134583950043,0.15321055054664612,0.21286243200302124,-0.5689855217933655,-9.47520746308328e-08,6.129932330622978e-07,2.478661258464854e-07,-5.68492225738737e-07,0.18845246732234955,-0.5959965586662292,-0.21286243200302124,0.5689855217933655,9.47520746308328e-08,-6.129932330622978e-07,2.478661258464854e-07,-5.68492225738737e-07,0.18845246732234955,-0.5959965586662292,0.47122690081596375,0.13387803733348846,0.5266456604003906,0.11400595307350159
870.2215576171875,48.28533935546875,74.1885986328125,4111.60791015625,0.17848090827465057,0.07809510827064514,-4.502862083199943e-08,1.832666657319848e-10,2.2067995075758517e-07,-1.1518289433354312e-08,0.10739493370056152,0.02678423374891281,0.17848090827465057,0.07809510827064514,-4.5028613726572075e-08,1.83266651854197e-10,2.206799649684399e-07,-1.1518288545175892e-08,0.10739493370056152,0.02678423374891281,-0.504601240158081,-0.6003580689430237,-1.0539664252462444e-08,4.626614646952021e-09,-7.30714120322773e-08,-4.047914359261995e-08,-0.8267428874969482,-0.350486695766449,0.504601240158081,0.6003580689430237,-1.0539663364284024e-08,4.626614202862811e-09,7.307141913770465e-08,4.047914714533363e-08,-0.8267428874969482,-0.350486695766449,0.17848102748394012,0.07809488475322723,1.451850266676047e-07,4.6288786137438365e-08,2.9589829253495736e-08,6.421556264513129e-08,0.10739471763372421,0.026784364134073257,0.1784810572862625,0.07809489965438843,-1.451850408784594e-07,-4.6288789690152043e-08,-2.9589832806209415e-08,-6.421556264513129e-08,0.10739471763372421,0.026784364134073257,0.08905021846294403,-0.6473069787025452,1.658105901469753e-07,-1.0277847195538925e-07,-2.938289185294707e-07,-6.42136456008302e-07,0.07512719929218292,-0.7263568639755249,-0.08905022591352463,0.6473070383071899,-1.658105901469753e-07,1.0277847906081661e-07,-2.938289185294707e-07,-6.42136456008302e-07,0.07512719929218292,-0.7263568639755249,0.6206164956092834,0.07312066853046417,0.8084020018577576,0.023863617330789566
1229.6348876953125,58.30868911743164,94.79134368896484,1797.1597900390625,0.2094535380601883,0.05351047217845917,-3.6321452512311225e-08,7.611274810415125e-08,8.870661645232758e-07,-4.4885018724016845e-07,0.09623093903064728,0.02973225899040699,0.20945356786251068,0.053510479629039764,-3.6321452512311225e-08,7.611275520957861e-08,8.870661645232758e-07,-4.4885018724016845e-07,0.09623093903064728,0.02973225899040699,-0.4542670249938965,-0.6001112461090088,-4.526331665033467e-08,3.6209165443779057e-08,6.230002327356488e-07,-1.1654415743578284e-07,-0.8851613998413086,-0.24474245309829712,0.4542670249938965,0.6001112461090088,-4.526331665033467e-08,3.6209165443779057e-08,-6.230002327356488e-07,1.1654415033035548e-07,-0.8851613998413086,-0.24474245309829712,0.20945444703102112,0.053511232137680054,-3.526199421344245e-08,2.63777224063233e-07,5.378704486247443e-07,1.7728626744428766e-06,0.09623222053050995,0.02973265014588833,0.20945444703102112,0.053511228412389755,3.526199421344245e-08,-2.63777224063233e-07,-5.378703917813255e-07,-1.7728625607560389e-06,0.09623222053050995,0.02973265014588833,-0.05869671329855919,-0.5891526341438293,-3.789778588725312e-07,-1.284142285840062e-07,1.677655291132396e-06,2.360159896852565e-06,-0.11336919665336609,-0.681506872177124,0.05869671329855919,0.5891526341438293,3.789778588725312e-07,1.284142285840062e-07,1.677655291132396e-06,2.360159896852565e-06,-0.11336919665336609,-0.681506872177124,0.5664920210838318,0.07506896555423737,0.8434095978736877,0.021380050107836723
1516.2681884765625,16.724695205688477,80.17265319824219,243.80667114257812,0.15099863708019257,-0.01260315626859665,2.3507146451606786e-08,-1.3538529231027496e-07,9.579303878126666e-06,-3.5008649774681544e-06,0.3568806052207947,0.09034070372581482,0.15099862217903137,-0.012603155337274075,2.3507146451606786e-08,-1.3538529231027496e-07,9.579303878126666e-06,-3.5008649774681544e-06,0.3568806052207947,0.09034070372581482,-0.7414723038673401,-0.4515538513660431,-6.791167628250605e-09,-6.909333905014137e-08,1.0934479632851435e-06,-1.5947641713864869e-06,-0.6733099818229675,-0.39152467250823975,0.7414723038673401,0.4515538513660431,-6.791167628250605e-09,-6.909333905014137e-08,-1.0934479632851435e-06,1.5947641713864869e-06,-0.6733099818229675,-0.39152467250823975,0.15099947154521942,-0.012603018432855606,-6.841750632702315e-08,4.358239635848804e-08,5.74206296732882e-06,-3.4948923257616116e-06,0.3568807542324066,0.09034175425767899,0.15099945664405823,-0.012603017501533031,6.841750632702315e-08,-4.358239635848804e-08,-5.74206296732882e-06,3.494892098387936e-06,0.3568807542324066,0.09034175425767899,-0.23725837469100952,-0.7914444208145142,-1.6121373391797533e-07,2.0135955480782286e-07,2.503133873688057e-05,-3.6049044865649194e-05,0.3077993094921112,-0.5807316899299622,0.23725835978984833,0.7914443612098694,1.6121371970712062e-07,-2.0135955480782286e-07,2.503133873688057e-05,-3.6049044865649194e-05,0.3077993094921112,-0.5807316899299622,0.753682017326355,0.022959429770708084,0.6066378951072693,0.1355251967906952
1680.0181884765625,35.34516525268555,65.66319274902344,310.9074401855469,0.24923603236675262,-0.03913405165076256,-3.77385873662206e-08,3.32708438577356e-08,-4.997284122509882e-06,-4.7934950089256745e-06,0.36906328797340393,-0.020038826391100883,0.249236062169075,-0.03913405165076256,-3.77385873662206e-08,3.32708438577356e-08,-4.997284577257233e-06,-4.7934950089256745e-06,0.36906328797340393,-0.020038826391100883,-0.6549739241600037,-0.49825531244277954,-3.3340015193061845e-08,4.376757445356816e-08,-3.450745225563878e-06,-4.821610218641581e-06,-0.7158163189888,-0.3536837697029114,0.6549739837646484,0.4982553720474243,-3.3340015193061845e-08,4.376757445356816e-08,3.4507454529375536e-06,4.821610673388932e-06,-0.7158163189888,-0.3536837697029114,0.24923598766326904,-0.03913327679038048,-2.6304570965862695e-08,-7.114190481161131e-08,-5.493470780493226e-06,-7.86827331467066e-06,0.3690625727176666,-0.020039139315485954,0.24923600256443024,-0.039133280515670776,2.6304572742219534e-08,7.114190481161131e-08,5.493471235240577e-06,7.868274224165361e-06,0.3690625727176666,-0.020039139315485954,-0.266410768032074,-0.738806426525116,-7.20923978292376e-08,-4.763673899788046e-08,-7.2702596298768185e-06,-6.458586540247779e-06,0.025132760405540466,-0.6866635084152222,0.266410768032074,0.738806426525116,7.20923978292376e-08,4.763673899788046e-08,-7.27026053937152e-06,-6.458587449742481e-06,0.025132760405540466,-0.6866635084152222,0.6772491931915283,0.06365007162094116,0.637485146522522,0.1366092711687088
657.6470947265625,49.47246551513672,94.0342788696289,2032.6875,0.0905933678150177,0.20479820668697357,-2.809412990245619e-06,6.406443731066247e-07,8.205993253795896e-06,-7.859271136112511e-06,0.0790175199508667,0.09769556671380997,0.0905933603644371,0.20479817688465118,-2.809412535498268e-06,6.40644259419787e-07,8.205993253795896e-06,-7.859271136112511e-06,0.0790175199508667,0.09769556671380997,-0.18409191071987152,-0.5892478823661804,9.305630896960793e-07,-4.754447786581295e-07,-6.4858340920181945e-06,4.762785295042704e-07,-0.6743406057357788,-0.42918550968170166,0.18409189581871033,0.5892478227615356,9.305630328526604e-07,-4.754447502364201e-07,6.485833637270844e-06,-4.7627847266085155e-07,-0.6743406057357788,-0.42918550968170166,0.0905914232134819,0.2047930657863617,3.91100593333249e-06,6.236493845790392e-07,-1.2849708582507446e-05,-9.656902875576634e-06,0.07902301847934723,0.09769215434789658,0.09059140831232071,0.2047930359840393,-3.91100593333249e-06,-6.236493845790392e-07,1.2849707673012745e-05,9.656901966081932e-06,0.07902301847934723,0.09769215434789658,0.3810340464115143,-0.288630872964859,-2.1470354113262147e-05,-1.927866151163471e-06,3.494255361147225e-05,-2.2114545572549105e-05,0.3813604712486267,-0.5104936361312866,-0.3810340464115143,0.288630872964859,2.1470354113262147e-05,1.927866151163471e-06,3.494255361147225e-05,-2.2114545572549105e-05,0.3813604712486267,-0.5104936361312866,0.3887859880924225,0.0973862037062645,0.6472231149673462,0.0326516218483448
851.6297607421875,37.74322509765625,65.37704467773438,1245.24560546875,0.1930542290210724,0.06284711509943008,8.44795948751198e-08,4.487840143951871e-08,3.5068566717200156e-08,2.2657722809071856e-07,0.12788856029510498,0.055198781192302704,0.1930542290210724,0.06284711509943008,8.447960198054716e-08,4.487840143951871e-08,3.5068566717200156e-08,2.2657722809071856e-07,0.12788856029510498,0.055198781192302704,-0.5700728297233582,-0.5533850193023682,-1.540051286497146e-08,1.9909681014951275e-08,2.900535989169839e-08,2.0799834032914077e-07,-0.7695080637931824,-0.398089736700058,0.5700728297233582,0.5533850193023682,-1.540051286497146e-08,1.9909681014951275e-08,-2.900535989169839e-08,-2.0799834032914077e-07,-0.7695080637931824,-0.398089736700058,0.19305428862571716,0.06284686923027039,-3.0108256510175124e-07,-2.7620773224157347e-08,1.8061648177081224e-07,6.563498686773528e-07,0.12788830697536469,0.05519876256585121,0.19305428862571716,0.06284686923027039,3.0108256510175124e-07,2.7620771447800507e-08,-1.8061648177081224e-07,-6.563499255207716e-07,0.12788830697536469,0.05519876256585121,0.11809882521629333,-0.6717383861541748,-1.0784596042867634e-06,4.5721711217083794e-07,3.527253156221377e-08,7.981797125466983e-07,0.07298855483531952,-0.6713463664054871,-0.11809882521629333,0.6717383861541748,1.0784596042867634e-06,-4.5721711217083794e-07,3.527253156221377e-08,7.981797125466983e-07,0.07298855483531952,-0.6713463664054871,0.6345729827880859,0.06070041283965111,0.7533948421478271,0.03341961279511452
1490.57373046875,37.92360305786133,41.493736267089844,2192.207275390625,0.3711625635623932,-0.06214701384305954,-4.760068605946799e-08,1.7691311882117589e-07,-8.846239296644853e-08,-1.4579099172351562e-07,0.2789263129234314,-0.07646924257278442,0.3711625635623932,-0.06214701384305954,-4.760068605946799e-08,1.7691311882117589e-07,-8.846239296644853e-08,-1.457909775126609e-07,0.2789263129234314,-0.07646924257278442,-0.6032541990280151,-0.460232138633728,-1.4810388471175884e-08,4.150589205664801e-08,-4.755548488333261e-08,-1.9111062954380031e-07,-0.7730219960212708,-0.3393753170967102,0.6032542586326599,0.4602321982383728,-1.4810388471175884e-08,4.150589205664801e-08,4.755549198875997e-08,1.9111064375465503e-07,-0.7730219960212708,-0.3393753170967102,0.3711645007133484,-0.06214684993028641,3.0704285336469184e-07,-3.5155117927843094e-08,-4.106915412194212e-07,1.2740527211008157e-07,0.27892765402793884,-0.07646958529949188,0.37116456031799316,-0.0621468611061573,-3.0704285336469184e-07,3.5155117927843094e-08,4.1069156964113063e-07,-1.2740528632093628e-07,0.27892765402793884,-0.07646958529949188,-0.26881667971611023,-0.6346134543418884,7.800221055731527e-07,3.029023476486259e-09,-1.868912988811644e-07,2.458365031543508e-07,-0.3257824778556824,-0.6609671711921692,0.26881667971611023,0.6346134543418884,-7.800221055731527e-07,-3.029023476486259e-09,-1.868912988811644e-07,2.458365031543508e-07,-0.3257824778556824,-0.6609671711921692,0.5842239856719971,0.16805782914161682,0.7184426784515381,0.10182366520166397
1864.310302734375,39.37028884887695,97.83998107910156,200.4125213623047,0.1696261316537857,-0.0035317842848598957,-2.1405021755072084e-08,-9.33806276748328e-08,-8.744077604205813e-06,1.3960546311864164e-05,0.39538878202438354,0.08075562119483948,0.1696261316537857,-0.003531784052029252,-2.1405019978715245e-08,-9.33806276748328e-08,-8.744078513700515e-06,1.3960546311864164e-05,0.39538878202438354,0.08075562119483948,-0.6510671973228455,-0.5283722877502441,-2.6967699184865523e-08,3.3000294052953905e-08,-2.0382389266160317e-05,-8.889132004696876e-06,-0.6971356868743896,-0.3315995931625366,0.6510671377182007,0.5283722281455994,-2.6967699184865523e-08,3.3000294052953905e-08,2.0382387447170913e-05,8.889131095202174e-06,-0.6971356868743896,-0.3315995931625366,0.16962546110153198,-0.003531503723934293,-7.010982017163769e-09,-1.3170701151921094e-07,-1.903895645227749e-05,-2.2011081455275416e-05,0.3953874409198761,0.08075541257858276,0.16962546110153198,-0.003531503723934293,7.010982017163769e-09,1.3170701151921094e-07,1.9038954633288085e-05,2.2011079636286013e-05,0.3953874409198761,0.08075541257858276,-0.20340749621391296,-0.7658090591430664,-2.1905336211602844e-07,1.3893777861540002e-07,5.40380206075497e-05,8.435562631348148e-05,0.2878411114215851,-0.549792468547821,0.20340752601623535,0.765809178352356,2.1905336211602844e-07,-1.3893777861540002e-07,5.40380206075497e-05,8.435562631348148e-05,0.2878411114215851,-0.549792468547821,0.703065812587738,0.028785496950149536,0.5959563851356506,0.16285376250743866
1035.35986328125,7.484829902648926,69.46722412109375,226.43418884277344,0.08541921526193619,0.0027028981130570173,3.6251350810090344e-09,3.511214874407642e-09,4.628906935977284e-06,-1.2659063486353261e-06,0.23717999458312988,0.10638432204723358,0.08541923016309738,0.002702898345887661,3.6251350810090344e-09,3.511214874407642e-09,4.628906935977284e-06,-1.2659063486353261e-06,0.23717999458312988,0.10638432204723358,-0.7706707119941711,-0.43717142939567566,-6.213578540581466e-09,2.960343747915317e-09,9.74913859863591e-07,4.1319918864246574e-07,-0.7218615412712097,-0.41096073389053345,0.7706706523895264,0.43717139959335327,-6.213578540581466e-09,2.960343747915317e-09,-9.74913859863591e-07,-4.1319918864246574e-07,-0.7218615412712097,-0.41096073389053345,0.08541952073574066,0.0027029558550566435,-5.130790015073217e-09,3.3093301432529643e-09,3.3337537388433702e-06,7.161882535910991e-07,0.23717956244945526,0.10638423264026642,0.08541950583457947,0.002702955389395356,5.130790015073217e-09,-3.3093299212083593e-09,-3.3337539662170457e-06,-7.161882535910991e-07,0.23717956244945526,0.10638423264026642,-0.16620910167694092,-0.830903172492981,-1.123940265301826e-07,-3.2530547144915545e-08,9.173649232252501e-06,-1.6136425983859226e-05,0.4659646153450012,-0.515855610370636,0.16620910167694092,0.830903172492981,1.123940265301826e-07,3.2530547144915545e-08,9.173649232252501e-06,-1.6136425983859226e-05,0.4659646153450012,-0.515855610370636,0.7850522398948669,0.0073037478141486645,0.6899728178977966,0.0675719752907753
1798.6494140625,37.750587463378906,20.972766876220703,2683.037353515625,0.5354016423225403,-0.1525798738002777,2.133682386329383e-07,-2.7336499286434446e-08,-7.021738923640441e-08,-9.963278557734156e-08,0.42154955863952637,-0.18163643777370453,0.5354017019271851,-0.1525798887014389,2.1336825284379302e-07,-2.7336499286434446e-08,-7.021739634183177e-08,-9.963279268276892e-08,0.42154955863952637,-0.18163643777370453,-0.5093566179275513,-0.4056680500507355,1.095777477644333e-07,-2.1606725297829144e-08,-8.427269193589382e-08,-8.905651327495434e-08,-0.6863765120506287,-0.3244752585887909,0.5093566179275513,0.4056680500507355,1.095777477644333e-07,-2.1606725297829144e-08,8.427269193589382e-08,8.905651327495434e-08,-0.6863765120506287,-0.3244752585887909,0.5354012250900269,-0.15257973968982697,1.4242529289276717e-07,-3.5472569948069577e-07,1.2515313585481636e-07,3.417620177970093e-07,0.42154932022094727,-0.18163523077964783,0.5354011654853821,-0.15257972478866577,-1.4242529289276717e-07,3.5472569948069577e-07,-1.2515313585481636e-07,-3.417620177970093e-07,0.42154932022094727,-0.18163523077964783,-0.27609896659851074,-0.5172790288925171,2.7638313326860953e-07,-5.894902983527572e-07,1.839597700836748e-07,2.225765030061666e-07,-0.33283090591430664,-0.5573253631591797,0.27609896659851074,0.5172790288925171,-2.7638313326860953e-07,5.894902983527572e-07,1.8395979850538424e-07,2.2257651721702132e-07,-0.33283090591430664,-0.5573253631591797,0.4314962327480316,0.3229004144668579,0.5821090340614319,0.22101064026355743
1071.0533447265625,59.23644256591797,48.612335205078125,2799.581787109375,0.2773330807685852,0.003949862439185381,1.6443467698579184e-09,-1.4326496966532432e-07,-5.968332743577776e-07,-1.4996183494986326e-07,0.13233977556228638,-0.029635371640324593,0.2773330807685852,0.003949862439185381,1.6443469919025233e-09,-1.4326498387617903e-07,-5.968332743577776e-07,-1.4996183494986326e-07,0.13233977556228638,-0.029635371640324593,-0.44093453884124756,-0.6100115776062012,2.2720106684914754e-08,-9.533852818321975e-08,-1.9052089328397415e-07,-1.2533942594927794e-07,-0.8934903740882874,-0.23996999859809875,0.440934419631958,0.6100114583969116,2.2720106684914754e-08,-9.533852818321975e-08,1.9052083644055529e-07,1.253393833167138e-07,-0.8934903740882874,-0.23996999859809875,0.2773312032222748,0.003949624486267567,-3.0919284910169154e-08,2.848974816060945e-07,-6.342883125398657e-07,-4.415759633502603e-07,0.13233979046344757,-0.02963540144264698,0.2773311138153076,0.003949623554944992,3.0919284910169154e-08,-2.848974816060945e-07,6.342880851661903e-07,4.4157582124171313e-07,0.13233979046344757,-0.02963540144264698,-0.2617565393447876,-0.6583024859428406,3.305248696960916e-08,1.3306218988873297e-06,-1.1543230584720732e-06,-1.7302739934166311e-06,-0.3133268654346466,-0.7339706420898438,0.2617565393447876,0.6583024859428406,-3.305248696960916e-08,-1.3306218988873297e-06,-1.1543230584720732e-06,-1.7302739934166311e-06,-0.3133268654346466,-0.7339706420898438,0.5738081336021423,0.11310535669326782,0.8570106029510498,0.0278745349496603
1284.6513671875,66.53897857666016,32.753299713134766,233.14935302734375,0.3825470805168152,-0.007549684960395098,-2.0583490467629417e-08,1.4392361968873502e-08,-3.282296177076205e-07,-5.424067694548285e-06,0.21756026148796082,-0.10439562052488327,0.3825470507144928,-0.00754968449473381,-2.0583488691272578e-08,1.4392360192516662e-08,-3.282296177076205e-07,-5.424067694548285e-06,0.21756026148796082,-0.10439562052488327,-0.24448232352733612,-0.6626142263412476,-2.5216889909529527e-08,2.2350139516902345e-08,1.114182055061974e-06,-1.5533838677583844e-06,-0.887087881565094,-0.1976790428161621,0.24448232352733612,0.6626142263412476,-2.5216888133172688e-08,2.2350137740545506e-08,-1.1141821687488118e-06,1.5533840951320599e-06,-0.887087881565094,-0.1976790428161621,0.38254764676094055,-0.007548694033175707,2.774095797519749e-08,-1.3290319955672203e-08,2.6690083814173704e-06,-7.346605798375094e-06,0.21755963563919067,-0.10439560562372208,0.3825477063655853,-0.0075486949644982815,-2.7740959751554328e-08,1.3290320843850623e-08,-2.6690083814173704e-06,7.346606253122445e-06,0.21755963563919067,-0.10439560562372208,-0.31074368953704834,-0.660612165927887,-1.230889701275828e-08,2.674640242616988e-08,-4.848996013606666e-06,-2.1120571545907296e-05,-0.33710920810699463,-0.700583815574646,0.31074368953704834,0.660612165927887,1.23088979009367e-08,-2.674640420252672e-08,-4.848996013606666e-06,-2.1120571545907296e-05,-0.33710920810699463,-0.700583815574646,0.4988292455673218,0.14639925956726074,0.8260019421577454,0.05823091045022011
1924.3809814453125,55.57128143310547,95.07012176513672,1842.122802734375,0.353847473859787,-0.022614846006035805,2.7736626861951663e-07,-4.192178693074311e-08,1.1612770123292648e-07,-2.262842997424741e-07,0.18880383670330048,0.013490567915141582,0.3538475036621094,-0.022614847868680954,2.7736629704122606e-07,-4.192179048345679e-08,1.1612770123292648e-07,-2.262842997424741e-07,0.18880383670330048,0.013490567915141582,-0.43554168939590454,-0.53542160987854,1.6173898131910391e-07,-7.355389186614048e-08,3.1071522244019434e-07,-1.429016975862396e-07,-0.8465695977210999,-0.2583145499229431,0.4355415999889374,0.5354214906692505,1.6173899552995863e-07,-7.355390607699519e-08,-3.107151087533566e-07,1.4290164074282075e-07,-0.8465695977210999,-0.2583145499229431,0.3538486659526825,-0.02261417917907238,-2.8217861824941792e-08,-1.8785780753205472e-07,-1.7987287037612987e-06,-7.613198249600828e-07,0.18880394101142883,0.013490093871951103,0.35384851694107056,-0.022614169865846634,2.8217860048584953e-08,1.878577933212e-07,1.79872813532711e-06,7.613195407429885e-07,0.18880394101142883,0.013490093871951103,-0.13014817237854004,-0.6279407739639282,9.868722372630145e-08,-3.336740803661087e-07,-2.607554961286951e-06,7.8398164760074e-07,-0.2658021152019501,-0.602698802947998,0.13014815747737885,0.6279407143592834,-9.86872166208741e-08,3.336740803661087e-07,-2.607554961286951e-06,7.8398164760074e-07,-0.2658021152019501,-0.602698802947998,0.4763728678226471,0.12571945786476135,0.7834064364433289,0.035828880965709686
457.86370849609375,39.69010543823242,53.3941650390625,284.5858154296875,-0.09767397493124008,0.31154894828796387,-4.885831739187552e-09,-6.13688433404036e-09,-1.9770010339925648e-07,9.062819117389154e-08,-0.13604676723480225,0.3513358235359192,-0.09767396748065948,0.3115489184856415,-4.885831739187552e-09,-6.13688433404036e-09,-1.9770010339925648e-07,9.062819117389154e-08,-0.13604676723480225,0.3513358235359192,-0.1330574005842209,-0.18826165795326233,-1.5788799156979394e-09,1.9199235978817342e-08,-2.4048247837527015e-07,1.6412519343589338e-08,-0.36507681012153625,-0.21439647674560547,0.1330573856830597,0.18826162815093994,-1.5788799156979394e-09,1.9199235978817342e-08,2.404824499535607e-07,-1.6412519343589338e-08,-0.36507681012153625,-0.21439647674560547,-0.09767407178878784,0.31154924631118774,-2.6372337202928975e-08,-3.9142097563171774e-08,-2.34119042374914e-07,3.018730510007117e-08,-0.13604706525802612,0.3513362407684326,-0.09767404198646545,0.31154918670654297,2.6372333650215296e-08,3.9142097563171774e-08,2.3411902816405927e-07,-3.018730510007117e-08,-0.13604706525802612,0.3513362407684326,0.21529895067214966,-0.18104426562786102,-2.3973193208348675e-08,-6.098109794905326e-10,-2.8455033884711156e-07,1.0080533030532024e-07,0.2847856879234314,-0.2769893705844879,-0.21529892086982727,0.18104425072669983,2.3973191431991836e-08,6.098109239793814e-10,-2.8455033884711156e-07,1.0080533030532024e-07,0.2847856879234314,-0.2769893705844879,0.05314672365784645,0.10660295188426971,0.1792469322681427,0.14194558560848236
696.36962890625,51.345497131347656,23.539005279541016,3383.25830078125,0.44431939721107483,0.12265727669000626,2.5131485781315632e-09,5.538313807562645e-09,7.253920841776562e-08,-5.259473745411469e-09,0.3305214047431946,-0.012688950635492802,0.4443194568157196,0.12265728414058685,2.5131485781315632e-09,5.538313807562645e-09,7.253920841776562e-08,-5.259473745411469e-09,0.3305214047431946,-0.012688950635492802,-0.23729169368743896,-0.5595227479934692,-2.5239350609496114e-09,-8.893029423973076e-09,-1.0484653500952845e-07,1.1649920850231865e-07,-0.7121372222900391,-0.37073779106140137,0.23729169368743896,0.5595227479934692,-2.5239350609496114e-09,-8.893029423973076e-09,1.0484653500952845e-07,-1.1649920850231865e-07,-0.7121372222900391,-0.37073779106140137,0.4443187415599823,0.12265805155038834,1.1146308764864443e-07,-5.6242932089389797e-08,-4.854427970713004e-07,4.117961793781433e-08,0.33052167296409607,-0.012689029797911644,0.4443187117576599,0.12265804409980774,-1.1146307343778972e-07,5.624292498396244e-08,4.854427970713004e-07,-4.117961793781433e-08,0.33052167296409607,-0.012689029797911644,-0.017534606158733368,-0.580022394657135,1.3048953917405015e-07,-2.4720390001675696e-07,-5.794928483737749e-07,6.649731858487939e-07,-0.11571231484413147,-0.6632050275802612,0.017534606158733368,0.580022394657135,-1.3048953917405015e-07,2.4720387159504753e-07,-5.794928483737749e-07,6.649731858487939e-07,-0.11571231484413147,-0.6632050275802612,0.3751070499420166,0.23155659437179565,0.6465915441513062,0.11913016438484192
997.4677734375,17.97321319580078,57.48546600341797,1657.028564453125,0.1660900115966797,0.027421096339821815,1.2143072325443427e-08,2.8589631995146192e-08,-1.0211763878942293e-07,6.583386280567538e-09,0.14828240871429443,0.03470791503787041,0.1660900115966797,0.027421096339821815,1.2143072325443427e-08,2.858963377150303e-08,-1.0211763878942293e-07,6.583386280567538e-09,0.14828240871429443,0.03470791503787041,-0.7387918829917908,-0.43943867087364197,2.2761945661642358e-09,8.358061798219296e-09,-2.628755879641176e-08,-1.8416836056189823e-08,-0.7716516256332397,-0.40277358889579773,0.7387918829917908,0.43943867087364197,2.2761945661642358e-09,8.358061798219296e-09,2.628755879641176e-08,1.8416836056189823e-08,-0.7716516256332397,-0.40277358889579773,0.1660900115966797,0.02742130309343338,2.7730120422120308e-08,1.3760742945123638e-07,-1.8238461407804607e-08,2.4334369186362892e-08,0.14828255772590637,0.03470808267593384,0.1660900115966797,0.02742130309343338,-2.7730120422120308e-08,-1.3760742945123638e-07,1.8238463184161446e-08,-2.4334369186362892e-08,0.14828255772590637,0.03470808267593384,-0.01814568042755127,-0.7333884239196777,1.695514697530598e-07,2.0310339721163473e-07,-2.1222182056135352e-07,1.567102003718901e-07,-0.03901691734790802,-0.7086297869682312,0.01814568042755127,0.7333884239196777,-1.695514697530598e-07,-2.0310339721163473e-07,-2.1222182056135352e-07,1.567102003718901e-07,-0.03901691734790802,-0.7086297869682312,0.7407618761062622,0.043695442378520966,0.7601122260093689,0.040031541138887405
888.1600341796875,5.995906829833984,85.12051391601562,4910.57568359375,0.10626426339149475,0.08012688159942627,-6.155736809176915e-09,4.5707317930521185e-09,6.24896090428706e-09,5.997998986373432e-09,0.10393716394901276,0.07947927713394165,0.10626427084207535,0.08012688905000687,-6.155737253266125e-09,4.570732237141328e-09,6.24896090428706e-09,5.997998986373432e-09,0.10393716394901276,0.07947927713394165,-0.7051854729652405,-0.4735068082809448,2.0509338671814703e-09,1.9553070274014317e-09,3.3943459154528455e-09,2.5483140042581454e-09,-0.7100956439971924,-0.4692927598953247,0.7051854133605957,0.47350677847862244,2.0509338671814703e-09,1.9553070274014317e-09,-3.3943456934082405e-09,-2.5483137822135404e-09,-0.7100956439971924,-0.4692927598953247,0.10626378655433655,0.08012706786394119,4.624390648189092e-09,1.2021049045074506e-08,4.261532460247963e-09,-4.664126418418846e-09,0.10393675416707993,0.07947946339845657,0.10626379400491714,0.08012706786394119,-4.624390648189092e-09,-1.2021048156896086e-08,-4.261532016158753e-09,4.664125974329636e-09,0.10393675416707993,0.07947946339845657,0.2889966368675232,-0.5525287389755249,-9.002992129580889e-09,-2.2453683357070986e-08,1.494362500409352e-08,-1.7694725684691548e-08,0.2848656177520752,-0.5506395101547241,-0.2889966368675232,0.5525287389755249,9.002992129580889e-09,2.2453683357070986e-08,1.494362500409352e-08,-1.7694725684691548e-08,0.2848656177520752,-0.5506395101547241,0.7257794141769409,0.037314578890800476,0.7288028001785278,0.03712113946676254
1891.20068359375,4.902761459350586,70.39201354980469,204.56019592285156,0.2449580430984497,-0.05316050350666046,-1.0052391141712747e-09,8.305996779256475e-09,-2.277222665725276e-05,7.527103207394248e-06,0.47923246026039124,0.04979484900832176,0.24495799839496613,-0.053160492330789566,-1.0052390031489722e-09,8.305996779256475e-09,-2.277222665725276e-05,7.527102752646897e-06,0.47923246026039124,0.04979484900832176,-0.7268691062927246,-0.4300091564655304,7.131986112796085e-09,6.452983036808746e-09,1.5544995903837844e-06,1.3096551811031532e-05,-0.6015504002571106,-0.37908273935317993,0.7268691062927246,0.4300091564655304,7.131985668706875e-09,6.452982592719536e-09,-1.5544995903837844e-06,-1.3096551811031532e-05,-0.6015504002571106,-0.37908273935317993,0.24495793879032135,-0.053160373121500015,-1.9982391297190816e-09,7.510061461601936e-10,-1.2999258615309373e-05,1.9649522073450498e-05,0.47923290729522705,0.049795132130384445,0.24495793879032135,-0.053160376846790314,1.9982393517636865e-09,-7.510061461601936e-10,1.2999258615309373e-05,-1.9649522073450498e-05,0.47923290729522705,0.049795132130384445,-0.30668336153030396,-0.735211193561554,1.7453229972375084e-08,1.1442979896969518e-08,-9.501800377620384e-05,3.098317756666802e-05,0.1578344851732254,-0.5817724466323853,0.30668336153030396,0.735211193561554,-1.7453229972375084e-08,-1.1442980785147938e-08,-9.501800377620384e-05,3.098317756666802e-05,0.1578344851732254,-0.5817724466323853,0.7132465839385986,0.06283047795295715,0.5055666565895081,0.23214329779148102
681.456298828125,69.91634368896484,72.64817810058594,212.38229370117188,0.058071672916412354,0.07825127243995667,-3.844598950308864e-08,-3.491284417123097e-08,-2.505957468201814e-07,-3.2978583419662755e-08,0.12683583796024323,0.14262138307094574,0.05807166546583176,0.07825126498937607,-3.844598595037496e-08,-3.4912840618517293e-08,-2.5059571839847194e-07,-3.2978579866949076e-08,0.12683583796024323,0.14262138307094574,0.271188348531723,-0.6042234301567078,-9.627569852455053e-09,-1.1059488436160336e-08,-1.062299247678311e-06,4.0817258195602335e-07,-0.8473072052001953,-0.2316482812166214,-0.2711883783340454,0.6042234897613525,-9.627568964276634e-09,-1.1059487547981917e-08,1.0622993613651488e-06,-4.081726103777328e-07,-0.8473072052001953,-0.2316482812166214,0.05807187408208847,0.07825134694576263,2.2182240044799073e-08,8.361376302445933e-08,-1.4992135675129248e-06,-2.45641990659351e-06,0.12683600187301636,0.14262136816978455,0.05807188153266907,0.07825135439634323,-2.2182241821155912e-08,-8.361377012988669e-08,1.4992136811997625e-06,2.4564201339671854e-06,0.12683600187301636,0.14262136816978455,0.41243666410446167,-0.43754610419273376,1.75446061234652e-07,2.3181291908258572e-07,5.0313269639445934e-06,-3.5496211125973787e-07,0.2958623766899109,-0.2937396168708801,-0.41243666410446167,0.43754610419273376,-1.75446061234652e-07,-2.3181294750429515e-07,5.0313265091972426e-06,-3.54962054416319e-07,0.2958623766899109,-0.2937396168708801,0.43862903118133545,0.009495580568909645,0.7715903520584106,0.036428190767765045
831.7337036132812,57.217628479003906,63.714927673339844,2968.7587890625,0.23075003921985626,0.07891720533370972,2.503187772617821e-07,4.979132128823949e-08,-1.6113992273858457e-07,-1.2208311090944335e-06,0.11800649017095566,0.012088699266314507,0.23075006902217865,0.07891720533370972,2.503187772617821e-07,4.979132128823949e-08,-1.6113992273858457e-07,-1.2208311090944335e-06,0.11800649017095566,0.012088699266314507,-0.32997843623161316,-0.653190016746521,9.679019541408707e-08,2.6215923654149265e-08,-2.279213191513918e-07,-7.921068458927039e-07,-0.854591429233551,-0.3078356683254242,0.32997840642929077,0.6531899571418762,9.679019541408707e-08,2.6215923654149265e-08,2.2792129072968237e-07,7.921067322058661e-07,-0.854591429233551,-0.3078356683254242,0.2307475358247757,0.07891672849655151,4.4733505433214305e-07,2.1303790731508343e-07,-8.005486051843036e-07,1.9937240267609013e-06,0.11800632625818253,0.012087935581803322,0.2307475358247757,0.07891672849655151,-4.473350827538525e-07,-2.1303790731508343e-07,8.005485483408847e-07,-1.9937240267609013e-06,0.11800632625818253,0.012087935581803322,0.011983740143477917,-0.6510002613067627,9.765773256731336e-07,6.377647991939739e-07,3.4104116366506787e-06,-6.433750513679115e-06,-0.012274354696273804,-0.7557559013366699,-0.011983742006123066,0.6510003209114075,-9.765774393599713e-07,-6.377648560373927e-07,3.4104116366506787e-06,-6.433750513679115e-06,-0.012274354696273804,-0.7557559013366699,0.5418508648872375,0.10218644142150879,0.8261414766311646,0.024332989007234573
641.087646484375,10.806818962097168,74.91275024414062,4174.08642578125,0.07971004396677017,0.2209625393152237,9.849556725782804e-09,-2.2393553678057287e-09,-1.9397168316004354e-08,-1.0196226973846478e-08,0.08065265417098999,0.21451857686042786,0.07971005141735077,0.2209625542163849,9.849556725782804e-09,-2.2393555898503337e-09,-1.9397170092361193e-08,-1.0196226973846478e-08,0.08065265417098999,0.21451857686042786,-0.40866145491600037,-0.5165647268295288,9.234941700242416e-09,-6.090100090894168e-10,-3.061668474302337e-09,3.4756242328626286e-09,-0.43129050731658936,-0.5111430287361145,0.40866145491600037,0.5165647268295288,9.234941700242416e-09,-6.090100090894168e-10,3.061668474302337e-09,-3.4756242328626286e-09,-0.43129050731658936,-0.5111430287361145,0.07970987260341644,0.2209627330303192,1.4779152346378055e-09,7.24295790011098e-10,-1.9196881861915926e-09,3.0829634400930672e-09,0.08065257966518402,0.21451856195926666,0.07970988005399704,0.2209627479314804,-1.4779154566824104e-09,-7.242958455222492e-10,1.9196884082361976e-09,-3.0829634400930672e-09,0.08065257966518402,0.21451856195926666,0.41738206148147583,-0.3187876343727112,3.2805107963440605e-08,2.7381841238849347e-09,-1.1215846740242341e-07,4.562608424407699e-08,0.4162895679473877,-0.3292248547077179,-0.41738206148147583,0.3187876343727112,-3.2805111516154284e-08,-2.7381843459295396e-09,-1.1215846740242341e-07,4.562608424407699e-08,0.4162895679473877,-0.3292248547077179,0.4430778920650482,0.08954091370105743,0.45643189549446106,0.0859128087759018
450.751220703125,48.6934928894043,50.25392150878906,2680.679443359375,-0.06944332271814346,0.3979322016239166,1.3321964864587699e-08,-3.3888372996671023e-08,-1.3869407666788902e-07,1.8322444006457772e-08,-0.04967151954770088,0.3286665081977844,-0.06944332271814346,0.39793217182159424,1.3321965752766118e-08,-3.3888372996671023e-08,-1.3869407666788902e-07,1.8322444006457772e-08,-0.04967151954770088,0.3286665081977844,-0.07910479605197906,-0.1892375946044922,-9.855142479864298e-09,-3.871118536835638e-08,-1.1394489263238938e-07,1.1734675098296066e-07,-0.4140307903289795,-0.20347930490970612,0.07910479605197906,0.1892375946044922,-9.855142479864298e-09,-3.871118536835638e-08,1.1394489263238938e-07,-1.1734675098296066e-07,-0.4140307903289795,-0.20347930490970612,-0.06944291293621063,0.39793142676353455,-2.9781050514543495e-08,2.2721970971417704e-09,8.422213682024449e-08,8.357766034805536e-08,-0.04967166855931282,0.32866647839546204,-0.06944291293621063,0.39793145656585693,2.9781052290900334e-08,-2.2721975412309803e-09,-8.422213682024449e-08,-8.357766034805536e-08,-0.04967166855931282,0.32866647839546204,0.16052499413490295,-0.16435831785202026,-8.402587070577283e-08,5.8806431724178765e-08,-1.0718886755967105e-07,4.3717750486393925e-07,0.26383858919143677,-0.4071219265460968,-0.16052500903606415,0.16435833275318146,8.402587070577283e-08,-5.880643882960612e-08,-1.0718886755967105e-07,4.3717750486393925e-07,0.26383858919143677,-0.4071219265460968,0.043472569435834885,0.20716072618961334,0.21956148743629456,0.13055320084095
733.0076293945312,61.43086624145508,44.087989807128906,2915.3857421875,0.3178023099899292,0.13545934855937958,-2.368527844964774e-07,1.0870154909525809e-07,-7.568237947452872e-07,3.9964234588296677e-07,0.18258945643901825,0.0036859563551843166,0.3178022801876068,0.13545933365821838,-2.3685275607476797e-07,1.0870154198983073e-07,-7.568237379018683e-07,3.9964234588296677e-07,0.18258945643901825,0.0036859563551843166,-0.10662243515253067,-0.63553386926651,-2.741103521941568e-08,6.095952898022006e-08,-2.0289755298108503e-07,-1.489200371906918e-07,-0.8284240961074829,-0.3100667893886566,0.10662242025136948,0.6355338096618652,-2.741103344305884e-08,6.09595218747927e-08,2.0289755298108503e-07,1.489200371906918e-07,-0.8284240961074829,-0.3100667893886566,0.31780093908309937,0.13545826077461243,1.9227283587497368e-07,-3.5510183682418983e-10,3.1242012710208655e-07,-6.24763913492643e-07,0.18258976936340332,0.0036859670653939247,0.31780099868774414,0.13545827567577362,-1.9227287850753783e-07,3.5510186457976545e-10,-3.1242012710208655e-07,6.247639703360619e-07,0.18258976936340332,0.0036859670653939247,0.028444349765777588,-0.6105878353118896,-7.79311690735085e-08,-4.5072479082364225e-08,-6.725857701894711e-07,1.5793727925483836e-07,-0.057662904262542725,-0.7422173619270325,-0.028444349765777588,0.6105878353118896,7.793118328436321e-08,4.507248618779158e-08,-6.725857701894711e-07,1.5793727925483836e-07,-0.057662904262542725,-0.7422173619270325,0.4235636591911316,0.1628454625606537,0.7837157845497131,0.04413712024688721
1887.678466796875,69.98651885986328,22.61166000366211,257.79681396484375,0.6338781714439392,-0.04468826577067375,1.2956220984960964e-08,8.954299524077669e-09,8.159602657542564e-06,-8.822838026389945e-06,0.2994827628135681,-0.1820427030324936,0.6338782906532288,-0.04468827322125435,1.2956223649496224e-08,8.954302188612928e-09,8.159602657542564e-06,-8.822838026389945e-06,0.2994827628135681,-0.1820427030324936,-0.05622219294309616,-0.5273565053939819,-1.5175977141623775e-09,2.086823336355792e-08,9.393443178851157e-06,-2.1080752503621625e-06,-0.8522989749908447,-0.17963746190071106,0.05622220039367676,0.5273565649986267,-1.5175979362069825e-09,2.08682369162716e-08,-9.393442269356456e-06,2.1080752503621625e-06,-0.8522989749908447,-0.17963746190071106,0.6338805556297302,-0.04468860849738121,-7.609727292745561e-10,-1.1058652660267398e-08,1.5627050743205473e-05,-8.632815479359124e-06,0.29948216676712036,-0.18204279243946075,0.6338804960250854,-0.04468860477209091,7.609728402968585e-10,1.1058653548445818e-08,-1.5627050743205473e-05,8.632814569864422e-06,0.29948216676712036,-0.18204279243946075,-0.3472611904144287,-0.48646700382232666,-6.081966485993462e-09,1.927325854467199e-08,1.0452717106090859e-05,-2.1566540453932248e-05,-0.3306617736816406,-0.6077982783317566,0.3472612202167511,0.48646706342697144,6.081966930082672e-09,-1.927326032102883e-08,1.0452717106090859e-05,-2.1566540453932248e-05,-0.3306617736816406,-0.6077982783317566,0.28126585483551025,0.4037986099720001,0.7586831450462341,0.12282947450876236
1556.9747314453125,65.60382080078125,29.86652374267578,3205.70751953125,0.49076297879219055,-0.047075822949409485,3.017644871761149e-07,-2.5818678750511026e-07,4.2172308667431935e-07,-1.476712441217387e-07,0.22350750863552094,-0.12895362079143524,0.49076300859451294,-0.04707582667469978,3.0176451559782436e-07,-2.581868159268197e-07,4.2172317193944764e-07,-1.4767127254344814e-07,0.22350750863552094,-0.12895362079143524,-0.25099337100982666,-0.5806608200073242,1.85983424216829e-07,-2.0408364775903465e-07,2.3495867651490698e-07,-8.306161447535487e-08,-0.8773972988128662,-0.20218224823474884,0.25099337100982666,0.5806608200073242,1.85983424216829e-07,-2.0408364775903465e-07,-2.349586907257617e-07,8.306162158078223e-08,-0.8773972988128662,-0.20218224823474884,0.49076348543167114,-0.04707842320203781,-3.544726894233463e-07,-2.442360198529059e-07,2.867977627829532e-06,-3.4572356071294053e-06,0.22350667417049408,-0.1289536952972412,0.49076348543167114,-0.04707842692732811,3.544726894233463e-07,2.442360198529059e-07,-2.867977627829532e-06,3.457236061876756e-06,0.22350667417049408,-0.1289536952972412,-0.35655856132507324,-0.4862029552459717,-6.902105269546155e-07,-1.3736303117184434e-07,1.738109290272405e-06,-5.895761660212884e-06,-0.4487576484680176,-0.6150847673416138,0.35655856132507324,0.4862029552459717,6.902105269546155e-07,1.3736303117184434e-07,1.7381095176460803e-06,-5.8957625697075855e-06,-0.4487576484680176,-0.6150847673416138,0.4001646637916565,0.24473997950553894,0.810703694820404,0.07323374599218369
1587.738037109375,62.11638259887695,77.33610534667969,218.81121826171875,0.20329277217388153,0.0225924551486969,2.8076870606241755e-08,6.817273856540851e-08,3.986357114627026e-05,7.062792519718641e-06,0.26906585693359375,-0.026480207219719887,0.20329277217388153,0.0225924551486969,2.8076870606241755e-08,6.817274567083587e-08,3.986357114627026e-05,7.062792519718641e-06,0.26906585693359375,-0.026480207219719887,-0.37122833728790283,-0.6838154792785645,4.886173599061294e-08,8.38290059590463e-09,1.5128121958696283e-05,7.286417712748516e-06,-0.8500509858131409,-0.23190736770629883,0.3712283670902252,0.6838155388832092,4.886173599061294e-08,8.38290059590463e-09,-1.5128123777685687e-05,-7.286418622243218e-06,-0.8500509858131409,-0.23190736770629883,0.20329387485980988,0.022589538246393204,-3.399094339329167e-08,1.1773400032666359e-08,4.92151448270306e-05,2.9020640795351937e-05,0.2690661549568176,-0.0264801774173975,0.20329388976097107,0.022589540109038353,3.399094339329167e-08,-1.177339914448794e-08,-4.921515210298821e-05,-2.902064261434134e-05,0.2690661549568176,-0.0264801774173975,-0.17405655980110168,-0.7447564005851746,1.945380603274316e-07,-1.228171981892956e-07,0.00012421657447703183,1.1209765943931416e-05,0.06980368494987488,-0.714891254901886,0.17405655980110168,0.7447564005851746,-1.9453804611657688e-07,1.2281718397844088e-07,0.00012421657447703183,1.1209765943931416e-05,0.06980368494987488,-0.714891254901886,0.6054141521453857,0.041838373988866806,0.7763676643371582,0.07309763878583908
1242.0732421875,26.97592544555664,36.31546401977539,1432.68603515625,0.31308507919311523,-0.05427660420536995,5.915701422054553e-07,3.699623505326599e-07,-1.7440311239624862e-07,7.616815196342941e-07,0.2648068368434906,-0.05455737188458443,0.31308507919311523,-0.05427660048007965,5.915701422054553e-07,3.699623505326599e-07,-1.744030981853939e-07,7.616814059474564e-07,0.2648068368434906,-0.05455737188458443,-0.6731300354003906,-0.4399217665195465,3.0828587682663056e-07,-4.2750137652092235e-08,-2.2147522926729835e-08,4.2702649238890444e-07,-0.7553608417510986,-0.37498366832733154,0.6731299757957458,0.4399217367172241,3.0828587682663056e-07,-4.2750137652092235e-08,2.2147522926729835e-08,-4.2702649238890444e-07,-0.7553608417510986,-0.37498366832733154,0.3130840063095093,-0.054276224225759506,-3.910991495104099e-07,-7.074257837302866e-07,-3.9815785157770733e-07,3.7436674205082454e-08,0.2648063898086548,-0.05455796793103218,0.3130840063095093,-0.054276224225759506,3.910991495104099e-07,7.074257268868678e-07,3.9815785157770733e-07,-3.7436674205082454e-08,0.2648063898086548,-0.05455796793103218,-0.25892186164855957,-0.6818872094154358,-6.65374614072789e-07,-2.8061518264621554e-07,-5.675948955286003e-07,2.1697222507555125e-07,-0.3034430146217346,-0.683422327041626,0.2589218318462372,0.681887149810791,6.65374614072789e-07,2.8061518264621554e-07,-5.675948386851815e-07,2.1697219665384182e-07,-0.3034430146217346,-0.683422327041626,0.6515238881111145,0.119261734187603,0.7182075381278992,0.08934342116117477
789.8531494140625,22.717041015625,65.73866271972656,348.45794677734375,0.1366717368364334,0.043257422745227814,2.8504537397111562e-08,4.172289536086282e-08,-2.8286471831506788e-08,-8.630634056316921e-07,0.2030821591615677,0.22286738455295563,0.1366717368364334,0.043257422745227814,2.8504539173468402e-08,4.17228989135765e-08,-2.8286471831506788e-08,-8.63063462475111e-07,0.2030821591615677,0.22286738455295563,-0.5920106172561646,-0.5571390390396118,2.1912645031818556e-09,2.8992500844537972e-08,3.9138363661095354e-08,-4.350757478732703e-07,-0.6387430429458618,-0.4491560757160187,0.5920105576515198,0.557138979434967,2.1912645031818556e-09,2.8992500844537972e-08,-3.9138360108381676e-08,4.3507571945156087e-07,-0.6387430429458618,-0.4491560757160187,0.13667184114456177,0.04325733333826065,1.091905090788714e-07,-1.1562931945263699e-07,7.053930062284053e-08,-7.923055136416224e-07,0.2030821442604065,0.2228669971227646,0.13667184114456177,0.04325733333826065,-1.091905090788714e-07,1.1562931945263699e-07,-7.053929351741317e-08,7.923053431113658e-07,0.2030821442604065,0.2228669971227646,0.1969064474105835,-0.7715834379196167,2.400021230641869e-07,-3.881332020228001e-07,-2.720935071920394e-06,-3.186611138517037e-06,0.44181767106056213,-0.20681427419185638,-0.1969064474105835,0.7715834379196167,-2.400021230641869e-07,3.881332020228001e-07,-2.720935071920394e-06,-3.186611138517037e-06,0.44181767106056213,-0.20681427419185638,0.660880446434021,0.02055036835372448,0.6097338795661926,0.09091223776340485
1335.3477783203125,63.73670959472656,72.76765441894531,527.681884765625,0.19736754894256592,0.016988681629300117,-1.6515741663170047e-07,-7.636531762500454e-08,1.4078223387059552e-07,-3.355200703936134e-07,0.18257540464401245,-0.02750355564057827,0.19736751914024353,0.01698867790400982,-1.6515740242084576e-07,-7.636531051957718e-08,1.4078224808145023e-07,-3.3552009881532285e-07,0.18257540464401245,-0.02750355564057827,-0.32296788692474365,-0.6971426606178284,-4.657399443885879e-08,-3.6089719657184105e-08,1.308008705791508e-07,-2.433504846521828e-07,-0.8900173902511597,-0.21840979158878326,0.32296791672706604,0.6971427202224731,-4.657399088614511e-08,-3.6089716104470426e-08,-1.308008847900055e-07,2.433505130738922e-07,-0.8900173902511597,-0.21840979158878326,0.19736674427986145,0.01698688045144081,8.276536078710706e-08,1.0444739295678573e-08,6.655241691078118e-07,-1.590395299899683e-07,0.18257585167884827,-0.027503613382577896,0.19736677408218384,0.01698688231408596,-8.276536078710706e-08,-1.0444739295678573e-08,-6.655242259512306e-07,1.590395299899683e-07,0.18257585167884827,-0.027503613382577896,-0.17367470264434814,-0.7493507266044617,3.076730763496016e-07,1.790408390434095e-07,-8.943929401539208e-07,-2.4455089260300156e-06,-0.04171401262283325,-0.7698637247085571,0.17367471754550934,0.7493507862091064,-3.0767310477131105e-07,-1.7904085325426422e-07,-8.943929401539208e-07,-2.4455089260300156e-06,-0.04171401262283325,-0.7698637247085571,0.590316116809845,0.039242565631866455,0.8398337960243225,0.03409022465348244
453.0442199707031,54.613285064697266,62.8321533203125,1329.7371826171875,-0.0945148691534996,0.3332991898059845,-1.1399135857459441e-08,-6.599128710149671e-08,-1.0055087784621719e-07,1.9557423058813583e-07,-0.07406875491142273,0.25219640135765076,-0.0945148766040802,0.3332992196083069,-1.1399135857459441e-08,-6.599128710149671e-08,-1.0055088495164455e-07,1.9557424479899055e-07,-0.07406875491142273,0.25219640135765076,-0.018510183319449425,-0.18617309629917145,2.5196289499263003e-08,2.1717339038218597e-08,-2.5031025074895297e-07,4.725412061645784e-09,-0.4642220735549927,-0.19995489716529846,0.018510179594159126,0.18617306649684906,2.5196289499263003e-08,2.1717339038218597e-08,2.503101939055341e-07,-4.725411173467364e-09,-0.4642220735549927,-0.19995489716529846,-0.09451529383659363,0.3332993984222412,-1.2227010515175607e-08,-2.982197599976644e-08,4.1118431681752554e-07,1.1615684059052e-07,-0.07406909763813019,0.2521968185901642,-0.09451526403427124,0.33329930901527405,1.2227011403354027e-08,2.982197599976644e-08,-4.111842031306878e-07,-1.1615680506338322e-07,-0.07406909763813019,0.2521968185901642,0.15185031294822693,-0.08950886130332947,1.9662262218389515e-07,-7.3267867328752345e-09,-1.803438607339558e-07,-3.9183552758004225e-07,0.33005017042160034,-0.3983360826969147,-0.15185032784938812,0.08950886875391006,-1.9662262218389515e-07,7.3267867328752345e-09,-1.8034388915566524e-07,-3.918355560017517e-07,0.33005017042160034,-0.3983360826969147,0.03621550276875496,0.17081056535243988,0.26076820492744446,0.09122468531131744
621.947021484375,13.937735557556152,34.066009521484375,531.1031494140625,0.33228936791419983,0.22180669009685516,4.42337046990815e-08,4.807410913798549e-09,-1.5526900654094788e-07,-8.068779777659074e-08,0.2930712103843689,0.2139700949192047,0.33228933811187744,0.22180669009685516,4.423369759365414e-08,4.807410469709339e-09,-1.5526900654094788e-07,-8.068779067116338e-08,0.2930712103843689,0.2139700949192047,-0.38943469524383545,-0.4859757125377655,2.7546471770278913e-08,5.127561042428397e-09,-1.063407637502678e-07,-3.815804205942186e-08,-0.440236896276474,-0.48030170798301697,0.38943469524383545,0.4859757125377655,2.7546469993922074e-08,5.127560598339187e-09,1.063407637502678e-07,3.815804205942186e-08,-0.440236896276474,-0.48030170798301697,0.33229005336761475,0.2218068540096283,-8.81026451793332e-08,1.936839311156291e-08,-9.692161739849325e-08,1.7553690057070526e-08,0.29307183623313904,0.21396958827972412,0.33229005336761475,0.2218068540096283,8.810263807390584e-08,-1.936839311156291e-08,9.692161739849325e-08,-1.7553690057070526e-08,0.29307183623313904,0.21396958827972412,0.20915111899375916,-0.5409302115440369,-1.4113705049112468e-07,2.6844249045865354e-09,-1.435854954934257e-07,1.999141119313208e-07,0.13610497117042542,-0.5425848364830017,-0.20915111899375916,0.5409302115440369,1.4113705049112468e-07,-2.6844249045865354e-09,-1.435854954934257e-07,1.999141119313208e-07,0.13610497117042542,-0.5425848364830017,0.38783180713653564,0.17313581705093384,0.4244982898235321,0.1436828374862671
787.5760498046875,66.4655990600586,98.25313568115234,775.187744140625,0.14511044323444366,0.01803361438214779,-3.034088535969204e-08,-1.43957819886964e-07,-5.223319021752104e-07,1.3686307909210882e-07,0.057939235121011734,0.060254838317632675,0.14511048793792725,0.018033619970083237,-3.034088891240572e-08,-1.439578340978187e-07,-5.223319021752104e-07,1.3686307909210882e-07,0.057939235121011734,0.060254838317632675,-0.019029106944799423,-0.6817152500152588,-3.331381748239437e-08,-1.0549131346238028e-08,-4.0893763753047097e-07,2.656726616478977e-09,-0.884587824344635,-0.24779774248600006,0.019029108807444572,0.6817153096199036,-3.331382103510805e-08,-1.0549133122594867e-08,4.0893763753047097e-07,-2.656726616478977e-09,-0.884587824344635,-0.24779774248600006,0.1451098620891571,0.018032269552350044,1.29100186541109e-07,5.995463681074398e-08,-6.064149715712119e-07,-1.5082173376868013e-07,0.05793892964720726,0.06025458127260208,0.1451098471879959,0.018032267689704895,-1.2910017233025428e-07,-5.995462970531662e-08,6.064149715712119e-07,1.5082173376868013e-07,0.05793892964720726,0.06025458127260208,0.22273162007331848,-0.32633793354034424,3.7289578358468134e-07,3.8068762364673603e-07,-2.186280426030862e-06,-6.001553742862598e-07,0.07486650347709656,-0.48828408122062683,-0.22273162007331848,0.32633793354034424,-3.728957551629719e-07,-3.806875952250266e-07,-2.1862806534045376e-06,-6.001554311296786e-07,0.07486650347709656,-0.48828408122062683,0.4650977849960327,0.021382253617048264,0.8438993692398071,0.006987601052969694
1704.7503662109375,51.91054916381836,36.740020751953125,217.52000427246094,0.4318453073501587,-0.08034542202949524,1.491397938480077e-08,-1.242088529807006e-07,4.121043730265228e-06,1.746447742334567e-05,0.36456575989723206,-0.13380107283592224,0.4318453073501587,-0.08034541457891464,1.491397938480077e-08,-1.242088529807006e-07,4.121043730265228e-06,1.746447742334567e-05,0.36456575989723206,-0.13380107283592224,-0.4716271460056305,-0.534389078617096,1.2369995694427871e-08,-7.338517349353424e-08,1.3748001492785988e-06,1.2383552530081943e-05,-0.7660163640975952,-0.2843725383281708,0.47162720561027527,0.5343891382217407,1.2369995694427871e-08,-7.338517349353424e-08,-1.3748001492785988e-06,-1.2383553439576644e-05,-0.7660163640975952,-0.2843725383281708,0.4318470358848572,-0.08034773916006088,-6.533475271908173e-08,6.430151699987618e-08,2.2155086298880633e-06,2.480291368556209e-05,0.36456534266471863,-0.13380126655101776,0.43184706568717957,-0.08034773916006088,6.533474561365438e-08,-6.430150989444883e-08,-2.2155086298880633e-06,-2.4802915504551493e-05,0.36456534266471863,-0.13380126655101776,-0.2969134747982025,-0.6268084645271301,-1.3235474227712984e-07,1.3816544708333822e-07,1.0702611689339392e-05,3.5185697925044224e-05,-0.23215848207473755,-0.6515946984291077,0.2969134449958801,0.6268084049224854,1.3235474227712984e-07,-1.381654328724835e-07,1.0702611689339392e-05,3.5185697925044224e-05,-0.23215848207473755,-0.6515946984291077,0.508003830909729,0.19294576346874237,0.6676487922668457,0.15081091225147247
1669.0570068359375,54.079742431640625,92.9000244140625,219.26022338867188,0.15969881415367126,0.013805367052555084,7.443273375429271e-08,3.959230454597673e-08,-1.721521039144136e-05,-3.6378324352881464e-07,0.3083646595478058,0.0232967771589756,0.15969881415367126,0.013805367052555084,7.443273375429271e-08,3.959230099326305e-08,-1.7215212210430764e-05,-3.637833003722335e-07,0.3083646595478058,0.0232967771589756,-0.5165774822235107,-0.624091386795044,1.8038889493254828e-08,-1.719189235416252e-08,-2.7597081952990266e-06,1.114221231546253e-05,-0.7985410094261169,-0.2779865264892578,0.516577422618866,0.6240913271903992,1.8038889493254828e-08,-1.719189235416252e-08,2.7597077405516757e-06,-1.1142210496473126e-05,-0.7985410094261169,-0.2779865264892578,0.15970022976398468,0.013805856928229332,-5.093133026434771e-09,-2.177523050761465e-08,-1.6599045920884237e-05,1.547170541016385e-05,0.30836430191993713,0.02329685352742672,0.1597002148628235,0.013805855065584183,5.093132582345561e-09,2.177523050761465e-08,1.6599044101894833e-05,-1.5471703591174446e-05,0.30836430191993713,0.02329685352742672,-0.15755979716777802,-0.7596339583396912,-4.8681584985388326e-08,-3.776397647925478e-07,-9.924647747538984e-05,3.1235001642926363e-06,0.22028683125972748,-0.6449471116065979,0.15755979716777802,0.7596339583396912,4.868158143267465e-08,3.7763973637083836e-07,-9.924648475134745e-05,3.1235003916663118e-06,0.22028683125972748,-0.6449471116065979,0.6563423871994019,0.02569429948925972,0.7149442434310913,0.09563150256872177
845.2039794921875,13.062828063964844,28.179668426513672,1865.327392578125,0.31198403239250183,-0.002605096437036991,1.5144012266432583e-08,-1.6059308549642992e-08,-3.9174974375555394e-08,-1.9201799261736596e-08,0.3007146120071411,-0.006144286133348942,0.3119840621948242,-0.002605096437036991,1.5144012266432583e-08,-1.6059308549642992e-08,-3.9174974375555394e-08,-1.9201801038093436e-08,0.3007146120071411,-0.006144286133348942,-0.6465950608253479,-0.4695761203765869,-1.1372861763447872e-08,-3.615149291036346e-09,-4.731351310738319e-08,-1.9623564995185916e-08,-0.6698508858680725,-0.4542595148086548,0.6465950608253479,0.4695761203765869,-1.1372861763447872e-08,-3.615149291036346e-09,4.731351310738319e-08,1.9623564995185916e-08,-0.6698508858680725,-0.4542595148086548,0.3119843304157257,-0.002604530658572912,5.4372158331261744e-08,2.541817423207249e-09,1.931175930280915e-08,9.837495262843277e-09,0.3007143437862396,-0.006144354585558176,0.3119843304157257,-0.002604530658572912,-5.4372154778548065e-08,-2.541817423207249e-09,-1.931175930280915e-08,-9.837495262843277e-09,0.3007143437862396,-0.006144354585558176,-0.12504565715789795,-0.7032192349433899,6.753527515002133e-08,9.467827633002912e-10,1.0493226731966843e-08,-1.2633451262900053e-07,-0.13615623116493225,-0.7042022347450256,0.12504565715789795,0.7032192349433899,-6.753526804459398e-08,-9.467827633002912e-10,1.0493226731966843e-08,-1.2633451262900053e-07,-0.13615623116493225,-0.7042022347450256,0.6416581273078918,0.11307033896446228,0.6583823561668396,0.10592388361692429
1171.134033203125,45.0414924621582,50.37805938720703,505.98895263671875,0.22093316912651062,-0.022612132132053375,-2.7143750003233436e-07,-9.789228272438777e-08,1.0795178440048403e-07,-4.5001783632869774e-07,0.24180525541305542,-0.027011966332793236,0.22093318402767181,-0.022612133994698524,-2.7143750003233436e-07,-9.789227561896041e-08,1.0795178440048403e-07,-4.5001783632869774e-07,0.24180525541305542,-0.027011966332793236,-0.602239191532135,-0.5484786629676819,-1.2219150846703997e-07,-3.0154392760550763e-08,2.869842852248894e-08,1.054065776884272e-07,-0.8106213212013245,-0.3184319734573364,0.6022392511367798,0.5484787225723267,-1.2219150846703997e-07,-3.0154392760550763e-08,-2.8698432075202618e-08,-1.0540658479385456e-07,-0.8106213212013245,-0.3184319734573364,0.22093191742897034,-0.02261241339147091,6.992532775029758e-08,3.987694086049487e-08,-7.555658498858975e-07,1.1861694559911484e-07,0.24180546402931213,-0.027011748403310776,0.22093191742897034,-0.02261241339147091,-6.992532064487023e-08,-3.987694086049487e-08,7.555658498858975e-07,-1.186169527045422e-07,0.24180546402931213,-0.027011748403310776,-0.22721236944198608,-0.7614168524742126,2.0759688368343632e-07,2.177479814235994e-07,-2.0559473341563717e-06,-1.9981180230388418e-06,-0.07237637042999268,-0.751248300075531,0.2272123545408249,0.7614167928695679,-2.075968694725816e-07,-2.177479672127447e-07,-2.0559473341563717e-06,-1.9981180230388418e-06,-0.07237637042999268,-0.751248300075531,0.663520872592926,0.04932277277112007,0.7585058212280273,0.05919942632317543
1711.6485595703125,22.730314254760742,81.75875091552734,375.62445068359375,0.1952640414237976,-0.025829829275608063,6.506259975225248e-09,9.487443719535804e-09,5.726841209252598e-06,-9.067749488167465e-06,0.36959829926490784,0.045177098363637924,0.1952640414237976,-0.025829829275608063,6.506259975225248e-09,9.487443719535804e-09,5.726840754505247e-06,-9.067749488167465e-06,0.36959829926490784,0.045177098363637924,-0.7136614918708801,-0.4652303457260132,1.649091707633943e-08,-1.2596124143726684e-08,2.9478082979039755e-06,-1.3871283499611309e-06,-0.6787448525428772,-0.38532888889312744,0.7136614918708801,0.4652303457260132,1.649091707633943e-08,-1.2596124143726684e-08,-2.9478082979039755e-06,1.3871283499611309e-06,-0.6787448525428772,-0.38532888889312744,0.19526435434818268,-0.025828886777162552,2.1793988835838718e-08,2.9533490319977318e-08,5.6217950259451754e-06,-5.186671842238866e-06,0.3695980906486511,0.04517732560634613,0.19526435434818268,-0.0258288886398077,-2.1793988835838718e-08,-2.9533490319977318e-08,-5.6217950259451754e-06,5.186671842238866e-06,0.3695980906486511,0.04517732560634613,-0.23585592210292816,-0.7807826995849609,1.7200473223510926e-07,1.1767363616854709e-07,7.552430929536058e-07,-3.1178948120214045e-05,0.17970237135887146,-0.6410309672355652,0.23585590720176697,0.7807826399803162,-1.7200473223510926e-07,-1.1767363616854709e-07,7.552430929536058e-07,-3.1178948120214045e-05,0.17970237135887146,-0.6410309672355652,0.7257519364356995,0.03879522532224655,0.6091728806495667,0.13864386081695557
1995.3065185546875,62.34748077392578,43.65677261352539,529.9058837890625,0.5028660893440247,-0.05807806923985481,8.771075954427943e-08,-8.36238740475892e-08,-5.314511781762121e-07,1.275439217351959e-06,0.3222561180591583,-0.1390015333890915,0.5028660297393799,-0.058078061789274216,8.771075954427943e-08,-8.36238740475892e-08,-5.314511781762121e-07,1.2754391036651214e-06,0.3222561180591583,-0.1390015333890915,-0.27510133385658264,-0.579016923904419,4.378631501822383e-08,-4.328159519673136e-08,1.5949345311128127e-07,7.762150744383689e-07,-0.8193559646606445,-0.22974629700183868,0.27510130405426025,0.5790168642997742,4.378631501822383e-08,-4.328159519673136e-08,-1.5949343890042655e-07,-7.762149607515312e-07,-0.8193559646606445,-0.22974629700183868,0.5028643012046814,-0.05807916447520256,-1.0581564424683165e-07,1.335057220330782e-08,-5.811476739836507e-07,6.456031087509473e-07,0.3222562074661255,-0.1390012949705124,0.5028643012046814,-0.05807916447520256,1.0581565135225901e-07,-1.335057309148624e-08,5.811476171402319e-07,-6.456031087509473e-07,0.3222562074661255,-0.1390012949705124,-0.3054443597793579,-0.5873929858207703,-1.821557873427082e-07,2.4474905657712043e-08,-2.3572156351292506e-06,2.6725938369054347e-06,-0.265653520822525,-0.6382997632026672,0.3054443597793579,0.5873929858207703,1.8215580155356292e-07,-2.4474907434068882e-08,-2.3572156351292506e-06,2.6725938369054347e-06,-0.265653520822525,-0.6382997632026672,0.41094133257865906,0.2562474012374878,0.7241275906562805,0.12317042052745819
1517.5057373046875,28.70207977294922,93.60171508789062,268.252685546875,0.12224443256855011,-0.00045474545913748443,-7.36790939370735e-09,-8.228868608739504e-08,-1.0519014722376596e-05,-2.134655687768827e-06,0.3169112801551819,0.09950235486030579,0.12224442511796951,-0.000454745430033654,-7.36790939370735e-09,-8.228867898196768e-08,-1.0519014722376596e-05,-2.134655687768827e-06,0.3169112801551819,0.09950235486030579,-0.7140734791755676,-0.4854338765144348,-3.083852817553634e-08,-4.420329346999097e-08,-1.901248651847709e-06,6.683949777652742e-06,-0.7092728018760681,-0.3729388117790222,0.7140734195709229,0.4854338467121124,-3.083852817553634e-08,-4.420329346999097e-08,1.9012484244740335e-06,-6.6839493229053915e-06,-0.7092728018760681,-0.3729388117790222,0.12224461883306503,-0.0004541953676380217,8.335445045304368e-08,8.222804126489791e-08,-1.2775109098583926e-05,5.5234399951586965e-06,0.3169117867946625,0.0995023176074028,0.12224459648132324,-0.0004541953094303608,-8.335444334761632e-08,-8.22280270540432e-08,1.2775109098583926e-05,-5.523439540411346e-06,0.3169117867946625,0.0995023176074028,-0.18692749738693237,-0.7974942326545715,-1.9425774766546056e-08,1.0558949981032129e-07,-4.380277096061036e-05,-2.0814653908018954e-05,0.36770567297935486,-0.5483388304710388,0.18692748248577118,0.7974941730499268,1.9425772990189216e-08,-1.0558949270489393e-07,-4.380277096061036e-05,-2.0814653908018954e-05,0.36770567297935486,-0.5483388304710388,0.7455469965934753,0.014943908900022507,0.6421512961387634,0.11033347249031067
1308.07421875,48.625938415527344,32.47373962402344,276.2123718261719,0.34899991750717163,-0.06751368194818497,9.532200095918597e-08,-7.928796463829713e-08,-2.09966356123914e-06,2.3705204910129396e-07,0.2962512969970703,-0.1051761656999588,0.3489999771118164,-0.06751368194818497,9.532200095918597e-08,-7.928797174372448e-08,-2.09966356123914e-06,2.3705206331214868e-07,0.2962512969970703,-0.1051761656999588,-0.5430471897125244,-0.5378292202949524,6.189671353240556e-08,-3.7319175305583485e-08,-1.1383666560504935e-06,-2.9332457529562816e-07,-0.7961935997009277,-0.3001863956451416,0.5430470705032349,0.5378291010856628,6.189671353240556e-08,-3.7319175305583485e-08,1.138366428676818e-06,2.933245184522093e-07,-0.7961935997009277,-0.3001863956451416,0.3490021526813507,-0.06751460582017899,-1.1253721510229298e-08,1.936143512182298e-08,-2.1337918951758184e-06,-5.493853336702159e-07,0.2962520122528076,-0.10517586767673492,0.34900206327438354,-0.0675145834684372,1.1253721510229298e-08,-1.936143512182298e-08,2.1337914404284675e-06,5.493852199833782e-07,0.2962520122528076,-0.10517586767673492,-0.3180435299873352,-0.6680811047554016,1.7338400937205733e-08,5.0485347458106844e-08,-3.5560303786041914e-06,1.9239319044572767e-06,-0.27998197078704834,-0.6938751935958862,0.3180435299873352,0.6680811047554016,-1.7338400937205733e-08,-5.0485347458106844e-08,-3.5560303786041914e-06,1.9239319044572767e-06,-0.27998197078704834,-0.6938751935958862,0.5841605067253113,0.12635904550552368,0.7240360975265503,0.09882685542106628
1736.3890380859375,41.216766357421875,26.40913963317871,2619.655517578125,0.5020290613174438,-0.1290712207555771,4.7845905015719836e-08,-5.514350505109178e-07,4.371077295672876e-07,-2.2603055072067946e-07,0.37229785323143005,-0.15844054520130157,0.5020290613174438,-0.1290712058544159,4.7845908568433515e-08,-5.514351073543367e-07,4.371077295672876e-07,-2.2603053650982474e-07,0.37229785323143005,-0.15844054520130157,-0.5159993767738342,-0.4314255118370056,-1.0082564116942194e-08,-2.7826359882965335e-07,3.8568043692066567e-07,-1.3894880623865902e-07,-0.7273806929588318,-0.31966346502304077,0.5159993767738342,0.4314255118370056,-1.0082564116942194e-08,-2.7826359882965335e-07,-3.8568043692066567e-07,1.3894880623865902e-07,-0.7273806929588318,-0.31966346502304077,0.502030074596405,-0.12907232344150543,3.0014678742418255e-08,9.974289838510231e-08,2.968529031477374e-07,-3.3677028454803803e-07,0.3722975254058838,-0.15844035148620605,0.5020301342010498,-0.12907232344150543,-3.001468584784561e-08,-9.974289838510231e-08,-2.968529031477374e-07,3.3677028454803803e-07,0.3722975254058838,-0.15844035148620605,-0.2879718542098999,-0.5423583388328552,1.0016607632223895e-07,4.4959000411459726e-10,1.3837586720910622e-07,-6.41704389181541e-07,-0.3543170988559723,-0.5850642919540405,0.2879718542098999,0.5423583388328552,-1.0016608342766631e-07,-4.495900318701729e-10,1.3837586720910622e-07,-6.41704389181541e-07,-0.3543170988559723,-0.5850642919540405,0.4622560739517212,0.28597304224967957,0.6378738284111023,0.1765729784965515
728.9581298828125,49.891387939453125,41.963233947753906,2265.927490234375,0.31602218747138977,0.12544895708560944,-9.356283044326119e-06,3.5568318708101287e-06,1.3053928341832943e-05,5.340653501662018e-07,0.22208185493946075,0.02815268561244011,0.31602221727371216,0.12544895708560944,-9.356283044326119e-06,3.5568318708101287e-06,1.3053928341832943e-05,5.34065293322783e-07,0.22208185493946075,0.02815268561244011,-0.30280253291130066,-0.6036002039909363,1.3530381011150894e-06,5.658685950038489e-06,-1.9758457710850053e-05,1.6836061433878058e-07,-0.7455633878707886,-0.3914514482021332,0.30280250310897827,0.6036001443862915,1.3530381011150894e-06,5.658685950038489e-06,1.975845589186065e-05,-1.6836060012792586e-07,-0.7455633878707886,-0.3914514482021332,0.3160017728805542,0.12547922134399414,5.343165412341477e-06,1.5468132914975286e-05,-6.523909542011097e-05,-1.2406274436216336e-05,0.2220776081085205,0.028138402849435806,0.3160017430782318,0.12547922134399414,-5.3431649575941265e-06,-1.5468131095985882e-05,6.523908814415336e-05,1.2406272617226932e-05,0.2220776081085205,0.028138402849435806,0.06887061893939972,-0.6209229230880737,-3.404571543796919e-05,1.7675576600595377e-05,5.167659401195124e-05,8.137848453770857e-06,-0.005843222141265869,-0.7177695035934448,-0.06887061148881912,0.620922863483429,3.404571543796919e-05,-1.7675576600595377e-05,5.167659401195124e-05,8.137848453770857e-06,-0.005843222141265869,-0.7177695035934448,0.46474334597587585,0.1511550098657608,0.7142349481582642,0.06476330012083054
1349.0751953125,23.106037139892578,66.46601867675781,1239.0968017578125,0.24109555780887604,-0.0013889173278585076,2.093862576657557e-07,-2.0875998152369846e-10,-1.6443957306933044e-08,-1.8043974092663007e-09,0.19988031685352325,0.05856334790587425,0.24109555780887604,-0.0013889173278585076,2.0938624345490098e-07,-2.0875998152369846e-10,-1.6443957306933044e-08,-1.8043974092663007e-09,0.19988031685352325,0.05856334790587425,-0.700071394443512,-0.447765052318573,7.516467093182655e-08,1.0691207030788519e-08,-1.498849577785677e-08,1.3898664441569508e-08,-0.7548908591270447,-0.37746256589889526,0.7000713348388672,0.4477650225162506,7.516467093182655e-08,1.0691207030788519e-08,1.498849400149993e-08,-1.3898663553391088e-08,-0.7548908591270447,-0.37746256589889526,0.24109593033790588,-0.0013894566800445318,-2.269421202072408e-07,-6.16780582163301e-08,8.252278149711856e-08,-2.4615599159005797e-07,0.19988001883029938,0.05856303870677948,0.2410959005355835,-0.00138945656362921,2.269421059963861e-07,6.16780582163301e-08,-8.25227743916912e-08,2.461559347466391e-07,0.19988001883029938,0.05856303870677948,-0.0758982002735138,-0.7385901808738708,-5.212017413214198e-07,-3.4249154623466893e-07,2.798129798975424e-07,-2.4257738573396637e-07,-0.15569864213466644,-0.6070325970649719,0.0758982002735138,0.7385901808738708,5.212017413214198e-07,3.4249154623466893e-07,2.798129798975424e-07,-2.4257738573396637e-07,-0.15569864213466644,-0.6070325970649719,0.6905935406684875,0.0766088217496872,0.7123382091522217,0.07955847680568695
579.755615234375,52.064998626708984,96.83023071289062,415.1269836425781,0.06002552807331085,0.09540361166000366,-1.1800803889627787e-08,-5.350591791852821e-08,1.1750098565244116e-06,6.978087867537397e-07,-0.0476338155567646,0.1423635184764862,0.06002552807331085,0.09540361166000366,-1.1800803889627787e-08,-5.350592147124189e-08,1.1750098565244116e-06,6.978087867537397e-07,-0.0476338155567646,0.1423635184764862,-0.017255408689379692,-0.4559853672981262,1.064810639661573e-08,-3.155256678155638e-08,1.9892516434083518e-07,2.3941231219737347e-08,-0.616779625415802,-0.385100394487381,0.017255408689379692,0.4559853672981262,1.064810639661573e-08,-3.155256678155638e-08,-1.9892516434083518e-07,-2.3941231219737347e-08,-0.616779625415802,-0.385100394487381,0.060025885701179504,0.09540370106697083,-4.752229187943158e-08,-1.2042531238876109e-07,1.6863784821907757e-06,1.0778521186693979e-07,-0.047633640468120575,0.14236348867416382,0.0600258894264698,0.09540370851755142,4.7522298984858935e-08,1.204253265996158e-07,-1.6863785958776134e-06,-1.0778521186693979e-07,-0.047633640468120575,0.14236348867416382,0.4343295097351074,-0.09946340322494507,-1.59187990789178e-07,-1.5635454531093274e-07,7.061008545861114e-06,-5.436354058474535e-06,0.18776583671569824,-0.27477315068244934,-0.4343295097351074,0.09946340322494507,1.5918800500003272e-07,1.5635455952178745e-07,7.061008545861114e-06,-5.436354058474535e-06,0.18776583671569824,-0.27477315068244934,0.20822039246559143,0.012704912573099136,0.528719425201416,0.022536352276802063
645.5310668945312,10.553516387939453,40.90396499633789,1708.235595703125,0.2728702425956726,0.2087162435054779,4.418006849249423e-09,-2.492217987537515e-08,-3.021337846575989e-08,-3.092107903057695e-08,0.2680876851081848,0.20194308459758759,0.2728702425956726,0.2087162435054779,4.418006849249423e-09,-2.492217987537515e-08,-3.021337846575989e-08,-3.092107903057695e-08,0.2680876851081848,0.20194308459758759,-0.4305354058742523,-0.5067968368530273,2.360389106392802e-10,-4.906054673625704e-09,-1.357961121328799e-08,-1.5310401835222365e-08,-0.45259109139442444,-0.5014367699623108,0.4305354058742523,0.5067968368530273,2.360389106392802e-10,-4.906054673625704e-09,1.357961121328799e-08,1.5310401835222365e-08,-0.45259109139442444,-0.5014367699623108,0.2728721797466278,0.20871739089488983,3.2193248955536546e-08,2.233458040734604e-08,4.6309578394243545e-09,3.2954979189980804e-08,0.26808688044548035,0.20194242894649506,0.2728721797466278,0.20871739089488983,-3.2193248955536546e-08,-2.233458040734604e-08,-4.630957395335145e-09,-3.2954979189980804e-08,0.26808688044548035,0.20194242894649506,0.232969731092453,-0.5435539484024048,4.923016305724559e-08,8.566811970922572e-08,6.097498328472284e-08,3.358482913995431e-08,0.22405892610549927,-0.5492078065872192,-0.232969731092453,0.5435539484024048,-4.923016305724559e-08,-8.566811970922572e-08,6.097498328472284e-08,3.358482913995431e-08,0.22405892610549927,-0.5492078065872192,0.4470239281654358,0.14003309607505798,0.4610356092453003,0.13470834493637085
786.733154296875,42.90492630004883,74.30513000488281,1074.982421875,0.18949486315250397,0.08273698389530182,0.00016098770720418543,0.00016758008860051632,0.0001416571030858904,7.538886711699888e-05,0.11737541854381561,0.07675094902515411,0.18949487805366516,0.08273699134588242,0.0001609876926522702,0.0001675800740486011,0.00014165711763780564,7.53888743929565e-05,0.11737541854381561,0.07675094902515411,-0.4489164650440216,-0.602084219455719,3.8013720768503845e-05,2.623265936563257e-05,0.00012802888522855937,3.669011130114086e-05,-0.7449566125869751,-0.40979495644569397,0.44891640543937683,0.6020841598510742,3.801371713052504e-05,2.6232657546643168e-05,-0.00012802887067664415,-3.669010766316205e-05,-0.7449566125869751,-0.40979495644569397,0.18934665620326996,0.08266033977270126,0.00047410555998794734,4.689340858021751e-05,0.00045280871563591063,9.155818406725302e-05,0.11788992583751678,0.07664060592651367,0.18934662640094757,0.08266033232212067,-0.0004741055308841169,-4.6893401304259896e-05,-0.0004528086865320802,-9.155817679129541e-05,0.11788992583751678,0.07664060592651367,0.2203255295753479,-0.6072027683258057,0.0015270657604560256,0.0005421634996309876,0.0007178530213423073,0.0001633208739804104,0.16717380285263062,-0.6062257885932922,-0.2203255295753479,0.6072027683258057,-0.0015270656440407038,-0.0005421634414233267,0.0007178530795499682,0.00016332088853232563,0.16717380285263062,-0.6062257885932922,0.5789883732795715,0.0628037229180336,0.7398360371589661,0.03724601864814758
1561.9783935546875,11.319284439086914,49.971717834472656,316.56671142578125,0.2718450129032135,-0.06849037110805511,6.157074494694825e-08,9.195943562190223e-09,1.1362621989974286e-06,2.0137815681664506e-06,0.4069976508617401,-0.027111219242215157,0.2718450129032135,-0.06849037855863571,6.157075205237561e-08,9.195943562190223e-09,1.136262085310591e-06,2.013781795540126e-06,0.4069976508617401,-0.027111219242215157,-0.715048611164093,-0.4297553300857544,3.960068539754502e-08,3.6384983914672375e-09,1.3216912293501082e-06,7.921473184069328e-07,-0.6577972769737244,-0.39326977729797363,0.7150485515594482,0.429755300283432,3.960068539754502e-08,3.6384983914672375e-09,-1.3216912293501082e-06,-7.921473184069328e-07,-0.6577972769737244,-0.39326977729797363,0.27184614539146423,-0.06848971545696259,-6.041896227770849e-08,-1.849177699853044e-08,1.5451689705514582e-06,1.8945265765069053e-06,0.4069966971874237,-0.02711106278002262,0.27184611558914185,-0.06848971545696259,6.041896227770849e-08,1.849177699853044e-08,-1.5451689705514582e-06,-1.894526690193743e-06,0.4069966971874237,-0.02711106278002262,-0.3086641728878021,-0.7278627157211304,-9.862446859187912e-08,-2.50631355669384e-08,2.573113306425512e-06,5.614321253233356e-06,-0.027226373553276062,-0.6763708591461182,0.3086641728878021,0.7278627157211304,9.862446859187912e-08,2.50631355669384e-08,2.573113306425512e-06,5.614321253233356e-06,-0.027226373553276062,-0.6763708591461182,0.6959841847419739,0.07859063893556595,0.5873583555221558,0.1663821041584015
1521.728271484375,0.4711848497390747,51.32550811767578,1413.8756103515625,0.31236305832862854,-0.04172148555517197,-2.029005852222099e-09,-3.1401918842988152e-09,-1.1593873416870792e-08,-1.8525780376421608e-07,0.25847625732421875,0.019711781293153763,0.31236305832862854,-0.04172148555517197,-2.029005852222099e-09,-3.1401918842988152e-09,-1.1593873416870792e-08,-1.8525780376421608e-07,0.25847625732421875,0.019711781293153763,-0.7012352347373962,-0.41440191864967346,-2.561255652011596e-10,-2.9471651785684116e-09,2.706580559674876e-08,-8.163628706370218e-08,-0.7240079045295715,-0.38179153203964233,0.7012352347373962,0.41440191864967346,-2.561255652011596e-10,-2.9471651785684116e-09,-2.706580914946244e-08,8.163629416912954e-08,-0.7240079045295715,-0.38179153203964233,0.31236252188682556,-0.04172193259000778,-1.1266441113377823e-08,1.0780793147091572e-08,-5.4035066199276116e-08,-1.762290366968955e-07,0.2584752142429352,0.01971178688108921,0.31236258149147034,-0.04172193631529808,1.1266441113377823e-08,-1.0780793147091572e-08,5.4035069751989795e-08,1.762290509077502e-07,0.2584752142429352,0.01971178688108921,-0.18075737357139587,-0.7105079889297485,-1.714461461688188e-08,2.147223909787499e-08,-3.8248384726102813e-07,-2.942038008768577e-07,-0.2913869619369507,-0.6027499437332153,0.18075737357139587,0.7105079889297485,1.714461461688188e-08,-2.147223909787499e-08,-3.8248384726102813e-07,-2.942038008768577e-07,-0.2913869619369507,-0.6027499437332153,0.663459837436676,0.11913210153579712,0.6699521541595459,0.09955854713916779
726.1179809570312,6.893048286437988,89.41213989257812,4329.54833984375,0.08101966232061386,0.1555858701467514,-1.301363461436722e-08,-3.6521257129606965e-09,-8.843193732843702e-09,-9.744753448615029e-09,0.07929618656635284,0.15270045399665833,0.08101966232061386,0.1555858701467514,-1.30136337261888e-08,-3.6521254909160916e-09,-8.843191956486862e-09,-9.74475167225819e-09,0.07929618656635284,0.15270045399665833,-0.5446510910987854,-0.5336913466453552,-3.851216678896208e-09,4.239078810197583e-10,1.1050012460600556e-08,5.585371720684407e-09,-0.5537647604942322,-0.5295446515083313,0.5446510910987854,0.5336913466453552,-3.851216678896208e-09,4.239078810197583e-10,-1.1050012460600556e-08,-5.585371720684407e-09,-0.5537647604942322,-0.5295446515083313,0.08101949840784073,0.15558570623397827,-1.374025959677283e-08,7.561575365855333e-09,2.29980301469368e-08,7.883924624252359e-09,0.07929641753435135,0.1527009904384613,0.08101949840784073,0.15558572113513947,1.374025870859441e-08,-7.561575365855333e-09,-2.299802837057996e-08,-7.883923736073939e-09,0.07929641753435135,0.1527009904384613,0.41379514336586,-0.33841878175735474,-6.253103634890067e-08,4.5285585059673394e-08,2.9746653140705348e-08,5.1155133462543745e-08,0.4093117415904999,-0.34070050716400146,-0.4137951135635376,0.33841875195503235,6.253103634890067e-08,-4.5285585059673394e-08,2.974664958799167e-08,5.115512635711639e-08,0.4093117415904999,-0.34070050716400146,0.5900025963783264,0.06198912113904953,0.5954367518424988,0.060937266796827316
1441.6856689453125,62.63145446777344,29.000564575195312,205.34710693359375,0.4511278569698334,-0.04702943563461304,-1.2733357834804337e-07,7.443234295578804e-08,1.0565457841948955e-06,-5.403282557381317e-06,0.27382993698120117,-0.13556328415870667,0.4511278569698334,-0.04702943563461304,-1.2733357834804337e-07,7.443234295578804e-08,1.0565458978817333e-06,-5.403282557381317e-06,0.27382993698120117,-0.13556328415870667,-0.3147639036178589,-0.601976752281189,-4.1115033155847414e-08,1.892337664344268e-08,1.1680830311888712e-06,-6.2420986068900675e-06,-0.8473378419876099,-0.22522085905075073,0.3147638738155365,0.6019766926765442,-4.1115033155847414e-08,1.892337664344268e-08,-1.1680829175020335e-06,6.2420981521427166e-06,-0.8473378419876099,-0.22522085905075073,0.45113030076026917,-0.047030188143253326,5.3140862377176745e-08,-2.4697337508428063e-08,6.576992745976895e-06,-9.940726158674806e-06,0.27382948994636536,-0.13556307554244995,0.45113030076026917,-0.047030191868543625,-5.31408694826041e-08,2.4697341061141742e-08,-6.576991836482193e-06,9.940725249180105e-06,0.27382948994636536,-0.13556307554244995,-0.3172351121902466,-0.6184506416320801,1.529198669913967e-07,-9.008209644889575e-08,1.0836159162863623e-05,-1.097930180549156e-05,-0.3347572386264801,-0.663000762462616,0.31723514199256897,0.6184507012367249,-1.5291988120225142e-07,9.008211065975047e-08,1.0836159162863623e-05,-1.097930180549156e-05,-0.3347572386264801,-0.663000762462616,0.46145230531692505,0.20572809875011444,0.7687057852745056,0.09336024522781372
1639.1776123046875,53.936248779296875,64.24853515625,201.81329345703125,0.2616162896156311,-0.009946870617568493,-4.340241588352001e-08,6.47865050495966e-08,-3.520321479300037e-05,-3.2640324207022786e-05,0.3292153477668762,-0.0460207536816597,0.2616162896156311,-0.009946870617568493,-4.340241233080633e-08,6.47865050495966e-08,-3.520321843097918e-05,-3.2640324207022786e-05,0.3292153477668762,-0.0460207536816597,-0.501469612121582,-0.6036683320999146,2.6824036325479028e-08,2.852847202916564e-08,-1.738307037157938e-05,-2.359546306252014e-05,-0.7947703003883362,-0.27766063809394836,0.501469612121582,0.6036683320999146,2.682403277276535e-08,2.8528468476451962e-08,1.7383072190568782e-05,2.3595466700498946e-05,-0.7947703003883362,-0.27766063809394836,0.26161473989486694,-0.009943866170942783,8.617936586574615e-09,-3.911539181444823e-08,-3.864458994939923e-05,-5.472949851537123e-05,0.3292146623134613,-0.0460212267935276,0.26161473989486694,-0.009943866170942783,-8.617936586574615e-09,3.911539181444823e-08,3.864459358737804e-05,5.4729509429307655e-05,0.3292146623134613,-0.0460212267935276,-0.23072752356529236,-0.7265115976333618,2.2920366404832748e-07,-2.44818423311699e-08,-8.060200343606994e-05,-6.985605432419106e-05,0.00023764371871948242,-0.7007402181625366,0.23072755336761475,0.7265116572380066,-2.2920366404832748e-07,2.44818423311699e-08,-8.060200343606994e-05,-6.985605432419106e-05,0.00023764371871948242,-0.7007402181625366,0.6158872842788696,0.06854202598333359,0.7087552547454834,0.11050065606832504
1099.026123046875,67.8375473022461,97.61636352539062,1229.009765625,0.17929375171661377,-0.003672368125990033,3.7179557210720304e-08,-3.0616686785833735e-07,-5.366155733099731e-07,1.3163446510588983e-06,0.07060479372739792,0.020824022591114044,0.17929375171661377,-0.003672368358820677,3.717956076343398e-08,-3.061668962800468e-07,-5.366155164665543e-07,1.3163446510588983e-06,0.07060479372739792,0.020824022591114044,-0.22623178362846375,-0.6924632787704468,-5.1828951797006084e-08,-7.014703129470945e-08,-4.133239599468652e-07,2.690966880436463e-07,-0.9292184710502625,-0.18388564884662628,0.22623181343078613,0.6924633383750916,-5.182895534971976e-08,-7.014703840013681e-08,4.133239599468652e-07,-2.690966880436463e-07,-0.9292184710502625,-0.18388564884662628,0.17929132282733917,-0.0036700537893921137,1.0759781332581042e-07,2.125030817978768e-07,6.157760594760475e-07,1.434309808701073e-07,0.0706043466925621,0.020824136212468147,0.17929132282733917,-0.0036700537893921137,-1.0759780622038306e-07,-2.125030817978768e-07,-6.157760594760475e-07,-1.434309808701073e-07,0.0706043466925621,0.020824136212468147,-0.057559847831726074,-0.5266691446304321,-7.489566655749513e-08,1.2075595350324875e-06,1.8643795840489474e-07,1.7703858929962735e-06,-0.060850441455841064,-0.6285904049873352,0.057559847831726074,0.5266691446304321,7.489565945206778e-08,-1.2075594213456498e-06,1.8643795840489474e-07,1.7703858929962735e-06,-0.060850441455841064,-0.6285904049873352,0.5306861996650696,0.03215973824262619,0.8972609043121338,0.005418676882982254
1230.545166015625,63.039241790771484,54.50351333618164,3360.00439453125,0.3136778771877289,0.004340515471994877,2.0787837229363504e-07,-9.745713924758093e-08,6.943379844415176e-07,-1.245132210669908e-07,0.1382443606853485,-0.037597399204969406,0.31367790699005127,0.004340515937656164,2.0787835808278032e-07,-9.745713214215357e-08,6.943379275980988e-07,-1.245132210669908e-07,0.1382443606853485,-0.037597399204969406,-0.3545924425125122,-0.6261133551597595,4.4429437906501335e-08,-6.010996145278114e-08,5.836361651745392e-07,2.204140230332996e-07,-0.90287846326828,-0.21691840887069702,0.3545924425125122,0.6261133551597595,4.4429437906501335e-08,-6.010996145278114e-08,-5.836361651745392e-07,-2.204140230332996e-07,-0.90287846326828,-0.21691840887069702,0.3136786222457886,0.004339973442256451,2.0698216474102082e-07,-2.9698438197556243e-07,3.583351997349382e-07,-1.716672045404266e-06,0.13824495673179626,-0.03759750351309776,0.31367865204811096,0.004339973907917738,-2.0698216474102082e-07,2.9698438197556243e-07,-3.5833522815664764e-07,1.716672045404266e-06,0.13824495673179626,-0.03759750351309776,-0.28160491585731506,-0.6331698894500732,7.047789836178708e-07,-8.249714937846875e-07,-4.090749712304387e-07,-2.6012651233031647e-06,-0.3300876319408417,-0.7238897085189819,0.28160491585731506,0.6331698894500732,-7.047789836178708e-07,8.249714937846875e-07,-4.090749712304387e-07,-2.6012651233031647e-06,-0.3300876319408417,-0.7238897085189819,0.5290526151657104,0.14261701703071594,0.8636990785598755,0.030905116349458694
1385.36376953125,3.743410110473633,91.05752563476562,375.56390380859375,0.11359100788831711,-0.002629936905577779,-1.135740657076667e-08,1.6037803973745213e-08,-1.0747805845312541e-06,2.0258839867892675e-06,0.2867041826248169,0.11948908865451813,0.1135910153388977,-0.002629937371239066,-1.135740745894509e-08,1.6037803973745213e-08,-1.0747806982180919e-06,2.025884214162943e-06,0.2867041826248169,0.11948908865451813,-0.760977566242218,-0.4406040906906128,-5.219527476896246e-09,7.59973328712249e-09,-4.923835490444617e-07,1.1651956128844176e-06,-0.6873303651809692,-0.4109525978565216,0.760977566242218,0.4406040906906128,-5.219527476896246e-09,7.59973328712249e-09,4.923835490444617e-07,-1.1651956128844176e-06,-0.6873303651809692,-0.4109525978565216,0.1135912537574768,-0.0026299573946744204,1.109809932842154e-08,-8.197527101572177e-09,-1.1006045497197192e-06,2.6725638235802762e-06,0.28670474886894226,0.11948858946561813,0.1135912612080574,-0.0026299573946744204,-1.109809932842154e-08,8.197527989750597e-09,1.1006044360328815e-06,-2.6725640509539517e-06,0.28670474886894226,0.11948858946561813,-0.14566446840763092,-0.8367577791213989,2.4708823431751625e-08,-2.5522377100628546e-08,-4.6694945012859534e-06,6.475805548689095e-06,0.419333279132843,-0.5134411454200745,0.14566446840763092,0.8367577791213989,-2.4708823431751625e-08,2.5522377100628546e-08,-4.669494956033304e-06,6.475806458183797e-06,0.419333279132843,-0.5134411454200745,0.7732188105583191,0.012909834273159504,0.6413050293922424,0.09647691994905472
1696.30126953125,11.114911079406738,47.68172836303711,1425.1781005859375,0.3641982972621918,-0.07212606817483902,5.623717669323014e-08,4.393879038389059e-08,-2.338946458735336e-08,-1.8985029726081848e-07,0.32833367586135864,-0.018182337284088135,0.3641982674598694,-0.07212606817483902,5.623717669323014e-08,4.393878683117691e-08,-2.338946458735336e-08,-1.898503114716732e-07,0.32833367586135864,-0.018182337284088135,-0.6711490750312805,-0.41159483790397644,3.533860981619341e-09,3.334192655302104e-08,-3.0424363473002813e-08,-1.1220455320426481e-07,-0.6971703767776489,-0.3739126920700073,0.6711490750312805,0.41159483790397644,3.533860981619341e-09,3.334192655302104e-08,3.0424363473002813e-08,1.1220455320426481e-07,-0.6971703767776489,-0.3739126920700073,0.364199161529541,-0.07212462276220322,-1.4350854371514288e-07,-1.4182074892232777e-07,-1.8009178859301755e-07,-1.4203065745732601e-07,0.3283335268497467,-0.018183225765824318,0.3641992211341858,-0.07212463021278381,1.4350852950428816e-07,1.4182074892232777e-07,1.8009178859301755e-07,1.420306432464713e-07,0.3283335268497467,-0.018183225765824318,-0.21592877805233002,-0.6800581216812134,-2.398938079295476e-07,-2.0547904000522976e-07,-3.4817264804587467e-07,-2.6056244450956e-07,-0.27667903900146484,-0.5826660990715027,0.21592877805233002,0.6800581216812134,2.398938079295476e-07,2.0547904000522976e-07,-3.4817264804587467e-07,-2.6056244450956e-07,-0.27667903900146484,-0.5826660990715027,0.6198514103889465,0.15689128637313843,0.6258572340011597,0.15507088601589203
1968.1552734375,29.3446102142334,92.198486328125,3100.028076171875,0.30092453956604004,0.011484070681035519,2.495768569588108e-07,6.395869434072665e-08,-2.395846649960731e-07,-1.66873931561895e-07,0.24104274809360504,0.011612913571298122,0.30092450976371765,0.011484069749712944,2.495768569588108e-07,6.395869434072665e-08,-2.3958469341778255e-07,-1.66873931561895e-07,0.24104274809360504,0.011612913571298122,-0.649330198764801,-0.44912776350975037,1.1590712745146448e-07,2.3489166167678377e-08,-1.1364646468337014e-07,-8.253014271986103e-08,-0.7511236071586609,-0.3675953447818756,0.6493301391601562,0.4491277039051056,1.1590712034603712e-07,2.3489164391321538e-08,1.1364645047251543e-07,8.253013561443368e-08,-0.7511236071586609,-0.3675953447818756,0.30092453956604004,0.01148335263133049,-2.1653106330177252e-07,9.671533973687474e-08,-1.0930392591035343e-07,8.115979710510146e-08,0.2410416603088379,0.011612767353653908,0.30092453956604004,0.011483353562653065,2.1653109172348195e-07,-9.671535394772945e-08,1.0930391880492607e-07,-8.11597899996741e-08,0.2410416603088379,0.011612767353653908,-0.1202802062034607,-0.6714031100273132,-4.857934641222528e-07,-2.2505024332986068e-07,-1.2397816817610874e-07,-1.193787255715506e-07,-0.16307254135608673,-0.6792934536933899,0.1202802062034607,0.6714031100273132,4.857935209656716e-07,2.250502575407154e-07,-1.2397816817610874e-07,-1.193787255715506e-07,-0.16307254135608673,-0.6792934536933899,0.6336959004402161,0.13079266250133514,0.7091702222824097,0.09094666689634323
583.5011596679688,12.269869804382324,21.306785583496094,1642.494140625,0.42763811349868774,0.24728399515151978,-1.8627208664412365e-09,3.1815829970582854e-08,-6.082078130020818e-08,-4.004558462611385e-08,0.4262312948703766,0.2375108152627945,0.4276381731033325,0.24728399515151978,-1.8627208664412365e-09,3.181583352329653e-08,-6.082078840563554e-08,-4.004559173154121e-08,0.4262312948703766,0.2375108152627945,-0.3687286078929901,-0.4266092777252197,-8.862454770053318e-09,8.290398589849701e-09,-1.2289068429538474e-08,-3.012326743601079e-08,-0.39527660608291626,-0.42307528853416443,0.3687285780906677,0.42660924792289734,-8.862454770053318e-09,8.290398589849701e-09,1.2289068429538474e-08,3.012326743601079e-08,-0.39527660608291626,-0.42307528853416443,0.4276382327079773,0.2472836822271347,8.140560225911031e-09,4.62169991166661e-09,-5.336216446494291e-08,3.057032671449633e-08,0.4262338876724243,0.23751282691955566,0.42763814330101013,0.24728363752365112,-8.14056111408945e-09,-4.62170035575582e-09,5.336216446494291e-08,-3.057032671449633e-08,0.4262338876724243,0.23751282691955566,0.0813475176692009,-0.47941380739212036,1.1363079366333295e-08,-4.276520026991193e-09,-4.63664555638843e-08,1.0286165519346468e-07,0.0739634782075882,-0.4876488149166107,-0.0813475176692009,0.47941380739212036,-1.1363079366333295e-08,4.276520026991193e-09,-4.636645911659798e-08,1.028616694043194e-07,0.0739634782075882,-0.4876488149166107,0.32067134976387024,0.25339823961257935,0.33792102336883545,0.24719098210334778
906.82421875,59.30387878417969,54.23505401611328,1416.6566162109375,0.22544001042842865,0.05676808953285217,5.276787362618052e-08,1.5327036351209244e-07,-1.1623816575934143e-08,5.06661649524176e-07,0.11159258335828781,0.004071669187396765,0.22544002532958984,0.05676808953285217,5.276787007346684e-08,1.5327036351209244e-07,-1.1623817464112562e-08,5.06661649524176e-07,0.11159258335828781,0.004071669187396765,-0.38500654697418213,-0.6446090936660767,-2.1346517442566437e-08,-7.134528967611686e-09,-2.570915285105002e-07,4.2694864532677457e-07,-0.8836504817008972,-0.25860247015953064,0.3850066363811493,0.644609272480011,-2.1346517442566437e-08,-7.134528967611686e-09,2.5709158535391907e-07,-4.2694870217019343e-07,-0.8836504817008972,-0.25860247015953064,0.22544145584106445,0.056768812239170074,-3.627013711593463e-08,-3.449044356784725e-07,1.6829795868034125e-06,-1.1446106782386778e-06,0.11159292608499527,0.004072059877216816,0.22544151544570923,0.05676882714033127,3.627014066864831e-08,3.4490446410018194e-07,-1.6829797004902503e-06,1.1446109056123532e-06,0.11159292608499527,0.004072059877216816,-0.10859372466802597,-0.5870298147201538,4.953526513418183e-07,-1.3416173487712513e-06,1.7646987089392496e-06,-1.5571475842079963e-06,-0.19957181811332703,-0.7326450943946838,0.10859372466802597,0.5870298147201538,-4.953526513418183e-07,1.3416173487712513e-06,1.7646987089392496e-06,-1.5571475842079963e-06,-0.19957181811332703,-0.7326450943946838,0.5637509822845459,0.0734875351190567,0.8477134108543396,0.019839845597743988
1514.407958984375,8.539727210998535,52.974143981933594,4981.73046875,0.2967051565647125,-0.021960463374853134,-3.826585270871874e-09,8.035036103137827e-08,4.601835001949439e-08,-9.629798070065476e-10,0.29080697894096375,-0.022297287359833717,0.29670512676239014,-0.021960461512207985,-3.826585270871874e-09,8.035036103137827e-08,4.601835001949439e-08,-9.629798070065476e-10,0.29080697894096375,-0.022297287359833717,-0.7041748762130737,-0.410779744386673,-2.3675597038419482e-09,5.393174262735556e-08,2.2770425545104445e-08,1.4384977653492115e-08,-0.7131205797195435,-0.4043223261833191,0.7041748762130737,0.410779744386673,-2.3675594817973433e-09,5.393173907464188e-08,-2.2770425545104445e-08,-1.4384977653492115e-08,-0.7131205797195435,-0.4043223261833191,0.29670384526252747,-0.02195974998176098,1.5387253426979441e-07,-2.176963498357054e-08,-1.259130488762139e-08,-6.839129707003622e-09,0.2908072769641876,-0.022296972572803497,0.29670384526252747,-0.021959751844406128,-1.5387253426979441e-07,2.176963498357054e-08,1.259130488762139e-08,6.839129262914412e-09,0.2908072769641876,-0.022296972572803497,-0.19389306008815765,-0.6843904852867126,2.3639367441319337e-07,1.5759386684521814e-08,-4.196333591721668e-08,-2.8534806517654943e-08,-0.19879771769046783,-0.6841520667076111,0.19389304518699646,0.6843904256820679,-2.3639367441319337e-07,-1.5759386684521814e-08,-4.196333591721668e-08,-2.8534806517654943e-08,-0.19879771769046783,-0.6841520667076111,0.6720736622810364,0.11551626026630402,0.6797147393226624,0.11164092272520065
1862.8394775390625,17.92344856262207,72.9634017944336,2853.380615234375,0.315897136926651,-0.009795011021196842,6.422330756095107e-08,-1.0661501192998912e-07,1.4246249691041157e-07,-4.7482490828087975e-08,0.2827122211456299,-0.004196529742330313,0.315897136926651,-0.009795010089874268,6.422330045552371e-08,-1.0661500482456177e-07,1.4246249691041157e-07,-4.7482487275374297e-08,0.2827122211456299,-0.004196529742330313,-0.6766063570976257,-0.42283856868743896,4.891933080841682e-09,-5.95680482717853e-08,2.9662398759455755e-08,-3.1000642053413685e-08,-0.7186357975006104,-0.3883254826068878,0.6766063570976257,0.42283856868743896,4.891933080841682e-09,-5.9568041166357943e-08,-2.9662398759455755e-08,3.1000642053413685e-08,-0.7186357975006104,-0.3883254826068878,0.31589818000793457,-0.009794375859200954,5.404957192922666e-08,6.333683444381677e-08,6.658602558218263e-08,1.502125535068899e-09,0.28271248936653137,-0.004196305759251118,0.31589818000793457,-0.00979437492787838,-5.404956837651298e-08,-6.333683444381677e-08,-6.658602558218263e-08,-1.502125535068899e-09,0.28271248936653137,-0.004196305759251118,-0.15389488637447357,-0.6736247539520264,-2.7667311996992794e-08,1.0363481095509997e-07,5.426581850542789e-08,-1.3998307224483142e-07,-0.18690529465675354,-0.668768048286438,0.15389487147331238,0.6736246943473816,2.7667310220635954e-08,-1.0363480384967261e-07,5.426581850542789e-08,-1.3998307224483142e-07,-0.18690529465675354,-0.668768048286438,0.6451933979988098,0.1338316798210144,0.6773965954780579,0.11272681504487991
1896.1658935546875,1.1868011951446533,75.69309997558594,404.4644775390625,0.24147477746009827,-0.050031568855047226,2.6260624785834352e-09,4.706938838694441e-09,1.085588155547157e-05,-3.1579409096593736e-06,0.43045303225517273,0.03374972939491272,0.24147476255893707,-0.050031568855047226,2.6260624785834352e-09,4.706938838694441e-09,1.0855880645976868e-05,-3.1579409096593736e-06,0.43045303225517273,0.03374972939491272,-0.7264845371246338,-0.4338219463825226,1.4555211480526964e-09,3.4413909499875217e-09,5.062294803792611e-06,-2.252666945423698e-06,-0.6264067888259888,-0.3959192633628845,0.7264845371246338,0.4338219463825226,1.4555211480526964e-09,3.4413909499875217e-09,-5.062294803792611e-06,2.252666945423698e-06,-0.6264067888259888,-0.3959192633628845,0.2414751648902893,-0.050031471997499466,-1.7596877288639234e-09,-2.591270087393127e-09,1.0435857802804094e-05,-3.201467279723147e-06,0.43045371770858765,0.03375015780329704,0.2414751648902893,-0.050031471997499466,1.7596877288639234e-09,2.591270309437732e-09,-1.0435857802804094e-05,3.2014675070968224e-06,0.43045371770858765,0.03375015780329704,-0.2712355852127075,-0.760154664516449,-2.357016803955503e-09,-2.810960797461348e-09,2.1388876120909117e-05,-1.052319203154184e-05,0.11517486721277237,-0.6261278390884399,0.2712355852127075,0.760154664516449,2.357016803955503e-09,2.810960797461348e-09,2.1388876120909117e-05,-1.052319203154184e-05,0.11517486721277237,-0.6261278390884399,0.7159813046455383,0.06081322953104973,0.549137532711029,0.18642885982990265
1905.8853759765625,15.128905296325684,90.71267700195312,1149.255126953125,0.25876927375793457,-0.037123456597328186,1.5963658483997278e-07,-2.3977079877113283e-07,-2.4447174951092165e-07,-2.0078650209143234e-07,0.3381151258945465,0.20574791729450226,0.25876927375793457,-0.03712345287203789,1.596365990508275e-07,-2.3977082719284226e-07,-2.4447174951092165e-07,-2.0078650209143234e-07,0.3381151258945465,0.20574791729450226,-0.6940916180610657,-0.45383644104003906,1.2764419921040826e-07,-1.432286893532364e-07,-1.3564218193096167e-07,5.246635126354704e-08,-0.6773286461830139,-0.3219611644744873,0.6940916180610657,0.45383644104003906,1.2764419921040826e-07,-1.432286893532364e-07,1.3564219614181638e-07,-5.246635481626072e-08,-0.6773286461830139,-0.3219611644744873,0.2587691843509674,-0.03712359443306923,-2.2650010578217916e-07,2.965631473728081e-08,-5.701970167137915e-07,1.4672305326257629e-07,0.3381153643131256,0.20574750006198883,0.2587692141532898,-0.037123601883649826,2.2650009157132445e-07,-2.965631296092397e-08,5.701970735572104e-07,-1.46723067473431e-07,0.3381153643131256,0.20574750006198883,-0.10838238894939423,-0.8088130950927734,-4.097324506346922e-07,1.373779525692953e-07,-1.1389067822165089e-06,-2.2797274823460612e-07,0.069734126329422,-0.3052540719509125,0.10838238149881363,0.8088130354881287,4.097324222129828e-07,-1.373779383584406e-07,-1.1389067822165089e-06,-2.2797274823460612e-07,0.069734126329422,-0.3052540719509125,0.6877306699752808,0.06833969056606293,0.562433123588562,0.15665404498577118
1359.211669921875,63.786712646484375,54.04056167602539,2275.539306640625,0.3395630717277527,0.03218473494052887,3.611619092680485e-07,-1.4114583279933868e-07,-1.3321616734174313e-06,-7.342959520428849e-07,0.15020084381103516,-0.042185064405202866,0.3395630717277527,0.03218473121523857,3.611619092680485e-07,-1.4114583279933868e-07,-1.3321616734174313e-06,-7.342959520428849e-07,0.15020084381103516,-0.042185064405202866,-0.3504836857318878,-0.6104758381843567,1.1721907355877192e-07,-2.0469000716616392e-08,-4.7350894760711526e-07,-5.668879339282284e-07,-0.9014895558357239,-0.20867878198623657,0.35048365592956543,0.6104757785797119,1.1721907355877192e-07,-2.0469000716616392e-08,4.735088907636964e-07,5.668878770848096e-07,-0.9014895558357239,-0.20867878198623657,0.33956074714660645,0.032184310257434845,3.5199326475776616e-07,-2.0076737428098568e-07,-1.4629894167228485e-06,-1.790414785318717e-06,0.1502009630203247,-0.04218623414635658,0.33956071734428406,0.032184306532144547,-3.519932931794756e-07,2.007673884918404e-07,1.4629893030360108e-06,1.7904145579450415e-06,0.1502009630203247,-0.04218623414635658,-0.23770074546337128,-0.5651328563690186,9.233703508471081e-07,-4.913678139928379e-07,-2.640993216118659e-06,-1.8548660136730177e-06,-0.3678426444530487,-0.6841199398040771,0.23770077526569366,0.5651329159736633,-9.233704076905269e-07,4.913678708362568e-07,-2.640993216118659e-06,-1.8548660136730177e-06,-0.3678426444530487,-0.6841199398040771,0.49551957845687866,0.15253937244415283,0.8562302589416504,0.03408701345324516
504.3338623046875,63.65660095214844,58.413795471191406,4134.54736328125,0.10361958295106888,0.3055843114852905,-8.32031776809572e-09,2.61299213377697e-08,-6.456794210407679e-09,-1.1785486719873006e-07,0.12856212258338928,0.19023199379444122,0.10361959040164948,0.3055843114852905,-8.32031599173888e-09,2.6129919561412862e-08,-6.456794654496889e-09,-1.178548600933027e-07,0.12856212258338928,0.19023199379444122,0.19528162479400635,-0.2936169505119324,1.1656152487660165e-08,1.1324544857416186e-08,5.16720390919545e-08,-1.3203880655510147e-07,-0.6123835444450378,-0.3182368278503418,-0.19528169929981232,0.2936170697212219,1.1656150711303326e-08,1.1324543081059346e-08,-5.1672060408236575e-08,1.3203886339852033e-07,-0.6123835444450378,-0.3182368278503418,0.10361968725919724,0.30558544397354126,-3.2741898081667387e-08,-5.519946100207562e-08,-1.941183427334181e-07,5.518210954846836e-08,0.12856228649616241,0.19023242592811584,0.10361972451210022,0.3055855333805084,3.2741898081667387e-08,5.519946100207562e-08,1.9411841378769168e-07,-5.518213797017779e-08,0.12856228649616241,0.19023242592811584,0.24230551719665527,-0.11566133052110672,-7.10568244244314e-08,-1.341950337518938e-07,3.3220015893675736e-07,3.448130883043632e-07,0.28358978033065796,-0.5377973318099976,-0.24230551719665527,0.11566133052110672,7.10568244244314e-08,1.341950337518938e-07,3.3220015893675736e-07,3.448130883043632e-07,0.28358978033065796,-0.5377973318099976,0.12913338840007782,0.14883142709732056,0.47997891902923584,0.0662088692188263
1273.593994140625,60.0543212890625,87.39244842529297,201.63775634765625,0.09649866819381714,0.023485422134399414,-3.369959955534796e-08,1.2658765591311294e-08,2.0674335246440023e-05,1.0811556876433315e-06,0.2135600596666336,0.02904454432427883,0.09649867564439774,0.023485425859689713,-3.369959955534796e-08,1.2658765591311294e-08,2.0674335246440023e-05,1.0811556876433315e-06,0.2135600596666336,0.02904454432427883,-0.43670934438705444,-0.6784445643424988,-2.003601551336942e-08,-1.0529059402131224e-08,3.971255182477762e-07,4.562002231978113e-06,-0.8627656698226929,-0.240962952375412,0.43670934438705444,0.6784445643424988,-2.003601551336942e-08,-1.0529060290309644e-08,-3.971255182477762e-07,-4.562002231978113e-06,-0.8627656698226929,-0.240962952375412,0.09649822860956192,0.023485995829105377,3.889271837920205e-08,4.6348169746579515e-08,8.65159381646663e-06,1.4134974662738387e-05,0.21356022357940674,0.02904450334608555,0.09649823606014252,0.023485997691750526,-3.889272193191573e-08,-4.634817685200687e-08,-8.65159381646663e-06,-1.4134974662738387e-05,0.21356022357940674,0.02904450334608555,-0.0983777567744255,-0.7627238035202026,-1.2329518739306877e-08,-2.289767664365172e-08,8.724422514205799e-05,-5.096459062770009e-05,0.2942988872528076,-0.6567978262901306,0.0983777716755867,0.7627239227294922,1.2329520515663717e-08,2.28976801963654e-08,8.724422514205799e-05,-5.096459062770009e-05,0.2942988872528076,-0.6567978262901306,0.651002049446106,0.00986355822533369,0.8024277091026306,0.04645148292183876
699.5157470703125,62.02445602416992,49.17707443237305,2390.53857421875,0.2856195867061615,0.16644775867462158,6.988786793726831e-08,-1.4352301569431347e-08,-1.641730875689973e-07,-3.730025071035925e-07,0.17403651773929596,0.024415187537670135,0.2856195569038391,0.1664477437734604,6.988786793726831e-08,-1.4352300681252927e-08,-1.641730875689973e-07,-3.730025071035925e-07,0.17403651773929596,0.024415187537670135,-0.03974257782101631,-0.619417130947113,2.618824801459141e-08,-4.919098373079578e-08,3.1558442969981115e-07,3.677081394926063e-08,-0.8139125108718872,-0.3195086121559143,0.03974258899688721,0.6194172501564026,2.618824623823457e-08,-4.91909801780821e-08,-3.155845433866489e-07,-3.677082816011534e-08,-0.8139125108718872,-0.3195086121559143,0.2856197655200958,0.16644740104675293,-9.041497150974465e-08,-5.853048712367581e-09,-2.613001583995356e-07,-6.405346653082233e-07,0.17403672635555267,0.024415522813796997,0.285619854927063,0.1664474606513977,9.0414978615172e-08,5.853049156456791e-09,2.613002720863733e-07,6.405348926818988e-07,0.17403672635555267,0.024415522813796997,0.10337438434362411,-0.5636960864067078,-1.9488275881940353e-07,2.4150342170514705e-08,-1.2974766150364303e-06,1.7644633771851659e-06,0.018977224826812744,-0.7299421429634094,-0.10337439924478531,0.5636961460113525,1.9488277303025825e-07,-2.4150343946871544e-08,-1.2974766150364303e-06,1.7644633771851659e-06,0.018977224826812744,-0.7299421429634094,0.392477422952652,0.15121778845787048,0.7659305930137634,0.0417233370244503
454.4366760253906,66.12152862548828,95.06534576416016,626.7100830078125,-0.058283381164073944,0.14834801852703094,-5.497367894236049e-09,-8.680918028858287e-08,1.624798606769673e-08,3.7092444671316116e-08,-0.08091908693313599,0.1118365228176117,-0.05828338861465454,0.14834804832935333,-5.497367894236049e-09,-8.680918739401022e-08,1.624798606769673e-08,3.7092444671316116e-08,-0.08091908693313599,0.1118365228176117,0.1478281170129776,-0.16145817935466766,9.641552445316393e-09,7.1811596669135724e-09,-1.7383439399054623e-07,1.8731194018073438e-07,-0.6055296659469604,-0.17961061000823975,-0.1478281319141388,0.16145819425582886,9.641552445316393e-09,7.1811596669135724e-09,1.7383442241225566e-07,-1.873119543915891e-07,-0.6055296659469604,-0.17961061000823975,-0.058283306658267975,0.1483478546142578,-1.529178383918861e-08,-2.5737579179008208e-08,2.6050787482745363e-07,-2.5253742208519725e-08,-0.08091937005519867,0.11183693259954453,-0.05828331783413887,0.1483478844165802,1.529178383918861e-08,2.5737580955365047e-08,-2.6050790324916306e-07,2.5253743984876564e-08,-0.08091937005519867,0.11183693259954453,0.0643015056848526,0.13704071938991547,-5.887500620360697e-08,5.625000021325377e-09,-2.8166141419205815e-07,-1.0117191777681e-06,0.3987911343574524,-0.3677422106266022,-0.0643015131354332,-0.13704073429107666,5.887500975632065e-08,-5.625000465414587e-09,-2.8166141419205815e-07,-1.0117191777681e-06,0.3987911343574524,-0.3677422106266022,0.04792189970612526,0.04138469696044922,0.39892610907554626,0.029428187757730484
1910.7939453125,26.037796020507812,33.367515563964844,206.801513671875,0.43524274230003357,-0.13789522647857666,6.892747705933289e-08,-1.253578147952794e-07,1.2760548088408541e-05,-1.4616286989621585e-06,0.4995066821575165,-0.12663303315639496,0.43524280190467834,-0.13789522647857666,6.892747705933289e-08,-1.253578147952794e-07,1.2760548088408541e-05,-1.4616286989621585e-06,0.4995066821575165,-0.12663303315639496,-0.6078111529350281,-0.41979750990867615,4.353966431835943e-08,-8.770233961286067e-08,1.1833630196633749e-05,-1.9243063889007317e-06,-0.6187190413475037,-0.3487794101238251,0.6078110933303833,0.41979748010635376,4.353966431835943e-08,-8.770233961286067e-08,-1.1833629287139047e-05,1.9243061615270562e-06,-0.6187190413475037,-0.3487794101238251,0.4352439045906067,-0.13789482414722443,-1.0179512344166142e-07,5.129954416815963e-08,1.4593634659831878e-05,-1.3701145462619024e-06,0.49950870871543884,-0.1266336888074875,0.4352438151836395,-0.13789480924606323,1.0179512344166142e-07,-5.1299547720873306e-08,-1.4593632840842474e-05,1.3701144325750647e-06,0.49950870871543884,-0.1266336888074875,-0.3064994812011719,-0.6053955554962158,-1.6573351047100005e-07,8.397078943289671e-08,1.660786620050203e-05,4.841335226046795e-07,-0.16254553198814392,-0.5874953269958496,0.3064994812011719,0.6053955554962158,1.6573351047100005e-07,-8.397078943289671e-08,1.660786620050203e-05,4.841335226046795e-07,-0.16254553198814392,-0.5874953269958496,0.545664370059967,0.20845134556293488,0.504460334777832,0.2655428349971771
1808.287841796875,50.40007400512695,55.671607971191406,1429.397705078125,0.42573022842407227,-0.09242814779281616,1.7518595996079966e-07,2.0787615540029947e-07,1.0358436952628836e-07,-2.9889926622672647e-07,0.22642867267131805,-0.048337679356336594,0.42573022842407227,-0.09242814034223557,1.7518595996079966e-07,2.0787615540029947e-07,1.03584362420861e-07,-2.9889926622672647e-07,0.22642867267131805,-0.048337679356336594,-0.4865318834781647,-0.48973536491394043,1.2033916618747753e-07,7.484774755539547e-08,2.5747689846866706e-07,-4.204508741167956e-08,-0.8274410367012024,-0.2794831097126007,0.4865318536758423,0.48973533511161804,1.2033916618747753e-07,7.484774755539547e-08,-2.5747689846866706e-07,4.204508741167956e-08,-0.8274410367012024,-0.2794831097126007,0.425729364156723,-0.0924244374036789,-9.6162132479094e-08,7.001278135021494e-08,-9.110341352425166e-07,-4.282683221390471e-07,0.22642828524112701,-0.04833754152059555,0.425729364156723,-0.0924244299530983,9.616213958452136e-08,-7.001278135021494e-08,9.110341920859355e-07,4.282683221390471e-07,0.22642828524112701,-0.04833754152059555,-0.20768797397613525,-0.6273711323738098,-4.023050621526636e-07,1.0189964427809173e-08,-2.100729034282267e-06,-2.2537147970069782e-07,-0.40612316131591797,-0.5815336108207703,0.20768797397613525,0.6273711323738098,4.023050621526636e-07,-1.0189964427809173e-08,-2.100729034282267e-06,-2.2537147970069782e-07,-0.40612316131591797,-0.5815336108207703,0.4765539765357971,0.18978920578956604,0.7627695202827454,0.05360647663474083
401.9776306152344,66.18256378173828,57.8515625,416.3620300292969,-0.0899764746427536,0.15664076805114746,-1.2680527561315103e-07,2.4133905984768944e-09,-2.5141570603182117e-08,-1.04851771709491e-07,-0.1109970435500145,0.1380831003189087,-0.089976467192173,0.15664075314998627,-1.268052471914416e-07,2.4133903764322895e-09,-2.5141568826825278e-08,-1.0485176460406365e-07,-0.1109970435500145,0.1380831003189087,0.05832041800022125,-0.16734349727630615,-2.4295587763845106e-08,-2.829404799342683e-08,1.6728909812968595e-08,5.170610162252842e-09,-0.6625381708145142,-0.12145928293466568,-0.05832042545080185,0.16734351217746735,-2.4295584211131427e-08,-2.829404266435631e-08,-1.6728915142039114e-08,-5.170611494520472e-09,-0.6625381708145142,-0.12145928293466568,-0.08997592329978943,0.1566399335861206,7.743164331941443e-08,-5.8503911049001545e-08,1.8297883741524856e-07,-3.450806218552316e-08,-0.11099708080291748,0.1380828320980072,-0.08997596055269241,0.15663999319076538,-7.743165042484179e-08,5.8503907496287866e-08,-1.8297889425866742e-07,3.4508072843664195e-08,-0.11099708080291748,0.1380828320980072,0.107251837849617,0.040996208786964417,6.363097071471202e-08,-2.1634531321979011e-07,-4.6508824880220345e-07,-8.359265848412178e-07,0.27244293689727783,-0.4340517222881317,-0.1072518527507782,-0.040996212512254715,-6.363097071471202e-08,2.1634531321979011e-07,-4.6508824880220345e-07,-8.359265848412178e-07,0.27244293689727783,-0.4340517222881317,0.031405117362737656,0.032632093876600266,0.453709214925766,0.03138728439807892
1349.7376708984375,46.57865524291992,77.84839630126953,1256.1815185546875,0.2479068785905838,-0.013146385550498962,-1.2648015967897663e-07,-1.0732571809057845e-07,6.46494200395864e-08,-2.2348781669734308e-07,0.15754088759422302,0.035706862807273865,0.2479068636894226,-0.013146384619176388,-1.2648015967897663e-07,-1.0732571809057845e-07,6.46494200395864e-08,-2.234878309081978e-07,0.15754088759422302,0.035706862807273865,-0.5752805471420288,-0.5278475880622864,-9.5955030587902e-09,-5.472263708838909e-08,1.2373027402645675e-07,-1.6856587592428696e-07,-0.8320459127426147,-0.3081277012825012,0.5752804279327393,0.5278474688529968,-9.5955030587902e-09,-5.472263708838909e-08,-1.2373027402645675e-07,1.6856586171343224e-07,-0.8320459127426147,-0.3081277012825012,0.24790741503238678,-0.013145017437636852,1.8988629335581209e-07,2.6979188305631396e-07,-9.98693508336146e-07,-2.353327914761394e-07,0.15754102170467377,0.03570690378546715,0.24790740013122559,-0.013145016506314278,-1.8988629335581209e-07,-2.6979185463460453e-07,9.986933946493082e-07,2.3533276305442996e-07,0.15754102170467377,0.03570690378546715,-0.0888332724571228,-0.6833596229553223,4.862206424149917e-07,4.663348533995304e-07,-1.4118960507403244e-06,2.648373822466965e-07,-0.16293087601661682,-0.615942120552063,0.0888332650065422,0.6833595633506775,-4.862206424149917e-07,-4.663348533995304e-07,-1.4118960507403244e-06,2.648373822466965e-07,-0.16293087601661682,-0.615942120552063,0.6095708012580872,0.061630647629499435,0.7872430086135864,0.026094112545251846
1065.23193359375,69.9886703491211,87.3470458984375,351.718994140625,0.07715141773223877,0.02779358997941017,9.051510829749532e-08,-6.731529822445736e-08,-1.4951466198454e-07,9.095926429836254e-07,0.11304640024900436,0.006437061354517937,0.07715143263339996,0.02779359370470047,9.051512250835003e-08,-6.731531243531208e-08,-1.4951466198454e-07,9.095926998270443e-07,0.11304640024900436,0.006437061354517937,-0.1663045734167099,-0.7618764042854309,4.414665299989906e-10,-2.5980547491144534e-08,-2.499640174846718e-07,4.909994686386199e-07,-0.9306641817092896,-0.169642373919487,0.1663045734167099,0.7618764042854309,4.4146658551014184e-10,-2.5980552820215053e-08,2.4996398906296236e-07,-4.90999411795201e-07,-0.9306641817092896,-0.169642373919487,0.07715197652578354,0.027792848646640778,-3.603371823146517e-08,-2.187060310632205e-08,1.062104047377943e-06,1.3226034525359864e-06,0.1130463182926178,0.00643670791760087,0.07715194672346115,0.02779284119606018,3.6033714678751494e-08,2.187060132996521e-08,-1.0621039336911053e-06,-1.3226033388491487e-06,0.1130463182926178,0.00643670791760087,-0.05884718894958496,-0.7541253566741943,-3.5847787671627884e-07,-4.7912106282410605e-08,-2.275362703585415e-06,2.200993321821443e-06,0.21628502011299133,-0.7391126751899719,0.058847181499004364,0.7541252374649048,3.584778482945694e-07,4.7912102729696926e-08,-2.275362703585415e-06,2.200993321821443e-06,0.21628502011299133,-0.7391126751899719,0.6081128716468811,0.006724825128912926,0.8949143886566162,0.012820924632251263
1068.35107421875,53.153202056884766,53.65985107421875,297.8549499511719,0.16736984252929688,0.0019424367928877473,5.7108032081032434e-08,-6.4889199791196e-08,-6.84638791881298e-07,3.734988922587945e-07,0.1960497349500656,-0.02093099057674408,0.16736985743045807,0.0019424367928877473,5.7108032081032434e-08,-6.4889199791196e-08,-6.84638791881298e-07,3.734988638370851e-07,0.1960497349500656,-0.02093099057674408,-0.5396109223365784,-0.6101487874984741,7.786667310938356e-09,-3.978081863920124e-08,2.483379262230301e-07,2.0365315833714703e-07,-0.8537793159484863,-0.279771625995636,0.5396109223365784,0.6101487874984741,7.786667310938356e-09,-3.978081863920124e-08,-2.483379262230301e-07,-2.0365315833714703e-07,-0.8537793159484863,-0.279771625995636,0.1673704981803894,0.0019424841739237309,-9.51118028780229e-09,-4.202181358436974e-08,-4.665307642426342e-07,2.522842805774417e-07,0.19604869186878204,-0.020930729806423187,0.1673705130815506,0.0019424842903390527,9.51118028780229e-09,4.202181713708342e-08,4.6653073582092475e-07,-2.522843089991511e-07,0.19604869186878204,-0.020930729806423187,-0.20357881486415863,-0.7635163068771362,-4.803690600851951e-08,-3.4554969374767097e-07,-3.5816008221445372e-06,1.8443948874846683e-06,-0.020495086908340454,-0.7839906215667725,0.20357881486415863,0.7635163068771362,4.803690600851951e-08,3.4554969374767097e-07,-3.5816008221445372e-06,1.8443948874846683e-06,-0.020495086908340454,-0.7839906215667725,0.663461446762085,0.028016434982419014,0.8072112798690796,0.03887360543012619
833.7944946289062,56.7576904296875,26.860774993896484,872.3516235351562,0.39731091260910034,0.017219174653291702,-1.255957045032119e-07,-4.421721300218451e-08,-5.6701249917523455e-08,1.0229584859189345e-06,0.2181592583656311,-0.052727144211530685,0.39731091260910034,0.01721917651593685,-1.255957045032119e-07,-4.4217216554898187e-08,-5.6701249917523455e-08,1.0229584859189345e-06,0.2181592583656311,-0.052727144211530685,-0.3295981287956238,-0.604271411895752,-2.9028747405845934e-08,3.0746898360689556e-09,-2.85217652162828e-07,5.648951173498062e-07,-0.8341966271400452,-0.2969374656677246,0.3295980989933014,0.6042713522911072,-2.9028747405845934e-08,3.0746898360689556e-09,2.852176237411186e-07,-5.648950605063874e-07,-0.8341966271400452,-0.2969374656677246,0.39730823040008545,0.017220105975866318,-1.4375882528838702e-07,8.361352143992917e-08,3.3659671316854656e-06,-9.156084388450836e-07,0.2181588113307953,-0.052726827561855316,0.39730820059776306,0.01722010411322117,1.4375883949924173e-07,-8.361352143992917e-08,-3.3659666769381147e-06,9.156083251582459e-07,0.2181588113307953,-0.052726827561855316,-0.1500106155872345,-0.633936882019043,-3.254111220485356e-07,1.986777391493888e-07,5.336057256499771e-06,-4.563054517348064e-06,-0.3020123839378357,-0.6853935718536377,0.1500106304883957,0.6339369416236877,3.254111220485356e-07,-1.986777391493888e-07,5.336057256499771e-06,-4.563054517348064e-06,-0.3020123839378357,-0.6853935718536377,0.4737789034843445,0.15815244615077972,0.7840558886528015,0.050373610109090805
1507.6448974609375,22.750274658203125,79.81968688964844,582.3685913085938,0.1839628964662552,-0.0200165007263422,9.186341287659161e-08,-3.3756959449959822e-09,5.3140006173180154e-08,-1.4236924528177042e-07,0.31923234462738037,0.057256728410720825,0.183962881565094,-0.0200165007263422,9.186341998201897e-08,-3.375696167040587e-09,5.313999551503912e-08,-1.423692310709157e-07,0.31923234462738037,0.057256728410720825,-0.7139005064964294,-0.4678236246109009,5.5341889293458735e-08,1.299426344303356e-08,-4.594528206780524e-07,2.5515447532598046e-07,-0.70585036277771,-0.386445015668869,0.7139005064964294,0.4678236246109009,5.5341892846172414e-08,1.299426433121198e-08,4.594528206780524e-07,-2.5515447532598046e-07,-0.70585036277771,-0.386445015668869,0.18396252393722534,-0.020016441121697426,-8.169384102529875e-08,1.8415882152567065e-08,-6.939771992620081e-07,1.2653927683459187e-07,0.3192324638366699,0.057256683707237244,0.18396255373954773,-0.020016442984342575,8.169384813072611e-08,-1.8415883928923904e-08,6.939772561054269e-07,-1.2653927683459187e-07,0.3192324638366699,0.057256683707237244,-0.16465488076210022,-0.8137630224227905,-2.4730559289309895e-07,9.167890624439679e-08,2.8738478263790057e-08,-1.5428598771904944e-06,0.204887256026268,-0.6375436782836914,0.16465486586093903,0.8137629628181458,2.473056213148084e-07,-9.167891334982414e-08,2.8738474711076378e-08,-1.5428597635036567e-06,0.204887256026268,-0.6375436782836914,0.7285128235816956,0.034243009984493256,0.6475644707679749,0.10518763214349747
726.1572265625,51.79396438598633,71.96527099609375,2563.31884765625,0.1919647753238678,0.15642794966697693,5.5696297351914836e-08,-1.271901055588387e-07,-3.305976576939429e-07,-3.460180408865199e-08,0.1247950866818428,0.05722299963235855,0.191964790225029,0.15642794966697693,5.5696300904628515e-08,-1.271901055588387e-07,-3.305976576939429e-07,-3.460180053593831e-08,0.1247950866818428,0.05722299963235855,-0.2712635099887848,-0.6311397552490234,5.1347743834639914e-08,-5.104473288497502e-08,-3.884755628291714e-08,8.341016766166831e-09,-0.7629364132881165,-0.39236992597579956,0.2712634801864624,0.6311396956443787,5.1347743834639914e-08,-5.104473288497502e-08,3.884755273020346e-08,-8.341016766166831e-09,-0.7629364132881165,-0.39236992597579956,0.19196480512619019,0.1564282327890396,-1.1564844193401314e-08,-1.5951033560668293e-07,3.2346324729815024e-08,1.7174980371237325e-07,0.12479481846094131,0.0572233572602272,0.191964790225029,0.15642821788787842,1.1564845081579733e-08,1.5951034981753764e-07,-3.2346321177101345e-08,-1.7174978950151853e-07,0.12479481846094131,0.0572233572602272,0.2426309883594513,-0.5340675115585327,3.121239267045439e-09,-2.2447048309004458e-07,-3.462287736510916e-07,6.90429601490905e-07,0.19819852709770203,-0.6749474406242371,-0.2426309883594513,0.5340675115585327,-3.121239489090044e-09,2.244704973008993e-07,-3.462287736510916e-07,6.90429601490905e-07,0.19819852709770203,-0.6749474406242371,0.4783835709095001,0.10738426446914673,0.7388072609901428,0.03308844566345215
1493.2730712890625,39.021728515625,76.0679702758789,1148.851318359375,0.26370832324028015,-0.04322315379977226,2.971883077407256e-07,4.7257813662326953e-07,3.7170522659835115e-07,7.731467910332412e-09,0.17733396589756012,0.060515858232975006,0.26370829343795776,-0.043223150074481964,2.971883077407256e-07,4.7257816504497896e-07,3.717051697549323e-07,7.731467022153993e-09,0.17733396589756012,0.060515858232975006,-0.6168608069419861,-0.4880516827106476,2.170918378396891e-07,9.700208636331809e-08,2.1626848933919973e-07,4.012855114865488e-08,-0.8029215335845947,-0.3301527500152588,0.6168608069419861,0.4880516827106476,2.170918378396891e-07,9.700208636331809e-08,-2.1626848933919973e-07,-4.012855114865488e-08,-0.8029215335845947,-0.3301527500152588,0.26370948553085327,-0.04322480782866478,3.7610737990689813e-07,7.471063412367585e-08,1.274561611808167e-07,4.4643613250627823e-07,0.17733435332775116,0.060515787452459335,0.26370948553085327,-0.04322480782866478,-3.7610740832860756e-07,-7.471063412367585e-08,-1.274561611808167e-07,-4.4643613250627823e-07,0.17733435332775116,0.060515787452459335,-0.08998352289199829,-0.7095760107040405,8.454877615804435e-07,-5.835186200897624e-08,1.7071970503934608e-08,1.3545262618208653e-06,-0.21724659204483032,-0.5340352654457092,0.0899835154414177,0.7095759510993958,-8.454877615804435e-07,5.835186200897624e-08,1.707196872757777e-08,1.3545260344471899e-06,-0.21724659204483032,-0.5340352654457092,0.6187117099761963,0.07141031324863434,0.7536838054656982,0.0351095050573349
1604.5665283203125,26.641393661499023,35.325294494628906,3512.2626953125,0.39977532625198364,-0.0892099067568779,-3.450424230777571e-07,1.655216586016195e-08,-6.827580278923051e-08,-2.684814148778969e-08,0.35035645961761475,-0.10064759105443954,0.39977529644966125,-0.0892098993062973,-3.450423946560477e-07,1.655216586016195e-08,-6.827580278923051e-08,-2.684814148778969e-08,0.35035645961761475,-0.10064759105443954,-0.6303063035011292,-0.41673052310943604,-1.362437558327656e-07,-4.651561980040242e-08,-6.969372634557658e-08,-3.055537334262226e-08,-0.7123843431472778,-0.3655979037284851,0.6303062438964844,0.41673046350479126,-1.362437558327656e-07,-4.651561980040242e-08,6.969371924014922e-08,3.055536978990858e-08,-0.7123843431472778,-0.3655979037284851,0.39977771043777466,-0.08920817822217941,-2.8784140226889576e-07,1.1822664447436182e-07,-8.92704079547002e-08,5.084257992393759e-08,0.3503566086292267,-0.10064756870269775,0.39977771043777466,-0.08920817822217941,2.8784140226889576e-07,-1.1822665157978918e-07,8.927040084927285e-08,-5.0842572818510234e-08,0.3503566086292267,-0.10064756870269775,-0.28082484006881714,-0.6133262515068054,-6.812594506300229e-07,2.5315026164207666e-07,1.910058244902757e-07,-6.594278545435373e-08,-0.31088945269584656,-0.6290950775146484,0.28082484006881714,0.6133262515068054,6.812594506300229e-07,-2.5315026164207666e-07,1.910058244902757e-07,-6.594278545435373e-08,-0.31088945269584656,-0.6290950775146484,0.578569233417511,0.19008350372314453,0.6470818519592285,0.15063539147377014
1772.697265625,15.27015495300293,85.74382019042969,1352.0384521484375,0.2728568911552429,-0.0151398666203022,1.1035683655791217e-07,1.842574874899583e-07,2.881237435303774e-07,-2.2302341307067763e-08,0.22545811533927917,0.09099706262350082,0.27285686135292053,-0.0151398666203022,1.1035683655791217e-07,1.842574874899583e-07,2.8812368668695854e-07,-2.2302337754354085e-08,0.22545811533927917,0.09099706262350082,-0.6957530975341797,-0.4402073919773102,9.365210473788466e-08,7.924376177470549e-08,1.745921025531061e-07,3.2521778603467055e-09,-0.722994327545166,-0.37988778948783875,0.6957530975341797,0.4402073919773102,9.365210473788466e-08,7.924376177470549e-08,-1.745921025531061e-07,-3.2521778603467055e-09,-0.722994327545166,-0.37988778948783875,0.2728562355041504,-0.015139544382691383,-9.948644930091177e-08,-3.983163132659229e-09,2.1477647749179596e-07,1.4913406687355746e-07,0.22545801103115082,0.09099726378917694,0.2728562653064728,-0.015139546245336533,9.948644219548441e-08,3.983163132659229e-09,-2.1477647749179596e-07,-1.4913406687355746e-07,0.22545801103115082,0.09099726378917694,-0.05706363916397095,-0.7561882138252258,-2.892861630243715e-07,8.26014385779672e-08,1.794461752524512e-07,3.22983964906598e-07,-0.17402352392673492,-0.5373324155807495,0.05706363543868065,0.756188154220581,2.892861630243715e-07,-8.26014385779672e-08,1.794461610415965e-07,3.2298393648488855e-07,-0.17402352392673492,-0.5373324155807495,0.6778548955917358,0.07468009740114212,0.6670355796813965,0.0591118261218071
1499.12890625,15.360919952392578,97.88619995117188,595.9888916015625,0.13940076529979706,-0.006358189973980188,-3.148662841567784e-08,-6.225983639751576e-08,-1.031710667120933e-06,4.732451941436011e-07,0.2920140326023102,0.11544322967529297,0.13940076529979706,-0.006358190439641476,-3.148663196839152e-08,-6.225983639751576e-08,-1.031710667120933e-06,4.732451941436011e-07,0.2920140326023102,0.11544322967529297,-0.7390871644020081,-0.45585086941719055,-7.970337279061823e-09,-1.9940481266189636e-08,-3.2940161531769263e-07,5.380117045206134e-07,-0.6948685050010681,-0.3985150158405304,0.7390871047973633,0.4558508098125458,-7.970337279061823e-09,-1.9940481266189636e-08,3.294015868959832e-07,-5.380116476771946e-07,-0.6948685050010681,-0.3985150158405304,0.13940095901489258,-0.006358230020850897,3.599943099175107e-08,8.017107688829128e-08,-1.0665587524272269e-06,8.877394748196821e-07,0.29201433062553406,0.1154436320066452,0.13940095901489258,-0.006358230020850897,-3.599943099175107e-08,-8.017108399371864e-08,1.0665586387403891e-06,-8.877393611328444e-07,0.29201433062553406,0.1154436320066452,-0.08983580768108368,-0.8441567420959473,6.976212318932085e-08,2.1471886668678053e-07,-3.7151214655750664e-06,1.1704763664965867e-06,0.37202292680740356,-0.5200189352035522,0.08983580768108368,0.8441567420959473,-6.976212318932085e-08,-2.1471886668678053e-07,-3.7151214655750664e-06,1.1704763664965867e-06,0.37202292680740356,-0.5200189352035522,0.7540498971939087,0.01947300136089325,0.6416564583778381,0.09859933704137802
408.2117919921875,8.068171501159668,63.470855712890625,2974.649169921875,-0.27946072816848755,0.03278080001473427,1.1486402051730238e-08,-6.211440251036038e-09,2.7952271608455703e-09,-2.2253754394796488e-08,-0.27770811319351196,0.032159578055143356,-0.27946072816848755,0.03278080001473427,1.1486401163551818e-08,-6.211440251036038e-09,2.7952271608455703e-09,-2.2253754394796488e-08,-0.27770811319351196,0.032159578055143356,-0.36054861545562744,-0.1667899638414383,3.0992075572555677e-09,-2.393349518570176e-09,-1.7252121509159224e-08,3.908831036625315e-09,-0.36891770362854004,-0.16743521392345428,0.36054861545562744,0.1667899638414383,3.099207335210963e-09,-2.393349296525571e-09,1.7252123285516063e-08,-3.908831480714525e-09,-0.36891770362854004,-0.16743521392345428,-0.2794612646102905,0.032780904322862625,-5.627015298159677e-09,-2.617387862002829e-09,6.553489306782012e-09,-3.828727557220191e-09,-0.2777087390422821,0.03215944766998291,-0.2794612646102905,0.03278091177344322,5.627014854070467e-09,2.617387639958224e-09,-6.553489750871222e-09,3.8287280013094005e-09,-0.2777087390422821,0.03215944766998291,0.3137204647064209,-0.06789079308509827,-8.873287660193796e-10,-3.01504043953571e-09,6.194387669467005e-09,5.889360998878601e-09,0.3179434835910797,-0.0695558711886406,-0.3137204647064209,0.06789079308509827,8.873287660193796e-10,3.01504043953571e-09,6.194387669467005e-09,5.889360998878601e-09,0.3179434835910797,-0.0695558711886406,0.16711218655109406,0.12446558475494385,0.17348386347293854,0.12336241453886032
681.04248046875,58.49656295776367,22.638063430786133,1091.9307861328125,0.44317033886909485,0.13536274433135986,3.782063018320514e-08,1.7486480885509081e-07,-3.0314689070110035e-07,-7.416505098944981e-08,0.3138543963432312,-0.026990458369255066,0.44317033886909485,0.13536274433135986,3.782063373591882e-08,1.7486482306594553e-07,-3.0314689070110035e-07,-7.416505098944981e-08,0.3138543963432312,-0.026990458369255066,-0.08978946506977081,-0.5617243051528931,3.838547257828395e-08,4.344774495734782e-08,-1.4113953739069984e-07,-2.3796852133273205e-07,-0.7542271018028259,-0.3292866349220276,0.08978945761919022,0.5617242455482483,3.838547257828395e-08,4.344774495734782e-08,1.4113953739069984e-07,2.3796850712187734e-07,-0.7542271018028259,-0.3292866349220276,0.4431699216365814,0.1353638768196106,-5.141806092012757e-09,-5.99565765924126e-08,-9.106786365009611e-07,3.866615259084938e-07,0.31385520100593567,-0.026990491896867752,0.44316986203193665,0.1353638619184494,5.141806536101967e-09,5.995658369783996e-08,9.106785796575423e-07,-3.8666149748678436e-07,0.31385520100593567,-0.026990491896867752,-0.031125854700803757,-0.5282846689224243,-1.0188529131482937e-07,1.2410859540068486e-07,-3.003727329087269e-07,2.1919727259955835e-06,-0.13660472631454468,-0.6633551716804504,0.031125854700803757,0.5282846689224243,1.0188529842025673e-07,-1.2410859540068486e-07,-3.003727329087269e-07,2.1919727259955835e-06,-0.13660472631454468,-0.6633551716804504,0.323596328496933,0.22809739410877228,0.6772882342338562,0.1060006320476532
1599.4520263671875,59.882591247558594,88.07959747314453,1352.66650390625,0.2877151668071747,-0.07210598140954971,-5.622188936627026e-08,6.076207341720874e-07,-6.829204721725546e-07,9.852043376668007e-07,0.14253316819667816,0.033560458570718765,0.2877151370048523,-0.07210597395896912,-5.622189291898394e-08,6.076207341720874e-07,-6.829204153291357e-07,9.852043376668007e-07,0.14253316819667816,0.033560458570718765,-0.369983047246933,-0.5695624351501465,8.19024918996547e-08,2.2244050512654212e-07,-3.34254679046353e-07,2.6232291361338866e-07,-0.8823632001876831,-0.23090949654579163,0.36998313665390015,0.569562554359436,8.19024918996547e-08,2.2244050512654212e-07,3.3425476431148127e-07,-2.6232299887851696e-07,-0.8823632001876831,-0.23090949654579163,0.28771236538887024,-0.07210623472929001,-7.984687755424602e-08,-3.826807812856714e-07,6.048196610208834e-07,1.205482504929023e-07,0.14253363013267517,0.03356042876839638,0.287712424993515,-0.0721062570810318,7.984689176510074e-08,3.8268080970738083e-07,-6.048198315511399e-07,-1.2054829312546644e-07,0.14253363013267517,0.03356042876839638,-0.08716998249292374,-0.587948739528656,2.1573248432105174e-07,-8.001554192560434e-07,-1.5681843024140107e-06,5.340015007959664e-08,-0.2636396288871765,-0.5407770872116089,0.08716998249292374,0.587948739528656,-2.1573251274276117e-07,8.001555329428811e-07,-1.568184188727173e-06,5.3400142974169285e-08,-0.2636396288871765,-0.5407770872116089,0.46128883957862854,0.08797929435968399,0.8318840265274048,0.021442007273435593
1367.441162109375,31.016555786132812,30.341949462890625,595.9301147460938,0.35809189081192017,-0.10236767679452896,3.6892490840045866e-08,4.988348933920861e-08,-7.286026004749147e-08,-3.933514562959317e-07,0.37081027030944824,-0.08795642107725143,0.3580918610095978,-0.10236766934394836,3.6892490840045866e-08,4.988348933920861e-08,-7.286025294206411e-08,-3.933514562959317e-07,0.37081027030944824,-0.08795642107725143,-0.6350138783454895,-0.453821063041687,1.351889489242808e-09,4.449432466913095e-08,2.2840175972760335e-07,-1.964552467370595e-07,-0.7130668759346008,-0.3502536118030548,0.6350138783454895,0.453821063041687,1.351889489242808e-09,4.449432466913095e-08,-2.2840175972760335e-07,1.964552467370595e-07,-0.7130668759346008,-0.3502536118030548,0.3580930829048157,-0.10236751288175583,-6.868963708939191e-08,1.8061408013636537e-07,1.0942046202444544e-07,-2.6156550347877783e-07,0.3708098232746124,-0.08795615285634995,0.35809314250946045,-0.10236752033233643,6.868964419481927e-08,-1.806141085580748e-07,-1.0942046202444544e-07,2.6156550347877783e-07,0.3708098232746124,-0.08795615285634995,-0.3200801908969879,-0.6685672998428345,-1.4184618635226798e-07,3.611908141465392e-07,-8.554779924452305e-07,-3.5225409078520897e-07,-0.22829924523830414,-0.6413688063621521,0.3200801908969879,0.6685672998428345,1.4184618635226798e-07,-3.611908141465392e-07,-8.554779924452305e-07,-3.5225409078520897e-07,-0.22829924523830414,-0.6413688063621521,0.609196126461029,0.1387089490890503,0.6311419606208801,0.14523659646511078
575.9328002929688,14.745989799499512,69.19488525390625,1005.792724609375,0.04254840314388275,0.27459970116615295,7.902660748015933e-09,4.5848420171523685e-08,8.01164574681934e-08,6.109175387791765e-08,0.026249337941408157,0.25456294417381287,0.04254839941859245,0.27459970116615295,7.902659859837513e-09,4.5848416618810006e-08,8.01164574681934e-08,6.109175387791765e-08,0.026249337941408157,0.25456294417381287,-0.3013690114021301,-0.4584723114967346,-1.4292429462159362e-08,1.9569950993059138e-08,5.6194604525217073e-08,3.186047337067066e-08,-0.3546256422996521,-0.45666298270225525,0.3013690114021301,0.4584723114967346,-1.4292429462159362e-08,1.9569950993059138e-08,-5.6194604525217073e-08,-3.186047337067066e-08,-0.3546256422996521,-0.45666298270225525,0.04254787042737007,0.274598628282547,-3.4623759415097766e-09,6.356388837502891e-08,7.813655145127996e-08,3.5295326661355375e-09,0.026249665766954422,0.2545640170574188,0.04254787042737007,0.2745985984802246,3.4623757194651716e-09,-6.356388837502891e-08,-7.813655145127996e-08,-3.5295324440909326e-09,0.026249665766954422,0.2545640170574188,0.4256743788719177,-0.26045727729797363,6.751337622290521e-08,1.0730452970619808e-07,1.0886039802926462e-07,-1.8068531915105268e-07,0.3961976170539856,-0.2829029858112335,-0.4256743788719177,0.26045727729797363,-6.751337622290521e-08,-1.0730452970619808e-07,1.0886039802926462e-07,-1.8068531915105268e-07,0.3961976170539856,-0.2829029858112335,0.30619561672210693,0.10614008456468582,0.3388928174972534,0.09664776921272278
739.3444213867188,62.051692962646484,65.81271362304688,733.8489990234375,0.2354954481124878,0.08191471546888351,-2.515097996536042e-08,-1.2996304121770663e-07,6.680423325633456e-07,-4.787306124853785e-07,0.10684797912836075,0.057739585638046265,0.2354954481124878,0.08191471546888351,-2.515098174171726e-08,-1.2996305542856135e-07,6.680423325633456e-07,-4.787306124853785e-07,0.10684797912836075,0.057739585638046265,-0.08789294958114624,-0.6372421383857727,-1.1665246546499475e-08,3.046871555056896e-08,1.442129331508113e-07,-2.8441507993193227e-07,-0.8381105065345764,-0.300515353679657,0.08789297938346863,0.6372423768043518,-1.1665247434677894e-08,3.046871910328264e-08,-1.4421297578337544e-07,2.8441516519706056e-07,-0.8381105065345764,-0.300515353679657,0.23549780249595642,0.08191484957933426,2.3680946981130546e-07,4.5981284557683466e-08,1.5601912082274794e-06,-4.380025870887039e-07,0.10684817284345627,0.057739466428756714,0.23549789190292358,0.08191487938165665,-2.3680948402216018e-07,-4.5981288110397145e-08,-1.5601915492879925e-06,4.3800267235383217e-07,0.10684817284345627,0.057739466428756714,0.17931392788887024,-0.4629107415676117,4.675670197684667e-07,6.320968850559439e-07,4.8248325583699625e-06,-4.648577032639878e-06,0.004390120506286621,-0.6230575442314148,-0.17931394279003143,0.46291080117225647,-4.6756707661188557e-07,-6.320969418993627e-07,4.8248325583699625e-06,-4.648577032639878e-06,0.004390120506286621,-0.6230575442314148,0.4138026833534241,0.06216812506318092,0.792738676071167,0.014750350266695023
1952.5994873046875,57.38211441040039,41.27853775024414,872.1182861328125,0.5024521946907043,-0.08269205689430237,-4.5900932832410035e-08,1.2651588576773065e-07,8.864992082635581e-07,-9.11064205411094e-07,0.35628414154052734,-0.11825817078351974,0.5024521946907043,-0.08269205689430237,-4.5900936385123714e-08,1.2651591418944008e-07,8.864991514201392e-07,-9.11064205411094e-07,0.35628414154052734,-0.11825817078351974,-0.3421926498413086,-0.5411190986633301,2.3689927797221344e-09,3.299631856634733e-08,1.2519022902779398e-06,-4.542678766483732e-07,-0.7850193381309509,-0.24529467523097992,0.34219273924827576,0.5411192178726196,2.3689930017667393e-09,3.2996322119061006e-08,-1.2519025176516152e-06,4.5426793349179206e-07,-0.7850193381309509,-0.24529467523097992,0.5024527907371521,-0.08268581330776215,-3.935845072078337e-08,1.35596209815958e-07,7.218037580969394e-07,-3.818877758021699e-06,0.3562849164009094,-0.11825716495513916,0.5024529099464417,-0.08268582820892334,3.9358454273497046e-08,-1.355962240268127e-07,-7.218038717837771e-07,3.81887821276905e-06,0.3562849164009094,-0.11825716495513916,-0.2963012158870697,-0.5853437781333923,-1.1736987914900965e-07,2.684573701117188e-07,-1.8121094171874574e-06,-4.351026746007847e-06,-0.24421349167823792,-0.5865996479988098,0.2963012158870697,0.5853437781333923,1.1736989335986436e-07,-2.684573985334282e-07,-1.8121094171874574e-06,-4.351026746007847e-06,-0.24421349167823792,-0.5865996479988098,0.40990567207336426,0.2592962086200714,0.6764248609542847,0.1409233808517456
1739.0543212890625,37.60169219970703,73.92782592773438,285.02813720703125,0.22953957319259644,-0.02781612053513527,-7.967123138996612e-08,-1.3271549903492996e-07,5.411890924733598e-06,-1.052181232807925e-05,0.37100502848625183,-0.0021100013982504606,0.22953957319259644,-0.02781612053513527,-7.967123138996612e-08,-1.3271549903492996e-07,5.411891379480949e-06,-1.0521811418584548e-05,0.37100502848625183,-0.0021100013982504606,-0.6480112671852112,-0.5119612812995911,-8.793159622655367e-08,-4.036748180169525e-08,1.1144514928673743e-06,-5.69487292523263e-06,-0.7183425426483154,-0.3463422656059265,0.6480112075805664,0.5119612216949463,-8.793159622655367e-08,-4.036748180169525e-08,-1.1144513791805366e-06,5.6948720157379285e-06,-0.7183425426483154,-0.3463422656059265,0.22953639924526215,-0.027816107496619225,8.211870294871915e-08,7.03325895301532e-08,3.888764695147984e-06,-9.986654731619637e-06,0.3710053265094757,-0.0021103827748447657,0.22953638434410095,-0.027816107496619225,-8.21187100541465e-08,-7.03325895301532e-08,-3.888764240400633e-06,9.986653822124936e-06,0.3710053265094757,-0.0021103827748447657,-0.25057321786880493,-0.7466728091239929,-4.4104552898716065e-08,1.5409320042181207e-07,8.372030606551562e-06,-3.838120755972341e-05,0.08601883053779602,-0.6711850166320801,0.25057321786880493,0.7466728091239929,4.4104552898716065e-08,-1.5409320042181207e-07,8.372030606551562e-06,-3.838120755972341e-05,0.08601883053779602,-0.6711850166320801,0.6820229291915894,0.053462155163288116,0.6359689831733704,0.13764917850494385
851.1798706054688,18.475263595581055,24.222694396972656,990.1507568359375,0.3400103747844696,-0.025513101369142532,-3.421303418349453e-08,-1.1593640891760515e-07,-1.7938955920726585e-07,-2.8765649418005523e-08,0.31336334347724915,-0.028916869312524796,0.3400103449821472,-0.02551310323178768,-3.421303418349453e-08,-1.1593641602303251e-07,-1.7938957341812056e-07,-2.8765651194362363e-08,0.31336334347724915,-0.028916869312524796,-0.6320012211799622,-0.46964356303215027,-1.3761796147093719e-08,-3.418210425820689e-08,-1.0239061509764724e-07,-4.0982431670499864e-08,-0.6786110401153564,-0.4383731186389923,0.6320012211799622,0.46964356303215027,-1.3761796147093719e-08,-3.418210425820689e-08,1.0239061509764724e-07,4.0982431670499864e-08,-0.6786110401153564,-0.4383731186389923,0.3400098383426666,-0.02551243267953396,9.944523782223769e-08,-3.102533696619503e-08,1.0232881919591819e-07,9.645102494459934e-08,0.3133631944656372,-0.02891721948981285,0.3400098383426666,-0.02551243267953396,-9.944523782223769e-08,3.102533696619503e-08,-1.0232881919591819e-07,-9.645102494459934e-08,0.3133631944656372,-0.02891721948981285,-0.1663992553949356,-0.6931495070457458,1.392392334764736e-07,-1.631404273894077e-07,1.2346683320174634e-07,1.4066148423808045e-07,-0.1975955367088318,-0.6911646127700806,0.1663992553949356,0.6931495070457458,-1.3923924768732832e-07,1.631404273894077e-07,1.2346683320174634e-07,1.4066148423808045e-07,-0.1975955367088318,-0.6911646127700806,0.6220352649688721,0.12918592989444733,0.6570139527320862,0.11236833035945892
998.6521606445312,67.16667175292969,69.11038208007812,262.9202575683594,0.0962127223610878,0.027827054262161255,-4.168859035758032e-09,1.1771183494602155e-07,9.243528324986983e-07,-1.7425358009859337e-06,0.1302393227815628,-0.0018318978836759925,0.0962127223610878,0.027827054262161255,-4.168859923936452e-09,1.1771184915687627e-07,9.243528324986983e-07,-1.7425359146727715e-06,0.1302393227815628,-0.0018318978836759925,-0.2673443853855133,-0.7402106523513794,-8.875965740173797e-09,4.1854868015889224e-08,-1.9570811105040775e-07,-3.606253358157119e-07,-0.9190752506256104,-0.18952147662639618,0.2673444151878357,0.7402107119560242,-8.875966628352217e-09,4.18548715686029e-08,1.9570811105040775e-07,3.606253358157119e-07,-0.9190752506256104,-0.18952147662639618,0.09621339291334152,0.02782638929784298,4.962298660871056e-08,-1.530502302671266e-08,1.4423053471546154e-06,-2.953282091766596e-06,0.13023917376995087,-0.001831740839406848,0.09621339291334152,0.02782639116048813,-4.962298305599688e-08,1.530502302671266e-08,-1.4423053471546154e-06,2.953282091766596e-06,0.13023917376995087,-0.001831740839406848,-0.10620216280221939,-0.7583752870559692,-3.501805778682865e-08,-1.9096635384130423e-08,3.582244062272366e-06,-2.5480570911895484e-05,0.1333635449409485,-0.7715269327163696,0.1062021553516388,0.7583752274513245,3.501805423411497e-08,1.9096633607773583e-08,3.582244062272366e-06,-2.5480570911895484e-05,0.1333635449409485,-0.7715269327163696,0.6193848848342896,0.010031232610344887,0.8806176781654358,0.01696563884615898
437.9215087890625,49.312923431396484,34.64196014404297,707.3427124023438,0.041490331292152405,0.4611589312553406,5.100903877064411e-08,-1.2168376883892051e-07,-6.799157858949911e-08,-5.874409794159874e-07,0.03553193435072899,0.39919570088386536,0.041490331292152405,0.46115896105766296,5.100903877064411e-08,-1.2168376883892051e-07,-6.799157858949911e-08,-5.874409794159874e-07,0.03553193435072899,0.39919570088386536,-0.10916832834482193,-0.183732271194458,3.239050272441091e-08,-9.788868737814482e-08,3.774975141368486e-07,2.2468735760838854e-09,-0.44642776250839233,-0.19116519391536713,0.10916834324598312,0.1837322860956192,3.239050272441091e-08,-9.788868737814482e-08,-3.774975141368486e-07,-2.2468735760838854e-09,-0.44642776250839233,-0.19116519391536713,0.04149095341563225,0.46116071939468384,-3.354684281475784e-07,-2.6277140818820044e-07,-1.1377255759725813e-06,-3.4574082974359044e-07,0.03553200513124466,0.39919552206993103,0.041490960866212845,0.4611607491970062,3.354684281475784e-07,2.6277143660990987e-07,1.1377255759725813e-06,3.4574082974359044e-07,0.03553200513124466,0.39919552206993103,0.07967589050531387,-0.2104966640472412,-3.83932842851209e-07,-2.1887588275149028e-07,-5.856798566128418e-07,2.1749939094206638e-07,0.10107098519802094,-0.43089696764945984,-0.07967589050531387,0.2104966640472412,3.839328712729184e-07,2.18875896962345e-07,-5.856798566128418e-07,2.1749939094206638e-07,0.10107098519802094,-0.43089696764945984,0.049007561057806015,0.24192526936531067,0.24406127631664276,0.17505449056625366
1185.62060546875,8.429911613464355,55.674652099609375,2541.472412109375,0.2138533890247345,0.013408862985670567,2.5565258354731668e-08,2.0501541797557365e-08,-9.42137567960799e-09,-4.384382634725625e-09,0.2056155502796173,0.016265280544757843,0.2138533890247345,0.013408862985670567,2.5565261907445347e-08,2.0501543573914205e-08,-9.421374791429571e-09,-4.384382634725625e-09,0.2056155502796173,0.016265280544757843,-0.7353945374488831,-0.4224863052368164,1.963859830311776e-08,1.6362303512096332e-08,-1.4827019612084769e-09,-1.6291173965399253e-09,-0.744871199131012,-0.4134417176246643,0.7353945374488831,0.4224863052368164,1.96386000794746e-08,1.6362303512096332e-08,1.4827019612084769e-09,1.6291173965399253e-09,-0.744871199131012,-0.4134417176246643,0.2138526290655136,0.01340874657034874,9.567878578309319e-08,-3.3928479581391e-08,9.077048446215485e-09,-2.1255619486737487e-08,0.2056157886981964,0.016265468671917915,0.21385259926319122,0.013408743776381016,-9.567878578309319e-08,3.392848313410468e-08,-9.077047558037066e-09,2.1255619486737487e-08,0.2056157886981964,0.016265468671917915,-0.09693291783332825,-0.7248738408088684,1.9376052762254403e-07,-8.635820591962329e-08,4.557513832992299e-08,-7.648686306538366e-08,-0.1064421534538269,-0.7167914509773254,0.09693291783332825,0.7248738408088684,-1.9376052762254403e-07,8.635820591962329e-08,4.557513832992299e-08,-7.648686306538366e-08,-0.1064421534538269,-0.7167914509773254,0.7230583429336548,0.06704188883304596,0.730816125869751,0.06465219706296921
597.5528564453125,68.4979019165039,65.14515686035156,326.56610107421875,0.08930318802595139,0.1089329943060875,1.2529820025974914e-07,6.628093274230196e-08,-2.6556750754025416e-07,-5.836622563037963e-07,0.09666015207767487,0.14376328885555267,0.08930320292711258,0.10893300920724869,1.2529822868145857e-07,6.628093984772931e-08,-2.655675359619636e-07,-5.836622563037963e-07,0.09666015207767487,0.14376328885555267,0.29523149132728577,-0.4286879301071167,1.7556388343109575e-08,2.636515361587044e-08,-4.390894403627499e-08,-2.104143703718364e-07,-0.7938504219055176,-0.267357736825943,-0.29523149132728577,0.4286879301071167,1.7556390119466414e-08,2.636515716858412e-08,4.390894048356131e-08,2.1041434195012698e-07,-0.7938504219055176,-0.267357736825943,0.08930251002311707,0.10893262177705765,-9.98950824282474e-08,-1.0091442348425517e-08,5.539760650208336e-08,-5.870373342986568e-07,0.09666024148464203,0.1437637358903885,0.08930250257253647,0.10893261432647705,9.989508953367476e-08,1.0091442348425517e-08,-5.5397602949369684e-08,5.870373342986568e-07,0.09666024148464203,0.1437637358903885,0.40130022168159485,-0.24260395765304565,-3.587512651392899e-07,8.675968277138679e-10,-5.175986643735087e-07,-1.3522833341994556e-06,0.16713792085647583,-0.4120291769504547,-0.4013002812862396,0.24260398745536804,3.5875129356099933e-07,-8.675968832250192e-10,-5.175986643735087e-07,-1.3522833341994556e-06,0.16713792085647583,-0.4120291769504547,0.27093496918678284,0.019841456785798073,0.7016786932945251,0.030011067166924477
582.9146728515625,61.57808303833008,94.07777404785156,337.954345703125,0.03841686621308327,0.07423058152198792,-1.7741536240123423e-08,-9.780271170711785e-08,2.618157282086031e-07,-2.531348002321465e-07,-0.016716368496418,0.14669741690158844,0.038416869938373566,0.07423058897256851,-1.7741536240123423e-08,-9.780271881254521e-08,2.618157282086031e-07,-2.5313482865385595e-07,-0.016716368496418,0.14669741690158844,0.154108926653862,-0.44468754529953003,-3.4482058874907295e-10,-2.3502611412595797e-08,-1.3129805154221685e-07,-1.473018897968359e-07,-0.7138636112213135,-0.3241785168647766,-0.1541089415550232,0.4446876049041748,-3.4482061650464857e-10,-2.3502613188952637e-08,1.3129805154221685e-07,1.473018897968359e-07,-0.7138636112213135,-0.3241785168647766,0.038417138159275055,0.07423175126314163,-4.67898750855511e-08,-2.720924818788717e-08,1.4894511934926413e-07,-5.168495249563421e-07,-0.016716383397579193,0.14669737219810486,0.03841714560985565,0.07423176616430283,4.67898750855511e-08,2.720924818788717e-08,-1.4894511934926413e-07,5.168495249563421e-07,-0.016716383397579193,0.14669737219810486,0.43460822105407715,-0.11724825203418732,-2.7360249532648595e-07,-6.455192647081276e-08,1.984066784643801e-06,-2.2382814677257556e-06,0.20802316069602966,-0.28261861205101013,-0.4346082806587219,0.11724826693534851,2.736025237481954e-07,6.455193357624012e-08,1.9840670120174764e-06,-2.238281695099431e-06,0.20802316069602966,-0.28261861205101013,0.2214965671300888,0.006986035034060478,0.6146929860115051,0.021799568086862564
1155.9202880859375,22.24281883239746,40.91518783569336,675.0374145507812,0.24734368920326233,-0.049150124192237854,-1.0555564955438967e-07,1.4307019569059776e-07,-4.278127221368777e-07,4.984754582437745e-07,0.3191286325454712,0.030611425638198853,0.24734367430210114,-0.049150124192237854,-1.0555564244896232e-07,1.4307019569059776e-07,-4.278126937151683e-07,4.984754582437745e-07,0.3191286325454712,0.030611425638198853,-0.7032939791679382,-0.45040589570999146,-6.674405028661567e-08,5.6821999550038527e-08,-1.6526006163530838e-07,1.110365062118035e-07,-0.7278332114219666,-0.36369600892066956,0.7032939791679382,0.45040589570999146,-6.674405028661567e-08,5.6821999550038527e-08,1.6526006163530838e-07,-1.110365062118035e-07,-0.7278332114219666,-0.36369600892066956,0.24734292924404144,-0.04915061593055725,1.5337460013142845e-07,-1.7446923550323845e-07,-4.006489575658634e-07,5.847023771821114e-07,0.31912821531295776,0.030612606555223465,0.24734292924404144,-0.04915061965584755,-1.5337461434228317e-07,1.7446923550323845e-07,4.006489575658634e-07,-5.847023771821114e-07,0.31912821531295776,0.030612606555223465,-0.2366013079881668,-0.774775505065918,2.5782932766560407e-07,-6.81111600897566e-07,-7.822895895515103e-07,1.904582632050733e-06,-0.014013603329658508,-0.6024882197380066,0.2366013079881668,0.774775505065918,-2.578293560873135e-07,6.811116577409848e-07,-7.822895895515103e-07,1.904582632050733e-06,-0.014013603329658508,-0.6024882197380066,0.6974878907203674,0.06359463930130005,0.662015974521637,0.10278014093637466
1320.115966796875,54.67540740966797,85.62544250488281,643.2630004882812,0.15562289953231812,0.006850389763712883,-1.3067308124448118e-08,1.0372566805472161e-07,1.5923680507512472e-07,1.0825485929899514e-07,0.19802066683769226,0.010335911996662617,0.15562289953231812,0.00685039022937417,-1.3067309012626538e-08,1.0372566805472161e-07,1.5923680507512472e-07,1.0825485219356779e-07,0.19802066683769226,0.010335911996662617,-0.49495449662208557,-0.6286605596542358,-3.5315494528731506e-08,4.4097593132619295e-08,9.698598546492576e-08,-2.8453047917764707e-08,-0.8515991568565369,-0.2737268805503845,0.49495449662208557,0.6286605596542358,-3.5315494528731506e-08,4.4097593132619295e-08,-9.698599257035312e-08,2.8453049694121546e-08,-0.8515991568565369,-0.2737268805503845,0.15562161803245544,0.006851273123174906,1.2407704730321711e-07,-7.62736220849547e-08,1.341202505500405e-06,-1.7630702586757252e-07,0.19802100956439972,0.010335730388760567,0.15562163293361664,0.00685127405449748,-1.240770330923624e-07,7.627360787409998e-08,-1.3412026191872428e-06,1.7630704007842724e-07,0.19802100956439972,0.010335730388760567,-0.10229524970054626,-0.780274510383606,3.138906095045968e-07,-3.446400853590603e-07,4.1803086787695065e-06,5.930108386564825e-07,0.13612131774425507,-0.7188540101051331,0.10229524224996567,0.7802744507789612,-3.1389058108288737e-07,3.446400569373509e-07,4.1803086787695065e-06,5.930108386564825e-07,0.13612131774425507,-0.7188540101051331,0.6401939988136292,0.024265412241220474,0.800147533416748,0.03931901603937149
872.375732421875,15.113384246826172,54.91864776611328,1313.1878662109375,0.18972916901111603,0.05356154963374138,1.313099744493229e-07,-3.958943040061058e-08,-1.557721276412849e-07,9.650858601162327e-08,0.16827259957790375,0.06192050874233246,0.18972916901111603,0.05356155335903168,1.3130998866017762e-07,-3.958943395332426e-08,-1.557721276412849e-07,9.650857890619591e-08,0.16827259957790375,0.06192050874233246,-0.6788955926895142,-0.48488670587539673,5.4988305464576115e-08,-2.3334889576176465e-08,-6.220714965365914e-08,7.1665544609800236e-09,-0.7101022601127625,-0.4546472132205963,0.6788956522941589,0.4848867654800415,5.4988309017289794e-08,-2.3334889576176465e-08,6.220714965365914e-08,-7.1665544609800236e-09,-0.7101022601127625,-0.4546472132205963,0.18972887098789215,0.05356116220355034,-4.170636280775852e-09,-9.082719287789587e-08,5.227649779726562e-08,1.3240942564607394e-07,0.16827288269996643,0.06192055344581604,0.18972888588905334,0.053561173379421234,4.170636724865062e-09,9.082719998332323e-08,-5.22765013499793e-08,-1.3240942564607394e-07,0.16827288269996643,0.06192055344581604,0.09686838835477829,-0.7042762637138367,3.991979014017488e-08,-2.7223393317399314e-07,2.0903503639146948e-07,3.52227743860567e-07,0.06376919150352478,-0.6767392754554749,-0.09686838835477829,0.7042762637138367,-3.991979369288856e-08,2.7223396159570257e-07,2.0903503639146948e-07,3.52227743860567e-07,0.06376919150352478,-0.6767392754554749,0.6982403993606567,0.056437160819768906,0.7141649723052979,0.052702032029628754
1674.7020263671875,29.514999389648438,41.00288772583008,1306.2906494140625,0.4054059684276581,-0.09649002552032471,6.669631602562731e-08,1.5621498050677474e-07,6.60221832760044e-09,-3.593752637698344e-07,0.32198798656463623,-0.06571352481842041,0.40540602803230286,-0.0964900329709053,6.669632313105467e-08,1.5621498050677474e-07,6.60221832760044e-09,-3.593752637698344e-07,0.32198798656463623,-0.06571352481842041,-0.6161053776741028,-0.4305465817451477,2.915937358238807e-08,8.258078310063866e-08,8.19066485746589e-08,-1.6376463918277295e-07,-0.730449914932251,-0.34991371631622314,0.6161054372787476,0.4305466413497925,2.915937358238807e-08,8.258078310063866e-08,-8.190665568008626e-08,1.6376465339362767e-07,-0.730449914932251,-0.34991371631622314,0.40540632605552673,-0.09648944437503815,-2.375019079181584e-07,-1.5119633189897286e-07,6.374479966098079e-08,1.4195798314631247e-07,0.3219878077507019,-0.0657135397195816,0.4054064154624939,-0.09648946672677994,2.375019079181584e-07,1.5119633189897286e-07,-6.374480676640815e-08,-1.419579973571672e-07,0.3219878077507019,-0.0657135397195816,-0.2445114701986313,-0.6483570337295532,-3.257630680764123e-07,-3.1496847441303544e-07,1.2335580379385647e-07,-1.1818147527264955e-07,-0.33149516582489014,-0.5895566940307617,0.2445114701986313,0.6483570337295532,3.2576309649812174e-07,3.1496847441303544e-07,1.2335580379385647e-07,-1.1818147527264955e-07,-0.33149516582489014,-0.5895566940307617,0.5649561882019043,0.17366433143615723,0.6559966802597046,0.10799452662467957
713.168701171875,64.71854400634766,25.168014526367188,2261.752197265625,0.4340687096118927,0.14196114242076874,-1.673572995741779e-07,7.525168399524773e-08,-5.470331529977557e-07,1.3619265928355162e-06,0.25467243790626526,-0.04505539685487747,0.4340687096118927,0.14196112751960754,-1.6735728536332317e-07,7.525167688982037e-08,-5.470331529977557e-07,1.3619265928355162e-06,0.25467243790626526,-0.04505539685487747,-0.00723649375140667,-0.5932503342628479,-4.294076916266931e-08,-1.9628239311675344e-10,-8.148010692821117e-07,5.755620691161312e-07,-0.826433002948761,-0.2770213782787323,0.00723649188876152,0.5932502150535583,-4.2940765609955633e-08,-1.9628237923896563e-10,8.14800955595274e-07,-5.755619554292934e-07,-0.826433002948761,-0.2770213782787323,0.43406811356544495,0.14195914566516876,6.654120454641088e-08,4.455500146605118e-08,1.8480566268408438e-06,-2.6619474624567374e-07,0.2546718120574951,-0.045055825263261795,0.4340679943561554,0.14195911586284637,-6.654120454641088e-08,-4.455500146605118e-08,-1.848056172093493e-06,2.661946894022549e-07,0.2546718120574951,-0.045055825263261795,-0.061466559767723083,-0.5891640186309814,3.7155510312913975e-07,3.0129422157187946e-07,-6.612337983824546e-07,-1.0026749350799946e-06,-0.18061235547065735,-0.6930475831031799,0.061466559767723083,0.5891640186309814,-3.7155510312913975e-07,-3.0129422157187946e-07,-6.612337983824546e-07,-1.0026749350799946e-06,-0.18061235547065735,-0.6930475831031799,0.35840293765068054,0.23281310498714447,0.7610359787940979,0.07450718432664871
1925.8961181640625,36.446170806884766,23.299264907836914,329.984130859375,0.5266874432563782,-0.16172748804092407,1.2613371325187472e-07,-1.6135987834786647e-07,-8.206607731153781e-07,-1.1112229003629182e-06,0.47966092824935913,-0.17944934964179993,0.5266873240470886,-0.16172745823860168,1.2613371325187472e-07,-1.6135986413701175e-07,-8.206606594285404e-07,-1.1112227866760804e-06,0.47966092824935913,-0.17944934964179993,-0.5168874263763428,-0.4173358380794525,8.940781981436885e-08,-9.099722575456326e-08,-7.929955927465926e-07,-4.880761821368651e-07,-0.6462458372116089,-0.32403111457824707,0.5168874263763428,0.4173358380794525,8.940781270894149e-08,-9.09972186491359e-08,7.929956495900115e-07,4.88076238980284e-07,-0.6462458372116089,-0.32403111457824707,0.5266862511634827,-0.16172806918621063,-1.7143112529538485e-07,7.33187661694501e-08,-1.1121277339043445e-06,-1.1812724096671445e-06,0.47966092824935913,-0.17944923043251038,0.5266862511634827,-0.16172806918621063,1.7143112529538485e-07,-7.33187661694501e-08,1.1121278475911822e-06,1.1812725233539823e-06,0.47966092824935913,-0.17944923043251038,-0.2795258164405823,-0.5408605933189392,-2.669809475719376e-07,1.4722577645898127e-07,-1.5275287523763836e-06,-2.4634625788166886e-06,-0.2477627396583557,-0.5588400959968567,0.2795257866382599,0.5408605337142944,2.669809475719376e-07,-1.4722576224812656e-07,-1.5275285250027082e-06,-2.463462351443013e-06,-0.2477627396583557,-0.5588400959968567,0.4413417875766754,0.303555428981781,0.5226298570632935,0.26227667927742004
1748.2398681640625,10.247364044189453,99.06442260742188,892.6326904296875,0.1977268010377884,-0.0197906456887722,5.514571910225641e-08,7.69572991998757e-08,-8.628645105090982e-07,-5.510731426738857e-09,0.34314510226249695,0.15526649355888367,0.1977268010377884,-0.019790643826127052,5.5145722654970086e-08,7.69572991998757e-08,-8.628643399788416e-07,-5.510730538560438e-09,0.34314510226249695,0.15526649355888367,-0.7263820171356201,-0.4509888291358948,3.098004697221768e-08,3.182128338607981e-08,-3.80822001488923e-07,3.155923167241781e-08,-0.6640114784240723,-0.3756321668624878,0.7263820767402649,0.45098888874053955,3.098004697221768e-08,3.182128338607981e-08,3.808220299106324e-07,-3.155923522513149e-08,-0.6640114784240723,-0.3756321668624878,0.19772712886333466,-0.01979074254631996,-1.4563525940758382e-09,-7.807928881220505e-08,-8.85963459040795e-07,-1.051989571010381e-07,0.3431459665298462,0.15526607632637024,0.19772712886333466,-0.019790740683674812,1.4563524830535357e-09,7.807928881220505e-08,8.859636295710516e-07,1.0519897131189282e-07,0.3431459665298462,0.15526607632637024,-0.08505555987358093,-0.8376340866088867,1.86251813971694e-08,-2.41621506802403e-07,-1.614433358554379e-06,-5.115829821988882e-07,0.27201008796691895,-0.43891608715057373,0.08505555242300034,0.8376339673995972,-1.86251813971694e-08,2.416214783806936e-07,-1.6144331311807036e-06,-5.115829253554693e-07,0.27201008796691895,-0.43891608715057373,0.7310217618942261,0.039487555623054504,0.5820107460021973,0.14185625314712524
525.3736572265625,23.301847457885742,50.024017333984375,2459.957763671875,0.08814328908920288,0.3555457592010498,-8.92358187343234e-10,-4.652719987063847e-09,3.7453702361744945e-08,-7.589775208316496e-08,0.10072755068540573,0.33429431915283203,0.08814327418804169,0.3555457592010498,-8.923582428543853e-10,-4.652719542974637e-09,3.7453705914458624e-08,-7.589775208316496e-08,0.10072755068540573,0.33429431915283203,-0.21133334934711456,-0.39590367674827576,4.671047992843569e-09,1.2181526898302764e-09,8.298497444769737e-10,-7.291976089618402e-08,-0.30870336294174194,-0.4031856954097748,0.21133334934711456,0.39590367674827576,4.671047992843569e-09,1.2181526898302764e-09,-8.298497444769737e-10,7.291976089618402e-08,-0.30870336294174194,-0.4031856954097748,0.08814428001642227,0.35554638504981995,1.2391155657098807e-08,-1.499687662942506e-08,-4.547586485159627e-08,1.1385139941921807e-08,0.10072823613882065,0.3342951238155365,0.08814428001642227,0.35554638504981995,-1.2391155657098807e-08,1.49968784057819e-08,4.547586129888259e-08,-1.1385139053743387e-08,0.10072823613882065,0.3342951238155365,0.33763399720191956,-0.3070971965789795,6.556866338769396e-08,-6.041146605184622e-08,-3.6597999297782735e-08,3.818381699716156e-08,0.346212774515152,-0.3667449951171875,-0.33763399720191956,0.3070971965789795,-6.556866338769396e-08,6.041146605184622e-08,-3.6597999297782735e-08,3.818381699716156e-08,0.346212774515152,-0.3667449951171875,0.20626626908779144,0.16090218722820282,0.2639223039150238,0.14434567093849182
1000.8925170898438,25.499420166015625,61.99795150756836,4023.36279296875,0.1602761149406433,0.035817816853523254,-3.961497441196116e-08,-2.6105219319561e-08,-4.9411685409950223e-08,-2.7765530319356913e-08,0.13807594776153564,0.02608906663954258,0.1602761149406433,0.035817816853523254,-3.961497085924748e-08,-2.6105219319561e-08,-4.9411685409950223e-08,-2.7765532095713752e-08,0.13807594776153564,0.02608906663954258,-0.7223770022392273,-0.45538920164108276,-2.0030313407914946e-08,2.1743520317585308e-09,-2.5539851122857726e-08,-4.207505011066814e-09,-0.7886704802513123,-0.3912540078163147,0.7223770022392273,0.45538920164108276,-2.0030313407914946e-08,2.1743520317585308e-09,2.5539851122857726e-08,4.207505011066814e-09,-0.7886704802513123,-0.3912540078163147,0.16027645766735077,0.035817839205265045,7.545835245537091e-08,1.8229323828222732e-08,-1.053928357919176e-07,7.971546978069455e-08,0.1380760371685028,0.026089273393154144,0.16027645766735077,0.035817839205265045,-7.545835245537091e-08,-1.8229323828222732e-08,1.053928357919176e-07,-7.971546978069455e-08,0.1380760371685028,0.026089273393154144,-0.0074562132358551025,-0.7165482044219971,9.10287241140395e-08,1.362580519526091e-07,-2.4177501245503663e-07,4.776079549628776e-07,-0.018129587173461914,-0.7281851768493652,0.0074562132358551025,0.7165482044219971,-9.10287241140395e-08,-1.362580519526091e-07,-2.4177501245503663e-07,4.776079549628776e-07,-0.018129587173461914,-0.7281851768493652,0.732304573059082,0.04677845537662506,0.7776188254356384,0.03496574983000755
1236.09814453125,28.24749183654785,70.84449768066406,889.2280883789062,0.2007514089345932,-0.024238774552941322,-9.030043202074012e-08,5.441946626660865e-08,6.359095436891948e-07,2.8784100436496374e-07,0.14499464631080627,0.09915141761302948,0.2007514089345932,-0.024238774552941322,-9.030042491531276e-08,5.441946271389497e-08,6.359095436891948e-07,2.8784100436496374e-07,0.14499464631080627,0.09915141761302948,-0.6919149160385132,-0.46486586332321167,-7.68497265823953e-09,3.5687712340859434e-08,1.0970747155170102e-07,1.337582062888032e-07,-0.7855318188667297,-0.36611127853393555,0.6919149160385132,0.46486586332321167,-7.684971770061111e-09,3.5687712340859434e-08,-1.0970747865712838e-07,-1.337582204996579e-07,-0.7855318188667297,-0.36611127853393555,0.20075029134750366,-0.02423873543739319,2.1274364314649574e-07,2.647128667376819e-07,2.5325684305244067e-07,-3.830042203389894e-07,0.14499498903751373,0.09915156662464142,0.20075027644634247,-0.02423873543739319,-2.1274362893564103e-07,-2.647128667376819e-07,-2.532568714741501e-07,3.8300424876069883e-07,0.14499498903751373,0.09915156662464142,-0.02465197443962097,-0.7623880505561829,6.95971777986415e-07,1.0311192681911052e-06,1.0788854751808685e-06,-2.1233120151009643e-06,-0.14387036859989166,-0.4484862983226776,0.02465197443962097,0.7623880505561829,-6.959717211429961e-07,-1.0311191545042675e-06,1.0788854751808685e-06,-2.1233120151009643e-06,-0.14387036859989166,-0.4484862983226776,0.694846510887146,0.040888648480176926,0.7510976791381836,0.030854450538754463
1316.720947265625,38.34952163696289,87.18928527832031,394.05950927734375,0.11926388740539551,0.0018278450006619096,5.759354948509099e-08,3.955299143765245e-10,3.6211654332873877e-06,-7.212589281380133e-08,0.24233677983283997,0.05144726485013962,0.11926387250423431,0.0018278448842465878,5.759354593237731e-08,3.955298866209489e-10,3.6211652059137123e-06,-7.212589281380133e-08,0.24233677983283997,0.05144726485013962,-0.6682958602905273,-0.525764524936676,3.8898544829635284e-08,1.8978983717943265e-08,3.4825646366698493e-07,7.601017415481692e-08,-0.7769653797149658,-0.3506450355052948,0.6682958602905273,0.525764524936676,3.8898544829635284e-08,1.8978983717943265e-08,-3.4825646366698493e-07,-7.601017415481692e-08,-0.7769653797149658,-0.3506450355052948,0.1192636713385582,0.0018273196183145046,-6.682491715537253e-08,-4.421528387865692e-08,2.719333451750572e-06,6.11622226642794e-07,0.24233655631542206,0.05144783481955528,0.1192636787891388,0.0018273198511451483,6.682492426079989e-08,4.42152874313706e-08,-2.719333451750572e-06,-6.11622226642794e-07,0.24233655631542206,0.05144783481955528,-0.1326238214969635,-0.804827868938446,-2.3831711359889596e-07,2.5053454422163668e-08,1.3891725757275708e-05,-8.645565685583279e-06,0.2971077263355255,-0.6484747529029846,0.1326238065958023,0.8048278093338013,2.3831711359889596e-07,-2.5053454422163668e-08,1.3891724847781006e-05,-8.645564776088577e-06,0.2971077263355255,-0.6484747529029846,0.7230477333068848,0.014227216131985188,0.7266271114349365,0.061373934149742126
1389.739501953125,67.36903381347656,94.13896179199219,1588.28173828125,0.27002137899398804,0.008256212808191776,2.813371793308761e-07,-1.7892057613266843e-08,-9.908625031584961e-08,-3.243094397475943e-07,0.10626381635665894,0.010578046552836895,0.2700214087963104,0.008256213739514351,2.8133720775258553e-07,-1.7892057613266843e-08,-9.908625031584961e-08,-3.2430941132588487e-07,0.10626381635665894,0.010578046552836895,-0.22606073319911957,-0.6478638052940369,1.2951986150255834e-07,1.892956236204668e-09,-3.473211052096303e-08,9.163423442259955e-08,-0.9180383086204529,-0.18845564126968384,0.22606076300144196,0.6478638648986816,1.2951987571341306e-07,1.892956236204668e-09,3.473211052096303e-08,-9.163423442259955e-08,-0.9180383086204529,-0.18845564126968384,0.2700267434120178,0.008257699199020863,-3.7482461578974835e-08,3.266627857101412e-07,3.0168614557624096e-06,-9.837591505856835e-07,0.10626371949911118,0.010577784851193428,0.2700267434120178,0.008257700130343437,3.7482461578974835e-08,-3.266628141318506e-07,-3.016861683136085e-06,9.837592642725212e-07,0.10626371949911118,0.010577784851193428,-0.12049277126789093,-0.5787605047225952,-1.1835310260721599e-06,8.331222147717199e-07,5.260040779830888e-06,-5.655635050061392e-06,-0.18823736906051636,-0.6592807769775391,0.12049278616905212,0.57876056432724,1.1835311397589976e-06,-8.331222716151387e-07,5.260040779830888e-06,-5.655635050061392e-06,-0.18823736906051636,-0.6592807769775391,0.4708309471607208,0.07297970354557037,0.8783099055290222,0.011403894051909447
1513.942626953125,36.8739128112793,92.44068908691406,2500.617919921875,0.2320304960012436,0.032738763839006424,-5.80658010562729e-08,1.419984982931055e-07,3.337786154133937e-07,-1.3981728841372387e-07,0.16481497883796692,0.030232515186071396,0.2320304661989212,0.032738760113716125,-5.80658010562729e-08,1.419984982931055e-07,3.337785869916843e-07,-1.3981727420286916e-07,0.16481497883796692,0.030232515186071396,-0.6451785564422607,-0.48457327485084534,2.7957932857702872e-08,1.3797131259707385e-07,2.658598532434553e-07,1.8282605651620543e-08,-0.7971646785736084,-0.3501272201538086,0.645178496837616,0.48457324504852295,2.7957932857702872e-08,1.3797131259707385e-07,-2.6585982482174586e-07,-1.8282603875263703e-08,-0.7971646785736084,-0.3501272201538086,0.2320297658443451,0.03273795545101166,-2.1466266986180926e-08,1.6619570430975728e-07,4.1284891949544544e-07,-3.378056590008782e-07,0.1648145318031311,0.030232856050133705,0.2320297807455063,0.03273795545101166,2.1466266986180926e-08,-1.6619570430975728e-07,-4.128488626520266e-07,3.378056305791688e-07,0.1648145318031311,0.030232856050133705,-0.05495031177997589,-0.6906732320785522,-3.502419758660835e-07,4.375277455892501e-07,3.508242230054748e-07,-6.831666610196407e-07,-0.09007379412651062,-0.6987903714179993,0.05495030805468559,0.6906731724739075,3.5024200428779295e-07,-4.3752777401095955e-07,3.508241661620559e-07,-6.83166547332803e-07,-0.09007379412651062,-0.6987903714179993,0.6580044627189636,0.08823607116937637,0.7636085152626038,0.05117351561784744
1247.920166015625,13.38960075378418,30.364675521850586,365.86297607421875,0.29900607466697693,-0.08959289640188217,-3.397895298462572e-08,-2.4470246273722296e-08,-3.0983594001554593e-07,-1.025102278617851e-06,0.36615318059921265,-0.07181212306022644,0.29900604486465454,-0.08959288150072098,-3.397895298462572e-08,-2.4470248050079135e-08,-3.0983594001554593e-07,-1.025102278617851e-06,0.36615318059921265,-0.07181212306022644,-0.7067576050758362,-0.42223089933395386,-1.685969053255576e-08,-1.2584253639147391e-08,-9.437793835331831e-08,-4.245810316660936e-07,-0.6893995404243469,-0.3913188874721527,0.7067576050758362,0.42223089933395386,-1.685969053255576e-08,-1.2584253639147391e-08,9.437793835331831e-08,4.245810316660936e-07,-0.6893995404243469,-0.3913188874721527,0.2990054488182068,-0.08959231525659561,8.03748978484009e-09,-1.721653575259552e-08,-3.167108388879569e-07,-1.0513862207517377e-06,0.36615321040153503,-0.07181192189455032,0.2990054488182068,-0.08959231525659561,-8.03748978484009e-09,1.721653575259552e-08,3.167108388879569e-07,1.0513862207517377e-06,0.36615321040153503,-0.07181192189455032,-0.33922475576400757,-0.7005210518836975,-2.051133263236693e-09,-3.189512298718e-08,-1.6050383919719025e-06,-2.267576519443537e-06,-0.19042639434337616,-0.6868621706962585,0.33922475576400757,0.7005210518836975,2.051133263236693e-09,3.189512298718e-08,-1.6050383919719025e-06,-2.267576519443537e-06,-0.19042639434337616,-0.6868621706962585,0.6777852177619934,0.09743151813745499,0.6284021735191345,0.13922512531280518
809.656982421875,36.79389953613281,53.59132766723633,392.9998474121094,0.18013140559196472,0.03615836426615715,6.051470791135216e-08,2.544674870819108e-08,-7.566668500658125e-07,-1.6012093340123101e-07,0.2498270869255066,0.12187141180038452,0.18013139069080353,0.03615836054086685,6.05147008059248e-08,2.544674693183424e-08,-7.566667932223936e-07,-1.6012093340123101e-07,0.2498270869255066,0.12187141180038452,-0.527040958404541,-0.5888074040412903,2.5647759471780773e-08,8.535251616592632e-09,-2.735761768235534e-07,-1.0852396314930957e-07,-0.7108287811279297,-0.40646013617515564,0.5270408987998962,0.5888073444366455,2.5647757695423934e-08,8.535250728414212e-09,2.735761768235534e-07,1.0852396314930957e-07,-0.7108287811279297,-0.40646013617515564,0.18013079464435577,0.03615812957286835,-4.911175821575853e-08,9.195220229685219e-08,-3.783371198551322e-07,-1.8331684259464964e-07,0.249826118350029,0.12187090516090393,0.18013079464435577,0.03615812957286835,4.911175466304485e-08,-9.195219519142483e-08,3.783371198551322e-07,1.8331684259464964e-07,0.249826118350029,0.12187090516090393,0.09966962039470673,-0.7660852074623108,4.681970722231199e-08,1.95762936527899e-07,-1.782382696546847e-06,6.441817959057516e-07,0.31965577602386475,-0.48839136958122253,-0.09966961294412613,0.766085147857666,-4.681970366959831e-08,-1.9576292231704429e-07,-1.782382696546847e-06,6.441817959057516e-07,0.31965577602386475,-0.48839136958122253,0.6244663596153259,0.033754751086235046,0.6704873442649841,0.07726621627807617
1578.5511474609375,51.78205108642578,36.33049392700195,2036.7760009765625,0.4492127597332001,-0.05987219139933586,2.654047932537651e-07,-2.5850818019534927e-07,-3.7647561157427845e-07,-3.956519094572286e-07,0.26458507776260376,-0.09866982698440552,0.44921278953552246,-0.05987219884991646,2.654047932537651e-07,-2.5850818019534927e-07,-3.7647561157427845e-07,-3.956519094572286e-07,0.26458507776260376,-0.09866982698440552,-0.48182690143585205,-0.4929039776325226,1.8248860556013824e-07,-5.926347768081541e-08,-3.398536705390143e-07,-4.4943931243324187e-07,-0.8162384033203125,-0.2737398147583008,0.4818269610404968,0.49290403723716736,1.8248861977099295e-07,-5.926348478624277e-08,3.398536705390143e-07,4.4943931243324187e-07,-0.8162384033203125,-0.2737398147583008,0.4492131471633911,-0.05987076833844185,-1.5180795287506044e-08,-6.789955619979082e-08,-1.0838467687790398e-06,-2.3227947565374052e-07,0.2645857334136963,-0.09866885095834732,0.4492131471633911,-0.05987076833844185,1.5180795287506044e-08,6.789955619979082e-08,1.0838467687790398e-06,2.3227948986459523e-07,0.2645857334136963,-0.09866885095834732,-0.274979829788208,-0.5613467693328857,-1.8271767032729258e-07,-3.2363803370571986e-07,-1.5332899465647643e-06,-1.51092038436218e-07,-0.4006505310535431,-0.6085508465766907,0.274979829788208,0.5613467693328857,1.8271767032729258e-07,3.2363803370571986e-07,-1.5332899465647643e-06,-1.51092038436218e-07,-0.4006505310535431,-0.6085508465766907,0.4751114845275879,0.2306070625782013,0.7411786317825317,0.09482365101575851
432.60089111328125,52.36140823364258,37.14592742919922,893.3587036132812,0.0030609057284891605,0.44127994775772095,-1.028107643463727e-08,-1.3841190416030713e-08,-8.269928031268137e-08,1.5589755264500127e-07,0.0005291466950438917,0.36722418665885925,0.003060905495658517,0.44127991795539856,-1.028107643463727e-08,-1.3841191304209133e-08,-8.269928031268137e-08,1.5589755264500127e-07,0.0005291466950438917,0.36722418665885925,-0.08702479302883148,-0.1800241619348526,5.365570032722644e-08,-4.103762307750003e-08,-2.147589412970774e-07,-3.173533613676227e-08,-0.4769805073738098,-0.17927545309066772,0.08702479302883148,0.1800241619348526,5.365570032722644e-08,-4.103762307750003e-08,2.1475895550793211e-07,3.173533968947595e-08,-0.4769805073738098,-0.17927545309066772,0.003061149502173066,0.441282719373703,-3.388482605615195e-09,-5.818606707563845e-10,6.021875975648072e-08,2.2216597983515385e-07,0.0005297138704918325,0.3672241270542145,0.00306114973500371,0.4412827491760254,3.3884828276598e-09,5.818606707563845e-10,-6.021876686190808e-08,-2.2216599404600856e-07,0.0005297138704918325,0.3672241270542145,0.08162916451692581,-0.18980006873607635,1.8619438435507618e-07,-6.93289408104647e-08,-3.337197256314539e-07,-2.647731811578069e-08,0.11699707806110382,-0.4481932520866394,-0.08162916451692581,0.18980006873607635,-1.8619438435507618e-07,6.93289408104647e-08,-3.337197256314539e-07,-2.647731811578069e-08,0.11699707806110382,-0.4481932520866394,0.041695889085531235,0.22868241369724274,0.2645985782146454,0.149995356798172
725.8346557617188,3.0121517181396484,69.48828125,218.68740844726562,0.11899591237306595,0.07195359468460083,1.4239337486898762e-09,-1.1279353451243423e-08,-2.8256386030989233e-07,2.2501560579257784e-06,0.10199033468961716,0.3446893095970154,0.11899591237306595,0.07195360213518143,1.4239338597121787e-09,-1.1279353451243423e-08,-2.8256386030989233e-07,2.2501560579257784e-06,0.10199033468961716,0.3446893095970154,-0.5630704760551453,-0.5554457902908325,1.2027415174920009e-10,-7.15954584507017e-09,-7.238700732159487e-07,1.3999499515193747e-06,-0.5370767712593079,-0.45808303356170654,0.5630704760551453,0.5554457902908325,1.2027415174920009e-10,-7.15954584507017e-09,7.238701300593675e-07,-1.3999501788930502e-06,-0.5370767712593079,-0.45808303356170654,0.1189957708120346,0.07195337116718292,3.2302369668002484e-09,1.658201931320491e-08,-1.1179296279806294e-06,2.4629489416838624e-06,0.10199026018381119,0.3446902930736542,0.11899576336145401,0.07195336371660233,-3.2302367447556435e-09,-1.658201753684807e-08,1.1179297416674672e-06,-2.462949169057538e-06,0.10199026018381119,0.3446902930736542,0.25642818212509155,-0.7243373394012451,1.4728157360366367e-08,4.991176538737818e-08,-1.6179146768990904e-05,4.147677543642203e-07,0.3349730968475342,0.0313091017305851,-0.25642818212509155,0.7243373394012451,-1.4728157360366367e-08,-4.991176538737818e-08,-1.6179146768990904e-05,4.147677543642203e-07,0.3349730968475342,0.0313091017305851,0.6255684494972229,0.01933734491467476,0.498291552066803,0.12921275198459625
999.7361450195312,28.737014770507812,97.5459213256836,395.3523254394531,0.0528244711458683,0.008062584325671196,-7.640787202944921e-08,5.274852110659367e-09,-1.272561007681361e-06,-1.2425292084117245e-07,0.14956042170524597,0.11553432792425156,0.052824467420578,0.008062583394348621,-7.640786492402185e-08,5.274851666570157e-09,-1.2725608939945232e-06,-1.2425293505202717e-07,0.14956042170524597,0.11553432792425156,-0.7292114496231079,-0.4827459752559662,-1.3053644387639451e-08,-2.589309600065093e-10,-3.490448534648749e-07,1.065031369762437e-07,-0.7781715989112854,-0.3787808418273926,0.7292114496231079,0.4827459752559662,-1.3053643499461032e-08,-2.589309600065093e-10,3.4904488188658434e-07,-1.0650314408167105e-07,-0.7781715989112854,-0.3787808418273926,0.052824296057224274,0.008062627166509628,5.8559887605724725e-08,5.1564754244282085e-08,-1.4919519344402943e-06,-2.1074039580071258e-07,0.14956049621105194,0.11553415656089783,0.05282429978251457,0.008062629029154778,-5.8559887605724725e-08,-5.1564754244282085e-08,1.491952048127132e-06,2.10740424222422e-07,0.14956049621105194,0.11553415656089783,0.036423295736312866,-0.8379380702972412,5.826665869790304e-07,3.5231005313107744e-07,-5.929713097430067e-06,3.6038693451700965e-07,0.5852547287940979,-0.28913888335227966,-0.03642329201102257,0.8379380106925964,-5.826665869790304e-07,-3.5231005313107744e-07,-5.929713097430067e-06,3.6038693451700965e-07,0.5852547287940979,-0.28913888335227966,0.7647930383682251,0.0028554298914968967,0.7490259408950806,0.03571649640798569
810.309326171875,8.98994255065918,27.955841064453125,1920.681396484375,0.32650747895240784,0.013278776779770851,7.581806293899263e-09,-2.12853490388909e-09,2.710265256666844e-08,2.635511719972783e-08,0.3200843334197998,0.01142086647450924,0.3265075087547302,0.013278777711093426,7.581806293899263e-09,-2.128534681844485e-09,2.7102656119382118e-08,2.6355120752441508e-08,0.3200843334197998,0.01142086647450924,-0.6247380971908569,-0.4769347906112671,7.204377983072163e-09,-1.9086321412231655e-10,1.7159541343403362e-08,2.2260897125647716e-08,-0.6369587779045105,-0.4698004424571991,0.6247380971908569,0.4769347906112671,7.204377983072163e-09,-1.9086321412231655e-10,-1.7159541343403362e-08,-2.2260897125647716e-08,-0.6369587779045105,-0.4698004424571991,0.3265080451965332,0.013278818689286709,-1.0214397327956704e-08,2.7874307306774426e-08,-1.7159184295678642e-08,-3.576890605927474e-08,0.320083886384964,0.01142137125134468,0.3265080451965332,0.013278818689286709,1.0214396439778284e-08,-2.7874305530417587e-08,1.7159184295678642e-08,3.576890605927474e-08,0.320083886384964,0.01142137125134468,-0.08310085535049438,-0.6945382356643677,1.48509746722425e-08,7.462960383008976e-08,-5.192362806383244e-08,-5.081142973040187e-08,-0.09034298360347748,-0.6941307783126831,0.08310086280107498,0.6945382952690125,-1.48509746722425e-08,-7.462960383008976e-08,-5.1923635169259796e-08,-5.081143683582923e-08,-0.09034298360347748,-0.6941307783126831,0.6210132241249084,0.12268338352441788,0.6299453377723694,0.11858393251895905
920.13330078125,20.06600570678711,84.20817565917969,579.3305053710938,0.09847298264503479,0.0164315365254879,3.2796069859841737e-08,-1.5477395365337543e-08,-9.227759392160806e-07,1.4061579634017107e-07,0.12861983478069305,0.19385725259780884,0.0984729751944542,0.0164315365254879,3.2796069859841737e-08,-1.5477395365337543e-08,-9.227759392160806e-07,1.4061579634017107e-07,0.12861983478069305,0.19385725259780884,-0.7076348662376404,-0.489862859249115,-1.3979932489416314e-10,-9.292621783174582e-09,-1.6984927242447156e-07,2.188173766626278e-07,-0.7355155348777771,-0.4131293296813965,0.7076348662376404,0.489862859249115,-1.3979932489416314e-10,-9.292621783174582e-09,1.6984927242447156e-07,-2.188173766626278e-07,-0.7355155348777771,-0.4131293296813965,0.0984729677438736,0.01643122173845768,7.85317766371918e-08,1.5270067876826943e-07,-1.196185053231602e-06,5.172906867301208e-07,0.12861981987953186,0.1938570886850357,0.0984729751944542,0.01643122360110283,-7.85317766371918e-08,-1.527006645574147e-07,1.1961849395447643e-06,-5.172906867301208e-07,0.12861981987953186,0.1938570886850357,0.2407856285572052,-0.8174402713775635,3.6421783988771494e-07,9.252286758965056e-07,-3.904036930180155e-06,1.264599973183067e-06,0.3739590048789978,-0.009519618935883045,-0.2407856285572052,0.8174402713775635,-3.6421783988771494e-07,-9.252286758965056e-07,-3.904036930180155e-06,1.264599973183067e-06,0.3739590048789978,-0.009519618935883045,0.7407127022743225,0.009966922923922539,0.7116588950157166,0.05412369966506958
544.3026733398438,47.610267639160156,39.261329650878906,3037.03125,0.23494714498519897,0.31830209493637085,2.6462529945092683e-08,-9.372533860130261e-09,6.758108384019579e-08,1.3657201591854573e-08,0.24561811983585358,0.21731987595558167,0.23494713008403778,0.31830206513404846,2.6462529945092683e-08,-9.372533860130261e-09,6.758108384019579e-08,1.3657200703676153e-08,0.24561811983585358,0.21731987595558167,-0.07608798146247864,-0.4218766987323761,2.275355193148698e-08,-1.4113265223159033e-08,2.037787183439832e-08,-2.5821291771421784e-09,-0.5200474858283997,-0.39722341299057007,0.07608798146247864,0.4218766987323761,2.275355193148698e-08,-1.4113265223159033e-08,-2.037787183439832e-08,2.5821291771421784e-09,-0.5200474858283997,-0.39722341299057007,0.23494693636894226,0.3183019757270813,5.087741339337981e-09,-5.686620241363016e-08,5.4326779519442425e-08,4.157685395966837e-08,0.24561788141727448,0.21731936931610107,0.23494693636894226,0.3183020055294037,-5.087741783427191e-09,5.686620596634384e-08,-5.4326779519442425e-08,-4.157685395966837e-08,0.24561788141727448,0.21731936931610107,0.22789901494979858,-0.3508496582508087,-7.133012758231416e-08,-3.6644141943042996e-08,-2.550561930547701e-07,-6.440594546575085e-08,0.18034234642982483,-0.5402109622955322,-0.22789901494979858,0.3508496582508087,7.133013468774152e-08,3.6644141943042996e-08,-2.550561646330607e-07,-6.440593836032349e-08,0.18034234642982483,-0.5402109622955322,0.18715503811836243,0.18550525605678558,0.431573748588562,0.12154792994260788
1029.827880859375,10.145442962646484,52.20903015136719,3569.13818359375,0.18245479464530945,0.020922498777508736,9.093044184282917e-08,1.608727551172251e-08,-2.4353193239790016e-08,-5.646592082797497e-09,0.17710070312023163,0.02069082483649254,0.18245479464530945,0.020922498777508736,9.093044894825653e-08,1.608727551172251e-08,-2.4353193239790016e-08,-5.646592082797497e-09,0.17710070312023163,0.02069082483649254,-0.7460085153579712,-0.42557021975517273,5.8834803695617666e-08,-2.401947263308557e-08,-2.3802479987011793e-08,-2.8730873236071375e-09,-0.7569208145141602,-0.415160208940506,0.7460085153579712,0.42557021975517273,5.8834803695617666e-08,-2.401947263308557e-08,2.3802479987011793e-08,2.8730873236071375e-09,-0.7569208145141602,-0.415160208940506,0.18245530128479004,0.020922400057315826,1.907203106554789e-08,-8.368903792188576e-08,3.085123623236541e-08,4.705947631578056e-08,0.17710094153881073,0.020690541714429855,0.18245528638362885,0.020922400057315826,-1.907203284190473e-08,8.368904502731311e-08,-3.085123623236541e-08,-4.7059479868494236e-08,0.17710094153881073,0.020690541714429855,-0.06874917447566986,-0.7314041256904602,5.893113907973202e-08,-2.476499503245577e-07,5.1083766550164e-08,1.5314229528939904e-07,-0.07325160503387451,-0.7291605472564697,0.06874916702508926,0.7314040660858154,-5.893113907973202e-08,2.476499503245577e-07,5.1083766550164e-08,1.5314229528939904e-07,-0.07325160503387451,-0.7291605472564697,0.7406415939331055,0.0515168197453022,0.7484560608863831,0.04957272857427597
1371.005126953125,48.010440826416016,91.75083923339844,1263.8021240234375,0.2230161428451538,-0.011208795942366123,-9.882140261652239e-08,2.4189118263961973e-08,4.854554731537064e-07,4.873646162195655e-07,0.13918031752109528,0.051543451845645905,0.22301612794399261,-0.011208795942366123,-9.882139551109503e-08,2.4189118263961973e-08,4.854554163102875e-07,4.873646162195655e-07,0.13918031752109528,0.051543451845645905,-0.5625947713851929,-0.5408673882484436,1.1446990555441516e-07,5.758931820309954e-08,4.0063079609353736e-07,3.160622554787551e-07,-0.838001012802124,-0.30323970317840576,0.5625948309898376,0.5408674478530884,1.144698984489878e-07,5.758931109767218e-08,-4.0063088135866565e-07,-3.1606231232217397e-07,-0.838001012802124,-0.30323970317840576,0.22301776707172394,-0.011208565905690193,1.2955489125943132e-07,-4.057647373656437e-08,7.773372203701001e-07,-2.46892483346528e-07,0.13917970657348633,0.051544059067964554,0.22301781177520752,-0.011208566837012768,-1.295548770485766e-07,4.057647373656437e-08,-7.773373340569378e-07,2.468925401899469e-07,0.13917970657348633,0.051544059067964554,-0.042562417685985565,-0.6671885848045349,1.2569697105391242e-07,9.001879419656689e-08,1.8976235196532798e-06,1.3829843226176308e-07,-0.10772651433944702,-0.5837647318840027,0.042562417685985565,0.6671885848045349,-1.2569697105391242e-07,-9.001879419656689e-08,1.8976235196532798e-06,1.3829843226176308e-07,-0.10772651433944702,-0.5837647318840027,0.609050452709198,0.049861837178468704,0.79420006275177,0.022027887403964996
678.827392578125,64.70723724365234,50.95318603515625,880.4995727539062,0.24695861339569092,0.16626544296741486,1.3148307687060878e-07,-1.6941258706992812e-07,7.895324216633526e-08,-8.189875870812102e-07,0.15304000675678253,0.038715604692697525,0.24695861339569092,0.16626545786857605,1.314830910814635e-07,-1.6941260128078284e-07,7.895324927176262e-08,-8.189875870812102e-07,0.15304000675678253,0.038715604692697525,0.05815507471561432,-0.5992673635482788,4.062747649413723e-08,-6.660810925041005e-08,7.983530991850785e-08,-2.7589518936110835e-07,-0.8230057954788208,-0.29865267872810364,-0.058155082166194916,0.5992674231529236,4.0627480046850906e-08,-6.660811635583741e-08,-7.983530991850785e-08,2.7589518936110835e-07,-0.8230057954788208,-0.29865267872810364,0.246957927942276,0.16626451909542084,1.8869572571134086e-09,1.1599238014525781e-08,-1.5566223510177224e-06,-1.5394065258078626e-06,0.1530398726463318,0.03871576488018036,0.246957927942276,0.16626451909542084,-1.8869570350688036e-09,-1.1599236238168942e-08,1.5566223510177224e-06,1.5394066394947004e-06,0.1530398726463318,0.03871576488018036,0.16303721070289612,-0.43133461475372314,-1.1533699506571793e-07,3.34281821778859e-07,-6.836738066340331e-06,-6.168729100863857e-07,0.005740225315093994,-0.7045890092849731,-0.16303719580173492,0.43133458495140076,1.1533698796029057e-07,-3.342817933571496e-07,-6.836738066340331e-06,-6.168729100863857e-07,0.005740225315093994,-0.7045890092849731,0.36250340938568115,0.10935062915086746,0.7665319442749023,0.03349793702363968
1158.944580078125,37.29559326171875,63.64223098754883,599.9677124023438,0.1697443723678589,-0.010168044827878475,8.668477846640599e-08,-8.655086247699728e-08,-8.630829384514982e-09,-2.515270409730874e-07,0.2403423935174942,0.029863888397812843,0.1697443723678589,-0.01016804575920105,8.668477846640599e-08,-8.655086958242464e-08,-8.630830272693402e-09,-2.515270409730874e-07,0.2403423935174942,0.029863888397812843,-0.6616095304489136,-0.5150581002235413,5.215220966192646e-08,-4.1757949986731546e-08,-8.952958552299606e-08,-3.372675649870871e-08,-0.7859253287315369,-0.3474603593349457,0.6616094708442688,0.5150580406188965,5.215220966192646e-08,-4.1757949986731546e-08,8.952957131214134e-08,3.372675294599503e-08,-0.7859253287315369,-0.3474603593349457,0.16974365711212158,-0.010167282074689865,2.2379872177680227e-08,1.360225923008329e-07,1.5042301848566808e-09,-4.139418763315916e-08,0.24034225940704346,0.029863912612199783,0.1697436422109604,-0.01016728114336729,-2.2379872177680227e-08,-1.360225923008329e-07,-1.5042300738343783e-09,4.1394180527731805e-08,0.24034225940704346,0.029863912612199783,-0.1314428150653839,-0.8086891174316406,2.626335060540441e-07,3.093759914918337e-07,1.7583290912170924e-07,-9.066660595635767e-07,0.14933724701404572,-0.6870136857032776,0.1314428150653839,0.8086891174316406,-2.626335060540441e-07,-3.093759914918337e-07,1.7583290912170924e-07,-9.066660595635767e-07,0.14933724701404572,-0.6870136857032776,0.7030120491981506,0.02891653962433338,0.7384072542190552,0.05865631625056267
1772.6806640625,11.672930717468262,32.0386962890625,921.8408813476562,0.424790620803833,-0.14075763523578644,1.0047022414028106e-07,-1.0007972406356203e-07,-2.8014758868266654e-07,-5.11553650994756e-07,0.47377079725265503,-0.029322704300284386,0.4247905910015106,-0.14075763523578644,1.0047022414028106e-07,-1.0007972406356203e-07,-2.8014761710437597e-07,-5.11553650994756e-07,0.47377079725265503,-0.029322704300284386,-0.6355742812156677,-0.4025207459926605,7.510673327715267e-08,-6.338728297805574e-08,-1.6896444776648423e-07,-2.642427432419936e-07,-0.6233890056610107,-0.31939125061035156,0.635574221611023,0.40252068638801575,7.510673327715267e-08,-6.338728297805574e-08,1.689644193447748e-07,2.6424268639857473e-07,-0.6233890056610107,-0.31939125061035156,0.42478930950164795,-0.1407567262649536,-2.7692217940966657e-07,-1.654510555226807e-07,-2.6639321504262625e-07,-4.4574971980182454e-07,0.47376924753189087,-0.02932252176105976,0.4247892498970032,-0.14075671136379242,2.7692217940966657e-07,1.654510555226807e-07,2.663931866209168e-07,4.4574963453669625e-07,0.47376924753189087,-0.02932252176105976,-0.2899627983570099,-0.6322706341743469,-4.622204130555474e-07,-1.7424039810975955e-07,-5.171828547645418e-07,-7.19976412710821e-07,-0.18497098982334137,-0.4622008502483368,0.2899627983570099,0.6322706341743469,4.6222044147725683e-07,1.7424041232061427e-07,-5.171828547645418e-07,-7.19976412710821e-07,-0.18497098982334137,-0.4622008502483368,0.5659776329994202,0.20025978982448578,0.4906246066093445,0.22531859576702118
1117.759765625,22.460025787353516,94.04963684082031,1340.3773193359375,0.1301441490650177,0.04284199699759483,-8.857460898070713e-08,-5.0146187646760154e-08,-1.4193723529842828e-07,-1.1825391510456029e-07,0.10571473836898804,0.07525927573442459,0.1301441639661789,0.04284200072288513,-8.857460898070713e-08,-5.0146187646760154e-08,-1.4193723529842828e-07,-1.1825391510456029e-07,0.10571473836898804,0.07525927573442459,-0.7281742095947266,-0.4575129449367523,-8.016625230311547e-08,-4.62550282520624e-08,-7.336426222082082e-08,-2.0011974299904978e-08,-0.7701802849769592,-0.39874765276908875,0.7281741499900818,0.45751288533210754,-8.016625230311547e-08,-4.62550282520624e-08,7.336425511539346e-08,2.0011972523548138e-08,-0.7701802849769592,-0.39874765276908875,0.13014455139636993,0.04284224659204483,1.7293025678100094e-07,1.346960090131688e-07,-1.094282779945388e-07,1.116089265451592e-08,0.1057143434882164,0.07525964826345444,0.13014453649520874,0.04284223914146423,-1.7293027099185565e-07,-1.346960090131688e-07,1.0942826378368409e-07,-1.11608917663375e-08,0.1057143434882164,0.07525964826345444,0.16507165133953094,-0.6785206198692322,5.705932153432514e-07,3.932466654532618e-07,-2.549694215758791e-07,-3.0691313668285147e-07,0.10854092240333557,-0.5689815282821655,-0.16507165133953094,0.6785206198692322,-5.705932721866702e-07,-3.9324669387497124e-07,-2.549694215758791e-07,-3.0691313668285147e-07,0.10854092240333557,-0.5689815282821655,0.7413066625595093,0.03045882098376751,0.7586352825164795,0.03488749638199806
1222.2337646484375,42.64274597167969,54.82920837402344,292.47650146484375,0.19378948211669922,-0.015840597450733185,-1.0588947674250448e-07,9.741401640894765e-08,1.0848843601252156e-07,-4.168886789557291e-06,0.2622741758823395,-0.019417166709899902,0.19378948211669922,-0.015840597450733185,-1.0588947674250448e-07,9.741401640894765e-08,1.0848843601252156e-07,-4.168886789557291e-06,0.2622741758823395,-0.019417166709899902,-0.6330668926239014,-0.5373679399490356,-3.1330028349429995e-08,7.868261775456631e-08,-2.4826768196817284e-08,5.113038810122816e-07,-0.7933608293533325,-0.33099016547203064,0.6330668926239014,0.5373679399490356,-3.1330028349429995e-08,7.868261775456631e-08,2.4826771749530963e-08,-5.113039378557005e-07,-0.7933608293533325,-0.33099016547203064,0.19378924369812012,-0.015839669853448868,8.123991790398577e-08,1.160845286563017e-08,-5.4705480145855745e-09,-2.1825505882588914e-06,0.2622750699520111,-0.019417181611061096,0.19378924369812012,-0.015839669853448868,-8.123991079855841e-08,-1.160845108927333e-08,5.470548458674784e-09,2.182550815632567e-06,0.2622750699520111,-0.019417181611061096,-0.23809736967086792,-0.7619951963424683,2.2900040619333595e-07,3.809305226809556e-08,-6.2256767705548555e-06,-1.9587945644161664e-05,0.002837657928466797,-0.7529978156089783,0.23809736967086792,0.7619951963424683,-2.2900039198248123e-07,-3.809304871538188e-08,-6.2256767705548555e-06,-1.9587945644161664e-05,0.002837657928466797,-0.7529978156089783,0.6895380020141602,0.03780528903007507,0.7389758825302124,0.06916477531194687
1130.98486328125,8.318869590759277,30.744380950927734,680.689697265625,0.28160354495048523,-0.07521884888410568,2.072626736904226e-09,-2.848099533991899e-08,3.1488845309013413e-08,-6.992714673970113e-08,0.33991819620132446,0.035915885120630264,0.28160351514816284,-0.07521884143352509,2.072626736904226e-09,-2.8480991787205312e-08,3.1488845309013413e-08,-6.992714673970113e-08,0.33991819620132446,0.035915885120630264,-0.7185170650482178,-0.4205203652381897,-2.1365367253167733e-09,-2.3399641335686283e-08,-4.1671885497862604e-08,-1.240098299604142e-07,-0.707610011100769,-0.36068618297576904,0.7185170650482178,0.4205203652381897,-2.1365365032721684e-09,-2.3399639559329444e-08,4.1671885497862604e-08,1.240098299604142e-07,-0.707610011100769,-0.36068618297576904,0.28160279989242554,-0.075218565762043,1.3126108910910261e-07,-5.3178897729821983e-08,-6.740538793792439e-08,-1.8040221050341643e-07,0.33991846442222595,0.03591594099998474,0.28160277009010315,-0.075218565762043,-1.312610748982479e-07,5.3178897729821983e-08,6.740538793792439e-08,1.8040221050341643e-07,0.33991846442222595,0.03591594099998474,-0.29243382811546326,-0.7409901022911072,2.6966219479618303e-07,-1.9092846059720614e-07,1.5183658774731157e-07,-2.120735445032551e-07,-0.11882206797599792,-0.5219866037368774,0.29243382811546326,0.7409901022911072,-2.696621663744736e-07,1.9092844638635142e-07,1.5183658774731157e-07,-2.120735445032551e-07,-0.11882206797599792,-0.5219866037368774,0.6931041479110718,0.08495844155550003,0.6308064460754395,0.11683433502912521
1361.905029296875,52.388362884521484,71.71241760253906,262.1778564453125,0.16769620776176453,0.005359287839382887,4.31863504957164e-08,-6.768674154500331e-08,1.823775392040261e-06,-5.197770406084601e-06,0.25336557626724243,-0.00636111106723547,0.16769622266292572,0.005359287839382887,4.31863504957164e-08,-6.768674865043067e-08,1.8237756194139365e-06,-5.197770860831952e-06,0.25336557626724243,-0.00636111106723547,-0.5422869920730591,-0.6076319813728333,3.611998167230013e-08,-9.1407450497627e-09,-8.094283430182259e-07,-1.0472817848494742e-06,-0.8239978551864624,-0.28706786036491394,0.5422870516777039,0.607632040977478,3.6119985225013806e-08,-9.14074593794112e-09,8.094283998616447e-07,1.0472817848494742e-06,-0.8239978551864624,-0.28706786036491394,0.16769617795944214,0.005360055714845657,-4.979885659395222e-08,2.4292123868008275e-09,1.0588079248918802e-06,-5.572886948357336e-06,0.2533656060695648,-0.006361554842442274,0.16769620776176453,0.005360056646168232,4.979885659395222e-08,-2.4292123868008275e-09,-1.058808038578718e-06,5.572887403104687e-06,0.2533656060695648,-0.006361554842442274,-0.18839967250823975,-0.7611136436462402,-1.0509862136132142e-07,2.4513406060577836e-07,9.17654688237235e-06,-2.3306765797315165e-05,0.09912109375,-0.7304033637046814,0.18839970231056213,0.7611137628555298,1.0509862846674878e-07,-2.451340890274878e-07,9.176547791867051e-06,-2.330676761630457e-05,0.09912109375,-0.7304033637046814,0.663291871547699,0.02815074287354946,0.7613804340362549,0.06423457711935043
1708.671630859375,3.224564790725708,31.55930519104004,2685.32080078125,0.41826131939888,-0.11166249215602875,1.438709240630942e-08,3.465997489016104e-09,3.212907628835637e-08,2.261518439183874e-08,0.41069188714027405,-0.11031439155340195,0.4182613492012024,-0.11166250705718994,1.438709329448784e-08,3.4659977110607088e-09,3.212907984107005e-08,2.2615187944552417e-08,0.41069188714027405,-0.11031439155340195,-0.6480454206466675,-0.3839043378829956,9.878008633279478e-09,-3.133234782737304e-09,2.090143880195683e-08,1.6745524078487506e-08,-0.6535000801086426,-0.3821585178375244,0.6480454206466675,0.3839043378829956,9.878008633279478e-09,-3.133234782737304e-09,-2.0901440578313668e-08,-1.6745525854844345e-08,-0.6535000801086426,-0.3821585178375244,0.41826221346855164,-0.11166223138570786,4.5157753092439634e-09,-2.5341153175872932e-08,1.131381210939253e-08,9.232153708182977e-09,0.41069209575653076,-0.11031477153301239,0.4182622730731964,-0.11166225373744965,-4.5157753092439634e-09,2.5341154952229772e-08,-1.1313813885749369e-08,-9.232155484539817e-09,0.41069209575653076,-0.11031477153301239,-0.27893105149269104,-0.6003782749176025,1.1480402406505164e-08,-3.3817698863458645e-08,1.924823322951852e-08,1.703215879444997e-08,-0.2895910441875458,-0.5980111956596375,0.2789310812950134,0.6003783345222473,-1.1480402406505164e-08,3.3817698863458645e-08,1.9248235005875358e-08,1.703216057080681e-08,-0.2895910441875458,-0.5980111956596375,0.5736163854598999,0.20672398805618286,0.5807902812957764,0.19949765503406525
1957.7969970703125,1.3547331094741821,28.259706497192383,358.81494140625,0.4575527012348175,-0.16342175006866455,-3.1390987587087693e-09,-2.6921675999602712e-09,3.810310090557323e-06,-6.966877208469668e-06,0.5309200286865234,-0.13546283543109894,0.4575527310371399,-0.16342175006866455,-3.1390989807533742e-09,-2.6921673779156663e-09,3.810310090557323e-06,-6.966877663217019e-06,0.5309200286865234,-0.13546283543109894,-0.6203749775886536,-0.38430845737457275,-2.1064920918689722e-09,-2.0960500002331628e-09,2.76506807495025e-06,-3.3839849038486136e-06,-0.5737477540969849,-0.36127015948295593,0.6203749775886536,0.38430845737457275,-2.1064920918689722e-09,-2.0960500002331628e-09,-2.76506807495025e-06,3.3839849038486136e-06,-0.5737477540969849,-0.36127015948295593,0.4575533866882324,-0.16342051327228546,1.653434833492895e-09,9.703813308448161e-10,3.6865849324385636e-06,-6.686674623779254e-06,0.53091961145401,-0.13546334207057953,0.4575534164905548,-0.16342052817344666,-1.6534347224705925e-09,-9.703813308448161e-10,-3.686584705064888e-06,6.686674623779254e-06,0.53091961145401,-0.13546334207057953,-0.299611896276474,-0.5859194993972778,1.5443498702083502e-09,1.333392951607948e-09,4.3011050365748815e-06,-1.2772939953720197e-05,-0.18544067442417145,-0.5554505586624146,0.299611896276474,0.5859194993972778,-1.5443498702083502e-09,-1.333392951607948e-09,4.3011050365748815e-06,-1.2772939953720197e-05,-0.18544067442417145,-0.5554505586624146,0.5325580835342407,0.23606114089488983,0.45970264077186584,0.30022624135017395
1708.044677734375,0.9918785095214844,62.436767578125,4350.50390625,0.30484095215797424,-0.015132148750126362,-1.6845280725874545e-08,-7.805860846588075e-09,-2.097713824866787e-08,-2.163978995994853e-09,0.29990166425704956,-0.01362618524581194,0.304841011762619,-0.015132150612771511,-1.6845280725874545e-08,-7.805859958409656e-09,-2.097714180138155e-08,-2.163979440084063e-09,0.29990166425704956,-0.01362618524581194,-0.6992691159248352,-0.40787309408187866,-1.4518010793551639e-08,-8.452904487477042e-10,-1.1600286065061027e-08,4.322965874159479e-10,-0.7024502754211426,-0.40614572167396545,0.6992691159248352,0.40787309408187866,-1.451800990537322e-08,-8.45290393236553e-10,1.1600286065061027e-08,-4.322965874159479e-10,-0.7024502754211426,-0.40614572167396545,0.3048405945301056,-0.015131767839193344,-1.5283267984500526e-08,-4.37492175819898e-09,-1.549656936106203e-08,-7.004211877159605e-09,0.29990124702453613,-0.013625620864331722,0.3048405945301056,-0.015131767839193344,1.5283266208143687e-08,4.37492175819898e-09,1.549656758470519e-08,7.004211877159605e-09,0.29990124702453613,-0.013625620864331722,-0.17272648215293884,-0.6780370473861694,-1.7314398803591757e-08,-1.2412066041633807e-08,-1.3257974273983564e-08,-1.4636563960834792e-08,-0.17909707129001617,-0.675386905670166,0.17272648215293884,0.6780370473861694,1.7314398803591757e-08,1.2412066041633807e-08,-1.3257976050340403e-08,-1.4636565737191631e-08,-0.17909707129001617,-0.675386905670166,0.6642906069755554,0.12437081336975098,0.6680762767791748,0.12120598554611206
1959.5308837890625,27.899784088134766,91.7137451171875,660.4181518554688,0.23346850275993347,-0.0346250981092453,2.765377473679109e-07,-3.796854386450832e-08,-3.000278638864984e-06,4.320170035043702e-07,0.3813599944114685,0.040076300501823425,0.23346851766109467,-0.0346251018345356,2.765377473679109e-07,-3.796854031179464e-08,-3.0002784114913084e-06,4.3201703192607965e-07,0.3813599944114685,0.040076300501823425,-0.6785528063774109,-0.48311901092529297,1.5706903866430366e-07,-2.5349764953830345e-08,-1.368635594189982e-06,2.0830678693073423e-07,-0.6790118217468262,-0.3699922561645508,0.6785528063774109,0.48311901092529297,1.5706903866430366e-07,-2.5349764953830345e-08,1.368635594189982e-06,-2.0830678693073423e-07,-0.6790118217468262,-0.3699922561645508,0.23346838355064392,-0.034624919295310974,-8.361592307437604e-08,-3.331571818421253e-08,-2.786141294564004e-06,1.8411070357160497e-07,0.3813595771789551,0.04007643461227417,0.23346836864948273,-0.03462491184473038,8.361591596894868e-08,3.331571463149885e-08,2.7861410671903286e-06,-1.8411070357160497e-07,0.3813595771789551,0.04007643461227417,-0.2057683914899826,-0.7791976928710938,-2.5122119495790685e-07,-3.022783090500525e-08,-7.212815035018139e-06,1.8992723198607564e-06,0.1286066472530365,-0.6232922077178955,0.2057683765888214,0.779197633266449,2.5122119495790685e-07,3.022782735229157e-08,-7.212815035018139e-06,1.8992723198607564e-06,0.1286066472530365,-0.6232922077178955,0.6938378810882568,0.055706437677145004,0.5979512929916382,0.14704155921936035
1142.1427001953125,58.535152435302734,48.680641174316406,397.7200012207031,0.23005802929401398,-0.0032072418835014105,-6.371271865646122e-08,2.288547484852188e-08,7.137523425626568e-07,-7.591666530970542e-07,0.19475574791431427,-0.04657478258013725,0.23005805909633636,-0.003207242349162698,-6.371272576188858e-08,2.288547840123556e-08,7.137524562494946e-07,-7.591667099404731e-07,0.19475574791431427,-0.04657478258013725,-0.44245362281799316,-0.644454836845398,1.8029977510991557e-09,7.1727330741566675e-09,3.423961629778205e-07,5.0289564512695506e-08,-0.871795117855072,-0.24871225655078888,0.4424537420272827,0.6444550156593323,1.8029979731437606e-09,7.172733518245877e-09,-3.4239621982123936e-07,-5.0289571618122864e-08,-0.871795117855072,-0.24871225655078888,0.23005804419517517,-0.0032073904294520617,9.162054936950881e-08,-2.5692368232910212e-09,3.2638587299516075e-07,-2.696128831303213e-07,0.19475580751895905,-0.04657496511936188,0.23005807399749756,-0.0032073906622827053,-9.162053515865409e-08,2.5692366012464163e-09,-3.263859298385796e-07,2.696129115520307e-07,0.19475580751895905,-0.04657496511936188,-0.23822686076164246,-0.7371494174003601,4.2132245425818837e-07,-5.852966111774549e-08,-1.618235842215654e-06,-3.5101900266454322e-06,-0.16502925753593445,-0.7727492451667786,0.23822686076164246,0.7371494174003601,-4.2132242583647894e-07,5.852965756503181e-08,-1.6182360695893294e-06,-3.5101902540191077e-06,-0.16502925753593445,-0.7727492451667786,0.6110872626304626,0.05293698236346245,0.8218845129013062,0.04009901359677315
481.3427734375,1.8732362985610962,78.82667541503906,2166.81689453125,-0.2670014798641205,0.21047371625900269,4.573761369641716e-09,-1.5376496742547374e-09,-3.5807543596888536e-09,1.7462418178126882e-09,-0.2680727541446686,0.2069156914949417,-0.2670014500617981,0.2104736864566803,4.573761369641716e-09,-1.537649563232435e-09,-3.5807541376442487e-09,1.7462415957680832e-09,-0.2680727541446686,0.2069156914949417,-0.24249914288520813,-0.24809390306472778,-9.195438299691716e-10,1.6772223609962111e-09,5.657476709330922e-09,7.176358951532791e-10,-0.2438848614692688,-0.25018739700317383,0.24249912798404694,0.2480938881635666,-9.195438299691716e-10,1.6772223609962111e-09,-5.657476709330922e-09,-7.176358951532791e-10,-0.2438848614692688,-0.25018739700317383,-0.26700112223625183,0.2104731798171997,2.897988959915665e-09,3.901966749708663e-09,-3.060690312306491e-10,-6.1559246589126815e-09,-0.2680723965167999,0.20691466331481934,-0.26700112223625183,0.2104731649160385,-2.897988959915665e-09,-3.901966749708663e-09,3.060690312306491e-10,6.155925103001891e-09,-0.2680723965167999,0.20691466331481934,0.33453547954559326,-0.030124159529805183,1.787541847875218e-08,-1.979329145029851e-09,4.809951992257311e-09,-1.3061224324317777e-09,0.32983455061912537,-0.03080359473824501,-0.3345354497432709,0.030124157667160034,-1.787541847875218e-08,1.979329145029851e-09,4.809951104078891e-09,-1.3061223214094753e-09,0.32983455061912537,-0.03080359473824501,0.13242442905902863,0.1571637988090515,0.13304683566093445,0.15710581839084625
820.7382202148438,64.091552734375,94.37284851074219,1271.1646728515625,0.1492307186126709,0.0911199301481247,2.320764309615697e-07,1.5551259480162116e-07,-3.844155855858844e-07,-8.459794003101706e-07,0.05843792110681534,0.039345644414424896,0.1492307037115097,0.0911199226975441,2.3207638832900557e-07,1.5551256637991173e-07,-3.844155855858844e-07,-8.459794003101706e-07,0.05843792110681534,0.039345644414424896,-0.16669578850269318,-0.6882554292678833,3.1729811666991736e-08,1.073440927257252e-07,-2.437966717394602e-09,-7.222186013677856e-07,-0.8851990699768066,-0.25338101387023926,0.1666957437992096,0.688255250453949,3.172980811427806e-08,1.0734407851487049e-07,2.437966495349997e-09,7.222185445243667e-07,-0.8851990699768066,-0.25338101387023926,0.14923204481601715,0.09111844003200531,5.148512727259913e-08,5.249121954875591e-07,6.29093165116501e-07,1.1271574749116553e-06,0.05843799188733101,0.03934545814990997,0.14923202991485596,0.09111842513084412,-5.148512727259913e-08,-5.249122523309779e-07,-6.290930514296633e-07,-1.1271573612248176e-06,0.05843799188733101,0.03934545814990997,0.10815483331680298,-0.4491119980812073,-1.0238829872832866e-06,1.0151318292628275e-06,2.3730044631520286e-06,4.65131932969598e-07,0.07680585980415344,-0.659867525100708,-0.10815483331680298,0.4491119980812073,1.0238829872832866e-06,-1.0151318292628275e-06,2.3730044631520286e-06,4.65131932969598e-07,0.07680585980415344,-0.659867525100708,0.5014830231666565,0.046562351286411285,0.8477792739868164,0.010771289467811584
1744.72412109375,20.99919891357422,86.53044128417969,3047.935302734375,0.26369357109069824,0.021564651280641556,2.264168763588259e-08,3.674634641015473e-08,3.1456231397442025e-08,6.070500546684343e-09,0.2274019420146942,0.02746368572115898,0.26369354128837585,0.021564649417996407,2.264168941223943e-08,3.674634641015473e-08,3.1456234950155704e-08,6.070500990773553e-09,0.2274019420146942,0.02746368572115898,-0.6875545978546143,-0.4367409348487854,-2.2973576818685615e-08,-8.098955284197018e-09,-5.395908786454129e-08,1.714224673321496e-08,-0.7393125295639038,-0.3881535530090332,0.6875545978546143,0.4367409348487854,-2.2973576818685615e-08,-8.098955284197018e-09,5.395908786454129e-08,-1.714224673321496e-08,-0.7393125295639038,-0.3881535530090332,0.26369377970695496,0.021564969792962074,8.842099674666315e-08,1.9236318848925293e-07,6.164603405522939e-08,-4.5697927220089696e-08,0.22740238904953003,0.027464164420962334,0.26369377970695496,0.021564969792962074,-8.842099674666315e-08,-1.9236318848925293e-07,-6.164602694980204e-08,4.5697927220089696e-08,0.22740238904953003,0.027464164420962334,-0.0847853422164917,-0.6899756789207458,-4.8702705868208795e-08,1.8253579980864743e-07,2.517383848044119e-07,-2.3239654467488435e-07,-0.11824178695678711,-0.6862372756004333,0.0847853347659111,0.6899756193161011,4.8702705868208795e-08,-1.8253579980864743e-07,2.517383848044119e-07,-2.3239654467488435e-07,-0.11824178695678711,-0.6862372756004333,0.6712085604667664,0.10588452219963074,0.705686628818512,0.0903749018907547
1194.81396484375,45.25094223022461,39.01755905151367,1957.9368896484375,0.31909626722335815,-0.039050184190273285,2.428547816180071e-07,-3.336193401537457e-07,6.536723162753333e-07,-1.1466129024029215e-07,0.2114482969045639,-0.0552930012345314,0.31909623742103577,-0.039050184190273285,2.428547816180071e-07,-3.336193401537457e-07,6.536723162753333e-07,-1.146612973457195e-07,0.2114482969045639,-0.0552930012345314,-0.5853248834609985,-0.5070530772209167,7.732229789780831e-08,-1.3295102974097972e-07,3.3896370155162003e-07,1.0951489315402796e-07,-0.8238775730133057,-0.31318721175193787,0.5853248834609985,0.5070530772209167,7.732229079238095e-08,-1.32951015530125e-07,-3.3896372997332946e-07,-1.0951490736488267e-07,-0.8238775730133057,-0.31318721175193787,0.3190974295139313,-0.039050787687301636,1.4646333568180125e-07,-5.546407919609919e-07,7.485996889045055e-07,-8.61250271100289e-08,0.21144793927669525,-0.05529360473155975,0.31909745931625366,-0.039050791412591934,-1.4646334989265597e-07,5.546407919609919e-07,-7.485997457479243e-07,8.612503421545625e-08,0.21144793927669525,-0.05529360473155975,-0.27630871534347534,-0.6599234938621521,-1.365194002289627e-08,-1.510481979494216e-06,1.1908301758012385e-06,-7.482659043489548e-07,-0.3386858403682709,-0.6939624547958374,0.27630871534347534,0.6599234938621521,1.365194091107469e-08,1.5104820931810536e-06,1.1908301758012385e-06,-7.482659043489548e-07,-0.3386858403682709,-0.6939624547958374,0.6062746047973633,0.1281745731830597,0.7800764441490173,0.06148296594619751
802.3629150390625,36.59610366821289,55.615203857421875,212.15567016601562,0.15096701681613922,0.041064027696847916,3.85024385707311e-08,6.7401813019785095e-09,2.5948932602659625e-07,-1.4526659697366995e-06,0.2652747333049774,0.1386977732181549,0.15096701681613922,0.041064027696847916,3.85024385707311e-08,6.7401808578893e-09,2.594892976048868e-07,-1.4526659697366995e-06,0.2652747333049774,0.1386977732181549,-0.5337367057800293,-0.5956562161445618,7.216335973225796e-09,-1.7120648010404693e-08,1.0936239505099365e-06,-1.1550416729733115e-06,-0.6936555504798889,-0.41009119153022766,0.5337367057800293,0.5956562161445618,7.216335529136586e-09,-1.7120648010404693e-08,-1.0936239505099365e-06,1.1550416729733115e-06,-0.6936555504798889,-0.41009119153022766,0.1509680151939392,0.04106518253684044,2.5454886198872373e-08,1.8275303048653768e-08,2.6584627903503133e-06,-1.8788770148603362e-06,0.2652749717235565,0.13869793713092804,0.1509680151939392,0.04106518253684044,-2.5454887975229212e-08,-1.8275303048653768e-08,-2.6584627903503133e-06,1.8788770148603362e-06,0.2652749717235565,0.13869793713092804,0.0803607851266861,-0.7597910761833191,1.1090190810136846e-07,2.7076120900915157e-08,-1.8684280576053425e-06,2.9142890980438096e-06,0.4138062298297882,-0.4553880989551544,-0.0803607851266861,0.7597910761833191,-1.1090190810136846e-07,-2.7076120900915157e-08,-1.8684280576053425e-06,2.9142890980438096e-06,0.4138062298297882,-0.4553880989551544,0.6396812200546265,0.024477293714880943,0.6493327617645264,0.08960776031017303
586.9505615234375,3.4398317337036133,47.41260528564453,2767.525146484375,0.177779421210289,0.28977730870246887,-6.182388823106066e-09,-1.2069711452511456e-08,8.94602558698665e-10,-3.4284169947440546e-10,0.17669282853603363,0.28880593180656433,0.177779421210289,0.28977730870246887,-6.182388823106066e-09,-1.2069710564333036e-08,8.94602558698665e-10,-3.428417272299811e-10,0.17669282853603363,0.28880593180656433,-0.35069602727890015,-0.46787193417549133,-1.7114214490021595e-09,-7.447297445395407e-09,-4.6863202207703125e-09,-3.6142850934339776e-09,-0.35361769795417786,-0.4678383767604828,0.35069602727890015,0.46787193417549133,-1.711421337979857e-09,-7.447297001306197e-09,4.686321108948732e-09,3.6142855375231875e-09,-0.35361769795417786,-0.4678383767604828,0.1777796596288681,0.289776474237442,-5.356074250784104e-09,-3.0095470560098647e-09,5.080047937866539e-09,8.680955509987598e-09,0.17669352889060974,0.2888069450855255,0.1777796596288681,0.28977644443511963,5.356074250784104e-09,3.0095472780544696e-09,-5.0800483819557485e-09,-8.680956398166018e-09,0.17669352889060974,0.2888069450855255,0.3229881525039673,-0.43034929037094116,-1.3957164313183057e-08,1.0462696264923466e-09,3.087986399918918e-08,1.5430643429681368e-08,0.32084840536117554,-0.43069326877593994,-0.3229881525039673,0.43034929037094116,1.3957164313183057e-08,-1.0462696264923466e-09,3.087986399918918e-08,1.5430643429681368e-08,0.32084840536117554,-0.43069326877593994,0.347975492477417,0.1390438675880432,0.34986165165901184,0.13841460645198822
451.318359375,64.0265121459961,27.8350830078125,738.5403442382812,0.22227253019809723,0.43067294359207153,-1.0344732181977179e-08,-4.277778131722698e-08,-1.329425231233472e-06,6.585955816262867e-07,0.21349410712718964,0.3334857225418091,0.22227254509925842,0.4306729733943939,-1.0344733070155598e-08,-4.277778486994066e-08,-1.3294253449203097e-06,6.585956384697056e-07,0.21349410712718964,0.3334857225418091,0.0899079293012619,-0.17411372065544128,5.640953038010821e-09,3.7517500217632005e-10,-5.141639576322632e-07,-4.9931446710616e-07,-0.5915001034736633,-0.19869136810302734,-0.0899079293012619,0.17411372065544128,5.640953482100031e-09,3.7517500217632005e-10,5.141639576322632e-07,4.9931446710616e-07,-0.5915001034736633,-0.19869136810302734,0.22227191925048828,0.4306741952896118,5.965765659254885e-09,1.936059845775162e-08,1.3454206282403902e-06,1.7498274473837228e-07,0.21349430084228516,0.33348631858825684,0.2222718745470047,0.43067410588264465,-5.965765215165675e-09,-1.936059668139478e-08,-1.3454206282403902e-06,-1.7498274473837228e-07,0.21349430084228516,0.33348631858825684,0.06406491994857788,-0.12827792763710022,9.344655893528397e-08,-4.373458395434682e-08,1.433840566278377e-06,-2.705590986806783e-06,-0.01793736219406128,-0.4070795178413391,-0.06406491249799728,0.12827791273593903,-9.344654472442926e-08,4.373457684891946e-08,1.433840566278377e-06,-2.705590986806783e-06,-0.01793736219406128,-0.4070795178413391,0.03839902579784393,0.26002368330955505,0.38935065269470215,0.1656191349029541
524.79345703125,53.84552001953125,60.01652526855469,490.9931640625,0.12775260210037231,0.24322067201137543,6.474742519912979e-08,8.355745251265034e-08,-9.597048489240478e-08,-2.0589762073086604e-07,0.09103187173604965,0.20645421743392944,0.1277526170015335,0.24322068691253662,6.474742519912979e-08,8.355745251265034e-08,-9.597048489240478e-08,-2.0589763494172075e-07,0.09103187173604965,0.20645421743392944,0.03535255417227745,-0.3578856885433197,3.767103606833189e-08,2.73445177612075e-08,4.98810770466207e-08,-4.013061172258858e-08,-0.5457690954208374,-0.37202972173690796,-0.03535255417227745,0.3578856885433197,3.767103606833189e-08,2.73445177612075e-08,-4.98810770466207e-08,4.013061172258858e-08,-0.5457690954208374,-0.37202972173690796,0.12775160372257233,0.2432202249765396,-1.8485201280782348e-07,-9.376648790748732e-08,-4.4100755758336163e-07,-1.3655530040068697e-07,0.09103140234947205,0.20645351707935333,0.12775158882141113,0.2432202249765396,1.8485201280782348e-07,9.376648080205996e-08,4.4100758600507106e-07,1.365553146115417e-07,0.09103140234947205,0.20645351707935333,0.2937861680984497,-0.12537965178489685,-3.9035069221426966e-07,-4.595299429865918e-08,-2.4052440039668e-06,5.053599920756824e-07,0.26105809211730957,-0.4829375743865967,-0.2937861680984497,0.12537965178489685,3.9035069221426966e-07,4.595299429865918e-08,-2.4052440039668e-06,5.053599920756824e-07,0.26105809211730957,-0.4829375743865967,0.12933197617530823,0.07547702640295029,0.43626999855041504,0.05091014876961708
1037.7305908203125,69.78984832763672,90.09740447998047,2778.9677734375,0.1886213719844818,0.01976862922310829,1.3496878281671343e-08,-1.1990625807811739e-06,3.956922114412009e-07,-4.3385458070588356e-07,0.058837324380874634,0.0023193710949271917,0.1886213719844818,0.01976863108575344,1.3496879169849763e-08,-1.1990626944680116e-06,3.956922114412009e-07,-4.3385455228417413e-07,0.058837324380874634,0.0023193710949271917,-0.17660610377788544,-0.7134644389152527,-1.3718619129576837e-08,-2.2813271982613514e-07,1.0343960639147554e-06,-4.3833657059622055e-07,-0.9401913285255432,-0.1683938205242157,0.17660610377788544,0.7134644389152527,-1.3718620905933676e-08,-2.2813274824784457e-07,-1.0343960639147554e-06,4.3833657059622055e-07,-0.9401913285255432,-0.1683938205242157,0.1886196732521057,0.019767185673117638,-1.0063059789899853e-06,-7.061364044602669e-07,7.023583066256833e-07,-2.530394169752981e-07,0.05883786454796791,0.0023203399032354355,0.18861965835094452,0.019767185673117638,1.006306092676823e-06,7.061364044602669e-07,-7.023583634691022e-07,2.530394169752981e-07,0.05883786454796791,0.0023203399032354355,-0.20254352688789368,-0.6392635703086853,-4.509042810241226e-06,-1.9845881524815923e-06,2.9131092560419347e-06,3.6601602459995775e-07,-0.10089623928070068,-0.7619398236274719,0.20254352688789368,0.6392635703086853,4.509042810241226e-06,1.9845881524815923e-06,2.9131092560419347e-06,3.6601602459995775e-07,-0.10089623928070068,-0.7619398236274719,0.5402212738990784,0.07390421628952026,0.9123162031173706,0.008088381960988045
1638.724853515625,52.68242645263672,93.70062255859375,3234.296875,0.2834530472755432,0.020084528252482414,-4.5095310952092404e-07,-1.117937387107304e-07,-9.559685310023269e-08,-5.143278514196936e-08,0.158674418926239,-0.002549130003899336,0.2834530174732208,0.020084528252482414,-4.509531379426335e-07,-1.117937387107304e-07,-9.559683888937798e-08,-5.143278158925568e-08,0.158674418926239,-0.002549130003899336,-0.507397472858429,-0.5495350956916809,-1.8244503507958143e-07,-1.7936784502126102e-08,-2.6711349576657994e-08,-5.897275912047917e-08,-0.8523774743080139,-0.2816033363342285,0.5073974132537842,0.5495350360870361,-1.8244503507958143e-07,-1.7936784502126102e-08,2.6711349576657994e-08,5.897275912047917e-08,-0.8523774743080139,-0.2816033363342285,0.283454030752182,0.020084818825125694,-9.966588265797327e-08,5.678058982994116e-07,5.062570949121437e-07,-1.2392262078719796e-06,0.1586739420890808,-0.002550065517425537,0.283454030752182,0.020084818825125694,9.966588976340063e-08,-5.678059551428305e-07,-5.062570949121437e-07,1.2392262078719796e-06,0.1586739420890808,-0.002550065517425537,-0.1619974672794342,-0.6522021293640137,-3.6189064189784403e-07,2.0669635887315962e-06,7.327193429773615e-07,-1.1975256484220154e-06,-0.18952548503875732,-0.7189040184020996,0.1619974672794342,0.6522021293640137,3.6189067031955346e-07,-2.0669635887315962e-06,7.327192292905238e-07,-1.1975255347351776e-06,-0.18952548503875732,-0.7189040184020996,0.5730648040771484,0.1283968687057495,0.8103212118148804,0.04352623596787453
1632.5128173828125,11.897584915161133,63.73202896118164,243.0265655517578,0.2253548949956894,-0.04434061422944069,8.883167978979145e-09,-4.014669841012619e-08,-1.116716975957388e-05,7.444239599863067e-06,0.415357768535614,0.026903150603175163,0.2253548949956894,-0.04434061422944069,8.883167090800725e-09,-4.0146691304698834e-08,-1.1167168850079179e-05,7.444239145115716e-06,0.415357768535614,0.026903150603175163,-0.7295043468475342,-0.43706631660461426,1.0053261334519448e-08,-1.550403005978751e-08,6.329848474706523e-06,2.3849602257541846e-06,-0.6478379368782043,-0.39075836539268494,0.7295042872428894,0.43706628680229187,1.0053261334519448e-08,-1.550403005978751e-08,-6.329848474706523e-06,-2.3849602257541846e-06,-0.6478379368782043,-0.39075836539268494,0.22535425424575806,-0.04433971643447876,-4.9784009803488516e-08,6.12064923188882e-08,-1.1178912728837531e-07,1.0944027962977998e-05,0.41535788774490356,0.026903456076979637,0.22535425424575806,-0.04433971643447876,4.9784009803488516e-08,-6.12064923188882e-08,1.1178913439380267e-07,-1.0944027962977998e-05,0.41535788774490356,0.026903456076979637,-0.2939925193786621,-0.751287579536438,-7.984198191479663e-08,1.4674898807243153e-07,-5.618951399810612e-05,4.128158252569847e-05,0.12318035960197449,-0.643197238445282,0.2939925193786621,0.751287579536438,7.984198191479663e-08,-1.4674898807243153e-07,-5.618951399810612e-05,4.128158252569847e-05,0.12318035960197449,-0.643197238445282,0.7232035398483276,0.05275091901421547,0.5723860263824463,0.1732458472251892
428.4544982910156,64.21043395996094,69.08492279052734,864.56298828125,-0.09491357207298279,0.23770904541015625,1.4361150135755452e-07,8.398227890893395e-08,9.009617087940569e-07,-8.067593171290355e-08,-0.09777923673391342,0.15154823660850525,-0.09491357952356339,0.23770906031131744,1.4361151556840923e-07,8.398229311978866e-08,9.009617087940569e-07,-8.06759388183309e-08,-0.09777923673391342,0.15154823660850525,0.060268111526966095,-0.16548635065555573,-3.5769573969446355e-08,1.1286722667591675e-07,-7.217130928438564e-07,6.752881631655328e-07,-0.6047119498252869,-0.14122062921524048,-0.0602680966258049,0.16548630595207214,-3.5769577522160034e-08,1.1286723378134411e-07,7.21712865470181e-07,-6.752879357918573e-07,-0.6047119498252869,-0.14122062921524048,-0.09491341561079025,0.23770946264266968,6.925815796421375e-07,-4.310411938490688e-08,-5.245011607257766e-07,5.726005269934831e-07,-0.09777966886758804,0.15154875814914703,-0.09491339325904846,0.2377094179391861,-6.925815796421375e-07,4.310411938490688e-08,5.2450099019552e-07,-5.726003564632265e-07,-0.09777966886758804,0.15154875814914703,0.07004299759864807,-0.049650803208351135,8.230749131143966e-07,-1.1481816954983515e-06,1.067165953827498e-06,1.1918849622816197e-06,0.32879385352134705,-0.4216967225074768,-0.07004300504922867,0.04965081065893173,-8.230749131143966e-07,1.1481816954983515e-06,1.0671660675143357e-06,1.1918850759684574e-06,0.32879385352134705,-0.4216967225074768,0.031017975881695747,0.1071477085351944,0.3856198191642761,0.04909525066614151
1699.025634765625,36.88105392456055,42.683135986328125,3749.718017578125,0.4073721468448639,-0.07285542786121368,-2.7363475396668946e-07,-1.421636568466056e-07,1.40840541007492e-07,9.47230134329402e-08,0.31791383028030396,-0.09274091571569443,0.4073721170425415,-0.07285542786121368,-2.7363475396668946e-07,-1.421636568466056e-07,1.40840541007492e-07,9.472302053836756e-08,0.31791383028030396,-0.09274091571569443,-0.5898264646530151,-0.4441411793231964,-1.5229356620238832e-07,-4.976003253887029e-08,4.42087007002101e-08,7.540382540582868e-08,-0.7492960095405579,-0.340327650308609,0.5898264050483704,0.44414111971855164,-1.522935519915336e-07,-4.976002898615661e-08,-4.420869714749642e-08,-7.540381830040133e-08,-0.7492960095405579,-0.340327650308609,0.4073732793331146,-0.07285597175359726,2.1513154990771e-07,-5.348936582549868e-08,3.8659482015646063e-07,-6.784568284956549e-08,0.31791365146636963,-0.09274059534072876,0.407373309135437,-0.07285597175359726,-2.1513157832941943e-07,5.348937293092604e-08,-3.865947917347512e-07,6.784567574413813e-08,0.31791365146636963,-0.09274059534072876,-0.2711338996887207,-0.6074904203414917,3.5933172171098704e-07,-2.8648424077459822e-08,4.6673790166096296e-07,-1.0523228155534525e-07,-0.3190898001194,-0.6383414268493652,0.2711338996887207,0.6074904203414917,-3.5933172171098704e-07,2.864842585381666e-08,4.6673790166096296e-07,-1.0523228155534525e-07,-0.3190898001194,-0.6383414268493652,0.5553480386734009,0.20014311373233795,0.6834567189216614,0.1311572641134262
573.992431640625,51.59757614135742,90.19369506835938,1865.097900390625,0.026381267234683037,0.24095839262008667,1.3025915457376414e-08,1.1770813657108192e-08,8.927849535211863e-07,5.134847015142441e-06,0.0554690808057785,0.13860063254833221,0.026381269097328186,0.24095839262008667,1.3025913681019574e-08,1.1770812768929773e-08,8.927849535211863e-07,5.134847015142441e-06,0.0554690808057785,0.13860063254833221,-0.03916117548942566,-0.4734232425689697,-1.123739323816153e-07,1.0273369710489533e-08,7.294616466424486e-07,-2.991289647980011e-06,-0.5830679535865784,-0.405633807182312,0.03916117176413536,0.47342321276664734,-1.1237391817076059e-07,1.0273368822311113e-08,-7.294616466424486e-07,2.991289647980011e-06,-0.5830679535865784,-0.405633807182312,0.02637176215648651,0.24096164107322693,-1.7975427226701868e-06,1.325717562394857e-06,2.342424295420642e-06,-1.0146020940737799e-05,0.055467743426561356,0.13859809935092926,0.02637176215648651,0.24096164107322693,1.7975427226701868e-06,-1.325717562394857e-06,-2.3424245227943175e-06,1.0146020940737799e-05,0.055467743426561356,0.13859809935092926,0.34573689103126526,-0.14235812425613403,-1.6979095107672038e-06,-1.2646381719605415e-06,4.7889648158161435e-06,1.7728953025653027e-05,0.42311814427375793,-0.4402676820755005,-0.34573689103126526,0.14235812425613403,1.6979095107672038e-06,1.2646381719605415e-06,4.7889648158161435e-06,1.7728953025653027e-05,0.42311814427375793,-0.4402676820755005,0.23091928660869598,0.10628709197044373,0.5140687227249146,0.040989480912685394
1030.871826171875,6.935981750488281,43.35565948486328,3880.2568359375,0.20897959172725677,0.0024661337956786156,-4.68643956974546e-10,-2.7499671428898864e-09,-2.6787171591990955e-08,-1.6596048979522493e-08,0.20597727596759796,0.002742532640695572,0.20897959172725677,0.0024661340285092592,-4.68643956974546e-10,-2.7499671428898864e-09,-2.6787171591990955e-08,-1.6596048979522493e-08,0.20597727596759796,0.002742532640695572,-0.7441847324371338,-0.41940808296203613,-2.101902429885172e-09,-1.574392505254707e-09,-1.1650911346805515e-08,3.0608757750627547e-09,-0.7494717240333557,-0.41450121998786926,0.7441847324371338,0.41940808296203613,-2.101902429885172e-09,-1.574392505254707e-09,1.1650911346805515e-08,-3.0608757750627547e-09,-0.7494717240333557,-0.41450121998786926,0.20897860825061798,0.0024665133096277714,-2.798545040150202e-08,3.0137950801645275e-08,-5.206996434026223e-08,4.707708001205901e-09,0.20597757399082184,0.002742957090958953,0.20897860825061798,0.002466513542458415,2.798545040150202e-08,-3.0137950801645275e-08,5.206996789297591e-08,-4.7077075571166915e-09,0.20597757399082184,0.002742957090958953,-0.14566731452941895,-0.732312798500061,-5.803542180160548e-08,5.291047955324757e-08,-1.8242020871639397e-07,3.641233092821494e-08,-0.14847207069396973,-0.7304323315620422,0.14566731452941895,0.732312798500061,5.803542180160548e-08,-5.291047955324757e-08,-1.8242020871639397e-07,3.641233092821494e-08,-0.14847207069396973,-0.7304323315620422,0.7327113151550293,0.06065547093749046,0.7366570234298706,0.05956712365150452
875.6218872070312,24.933073043823242,32.213890075683594,576.054931640625,0.2742038071155548,-0.03313175588846207,1.437132937098795e-07,3.978685185757058e-07,-3.136025839012291e-08,-5.09169524320896e-07,0.24379169940948486,0.09897904098033905,0.2742038071155548,-0.03313175588846207,1.437132937098795e-07,3.978685185757058e-07,-3.136025839012291e-08,-5.09169524320896e-07,0.24379169940948486,0.09897904098033905,-0.6303828358650208,-0.48946014046669006,7.749949304525217e-08,9.745474471856141e-08,2.1420284213036211e-07,-2.869956290396658e-07,-0.7328516244888306,-0.386564701795578,0.630382776260376,0.4894601106643677,7.749949304525217e-08,9.745474471856141e-08,-2.1420284213036211e-07,2.869956290396658e-07,-0.7328516244888306,-0.386564701795578,0.27420416474342346,-0.03313101828098297,1.1350038242596838e-08,-1.1837735058861654e-07,4.921464551443933e-07,-5.852697313457611e-07,0.2437930852174759,0.09897946566343307,0.2742041349411011,-0.03313101455569267,-1.1350037354418419e-08,1.1837733637776182e-07,-4.921464551443933e-07,5.852697313457611e-07,0.2437930852174759,0.09897946566343307,-0.11507251858711243,-0.7590880990028381,1.3497486861524521e-07,-5.709877655135642e-07,6.62392309891402e-08,-6.848735552011931e-07,-0.1399480551481247,-0.4318748414516449,0.11507251858711243,0.7590880990028381,-1.349748544043905e-07,5.709877086701454e-07,6.62392309891402e-08,-6.848735552011931e-07,-0.1399480551481247,-0.4318748414516449,0.6369537115097046,0.07628543674945831,0.6865037679672241,0.06923123449087143
1045.90771484375,0.6342852115631104,66.15974426269531,411.5460205078125,0.11580837517976761,-0.0030390331521630287,-7.1075518803809246e-09,-2.05902028760363e-09,-1.719382964893157e-07,5.37273535883287e-07,0.23549892008304596,0.08284834772348404,0.1158083900809288,-0.0030390333849936724,-7.1075518803809246e-09,-2.05902028760363e-09,-1.7193832491102512e-07,5.372735927267058e-07,0.23549892008304596,0.08284834772348404,-0.7660520076751709,-0.4352073073387146,-2.299062495936255e-09,1.489592615921964e-10,6.99487543442956e-08,1.7493118775746552e-07,-0.7257248163223267,-0.4152222275733948,0.7660520076751709,0.4352073073387146,-2.299062495936255e-09,1.489592615921964e-10,-6.99487543442956e-08,-1.7493118775746552e-07,-0.7257248163223267,-0.4152222275733948,0.11580850929021835,-0.003038609866052866,-1.4220147281918116e-09,-2.6531898900117312e-09,-2.3010893812625e-07,7.997008424354135e-07,0.2354983389377594,0.08284851163625717,0.11580850929021835,-0.003038609866052866,1.4220147281918116e-09,2.6531898900117312e-09,2.301089523371047e-07,-7.997008424354135e-07,0.2354983389377594,0.08284851163625717,-0.10209129750728607,-0.854775071144104,-3.480652210896551e-09,-1.354427769939548e-08,-1.2365468364805565e-06,3.1590730031894054e-06,0.3763427138328552,-0.5945745706558228,0.10209129750728607,0.854775071144104,3.480652210896551e-09,1.354427769939548e-08,-1.2365469501673942e-06,3.159073230563081e-06,0.3763427138328552,-0.5945745706558228,0.7762411236763,0.013420815579593182,0.6990860104560852,0.062323588877916336
1042.92578125,21.367761611938477,83.97541809082031,3990.716796875,0.12326210737228394,0.05482487007975578,2.7295005367022895e-08,-5.771019218059337e-09,-1.9627300673619175e-08,6.086461556975564e-09,0.10886016488075256,0.04666044935584068,0.12326209992170334,0.054824866354465485,2.7295005367022895e-08,-5.7710196621485466e-09,-1.9627300673619175e-08,6.086461112886354e-09,0.10886016488075256,0.04666044935584068,-0.7339288592338562,-0.449381023645401,1.808505789568926e-09,-1.695097040510518e-08,-1.964452378544479e-09,1.2741760535561752e-08,-0.7805022597312927,-0.40343815088272095,0.7339287996292114,0.4493809938430786,1.808505789568926e-09,-1.695097040510518e-08,1.964452378544479e-09,-1.2741760535561752e-08,-0.7805022597312927,-0.40343815088272095,0.12326241284608841,0.054825350642204285,-6.143365993693806e-08,1.637478064253628e-08,-2.95646476189404e-08,5.4497711232670554e-08,0.10885998606681824,0.04666069522500038,0.12326240539550781,0.054825350642204285,6.143365993693806e-08,-1.637477886617944e-08,2.95646476189404e-08,-5.4497707679956875e-08,0.10885998606681824,0.04666069522500038,0.13844986259937286,-0.6581258773803711,1.1758458207111744e-08,-4.799235853170103e-08,-3.203097946880007e-07,4.237188306888129e-07,0.12996894121170044,-0.6650646924972534,-0.13844986259937286,0.6581258773803711,-1.1758458207111744e-08,4.799235853170103e-08,-3.203097946880007e-07,4.237188306888129e-07,0.12996894121170044,-0.6650646924972534,0.7440366744995117,0.03749373182654381,0.7751219272613525,0.03053256869316101
482.12005615234375,42.55059051513672,23.936338424682617,1955.89990234375,0.31682050228118896,0.4347568154335022,-1.8158330394868472e-09,5.3833808522085747e-08,2.1428739671591757e-07,4.4714079194818623e-07,0.3334537446498871,0.3780595660209656,0.31682050228118896,0.4347567856311798,-1.8158330394868472e-09,5.383380496937207e-08,2.1428741092677228e-07,4.4714082036989566e-07,0.3334537446498871,0.3780595660209656,-0.10803564637899399,-0.26568466424942017,-5.870470776159209e-09,5.878278841464635e-08,1.3158856404515973e-07,3.81967907969738e-07,-0.39737290143966675,-0.3042447865009308,0.10803563892841339,0.2656846344470978,-5.870470776159209e-09,5.878278841464635e-08,-1.3158856404515973e-07,-3.81967907969738e-07,-0.39737290143966675,-0.3042447865009308,0.3168204128742218,0.43475595116615295,1.0643385905950709e-07,2.542157062634942e-08,2.1214964363025501e-07,-3.0913093951312476e-07,0.3334534168243408,0.37805986404418945,0.316820353269577,0.43475592136383057,-1.0643385195407973e-07,-2.5421568849992582e-08,-2.1214964363025501e-07,3.0913093951312476e-07,0.3334534168243408,0.37805986404418945,0.10529932379722595,-0.25402891635894775,8.239672411036736e-08,-6.823077103312869e-10,2.566686134741758e-07,4.4604223603528226e-07,0.06532780826091766,-0.3824341297149658,-0.10529932379722595,0.25402891635894775,-8.239672411036736e-08,6.823077103312869e-10,2.566686134741758e-07,4.460422928787011e-07,0.06532780826091766,-0.3824341297149658,0.08351659774780273,0.3023551106452942,0.25289255380630493,0.2610754668712616
509.24969482421875,7.519339561462402,96.15869903564453,4688.1220703125,-0.23410381376743317,0.16772067546844482,-2.8945668084645604e-09,1.7344440550459694e-08,-2.9352473784882704e-09,-9.462440608842826e-09,-0.2315964549779892,0.16785180568695068,-0.23410382866859436,0.16772067546844482,-2.8945668084645604e-09,1.7344440550459694e-08,-2.9352476005328754e-09,-9.462440608842826e-09,-0.2315964549779892,0.16785180568695068,-0.2550462484359741,-0.3428307771682739,-8.607121126935624e-10,9.700877434681843e-09,7.3397359301452525e-09,2.1141650652367616e-09,-0.2649369239807129,-0.34453368186950684,0.25504621863365173,0.34283074736595154,-8.607120571824112e-10,9.700876546503423e-09,-7.3397359301452525e-09,-2.1141650652367616e-09,-0.2649369239807129,-0.34453368186950684,-0.23410436511039734,0.16772153973579407,-1.4376019263906414e-09,4.77589345848628e-09,2.802892806741397e-09,2.5772266543100386e-09,-0.23159654438495636,0.16785158216953278,-0.23410438001155853,0.16772153973579407,1.437601815368339e-09,-4.77589345848628e-09,-2.802892806741397e-09,-2.5772266543100386e-09,-0.23159654438495636,0.16785158216953278,0.28000718355178833,0.008011024445295334,-1.5924587870586038e-08,1.869697507927981e-09,-3.251020785910441e-08,3.0974167231079264e-08,0.284731388092041,0.004764966666698456,-0.28000718355178833,-0.008011024445295334,1.5924587870586038e-08,-1.869697507927981e-09,-3.251020785910441e-08,3.0974167231079264e-08,0.284731388092041,0.004764966666698456,0.19579818844795227,0.13630445301532745,0.20212943851947784,0.13496701419353485
1074.81640625,46.15674591064453,74.38924407958984,510.5550231933594,0.11880870908498764,0.004858644213527441,-2.7254696277623225e-08,-7.82374627306126e-08,-1.8135881418857025e-07,4.0625715769238013e-07,0.18206773698329926,0.02993110939860344,0.11880870908498764,0.004858644679188728,-2.7254699830336904e-08,-7.823746983603996e-08,-1.8135881418857025e-07,4.062571292706707e-07,0.18206773698329926,0.02993110939860344,-0.6118520498275757,-0.5669249892234802,6.53285114893265e-09,-3.5861503988599e-08,-5.2733021504991484e-08,1.8405755497497012e-07,-0.8316003680229187,-0.31536486744880676,0.6118519902229309,0.5669249296188354,6.53285159302186e-09,-3.5861507541312676e-08,5.2733014399564127e-08,-1.8405751234240597e-07,-0.8316003680229187,-0.31536486744880676,0.11880859732627869,0.004858297295868397,-9.852338678228989e-08,7.88187151101738e-08,-7.634507142029179e-07,1.0864186350545424e-07,0.18206842243671417,0.029931368306279182,0.11880858987569809,0.0048582968302071095,9.852338678228989e-08,-7.88187151101738e-08,7.634506005160802e-07,-1.0864184218917217e-07,0.18206842243671417,0.029931368306279182,-0.07508029788732529,-0.8052573204040527,-1.4029139094873244e-07,5.39755660611263e-07,-1.4792477713854169e-06,8.790173637862608e-07,0.24303996562957764,-0.6960118412971497,0.07508029043674469,0.805257260799408,1.4029139094873244e-07,-5.39755660611263e-07,-1.4792477713854169e-06,8.790173637862608e-07,0.24303996562957764,-0.6960118412971497,0.6957668662071228,0.014139114879071712,0.7910141348838806,0.0340445302426815
1210.345703125,53.788238525390625,31.975488662719727,355.8070983886719,0.33983534574508667,-0.052463140338659286,-1.0989654519732994e-08,-7.265026624736493e-08,5.0430760012432074e-08,-6.563386136804183e-07,0.25179722905158997,-0.0964476689696312,0.33983534574508667,-0.052463144063949585,-1.0989654519732994e-08,-7.265026624736493e-08,5.0430756459718395e-08,-6.563385568369995e-07,0.25179722905158997,-0.0964476689696312,-0.4911905825138092,-0.5762130618095398,-1.1337242256104219e-08,-2.7091639154264158e-08,-6.121197770880826e-08,-1.608926964991042e-07,-0.8333092331886292,-0.2742743194103241,0.4911905825138092,0.5762130618095398,-1.1337242256104219e-08,-2.7091639154264158e-08,6.121197770880826e-08,1.608926964991042e-07,-0.8333092331886292,-0.2742743194103241,0.33983638882637024,-0.0524626262485981,6.369221949853454e-08,5.114830514685309e-08,-1.1851098236093094e-07,1.3339430893211102e-07,0.25179803371429443,-0.09644784033298492,0.33983638882637024,-0.0524626262485981,-6.369221949853454e-08,-5.114830514685309e-08,1.185109894663583e-07,-1.3339430893211102e-07,0.25179803371429443,-0.09644784033298492,-0.31690818071365356,-0.674314022064209,1.2525052284217963e-07,9.562540270735553e-08,-1.3532201137422817e-07,-1.829321263357997e-06,-0.31424856185913086,-0.7044588923454285,0.3169081509113312,0.6743139624595642,-1.2525052284217963e-07,-9.562540270735553e-08,-1.3532201137422817e-07,-1.829321263357997e-06,-0.31424856185913086,-0.7044588923454285,0.5732896327972412,0.11824043840169907,0.7696306705474854,0.07270399481058121
836.580078125,39.875823974609375,51.38370132446289,828.0790405273438,0.24373987317085266,0.04381239414215088,-7.60543201749897e-08,1.6069266450813302e-07,5.921336310166225e-07,-2.9245259725030337e-07,0.16317184269428253,0.05610792711377144,0.24373987317085266,0.04381239786744118,-7.60543201749897e-08,1.6069266450813302e-07,5.921337447034603e-07,-2.924526256720128e-07,0.16317184269428253,0.05610792711377144,-0.5381503105163574,-0.5612339973449707,8.952557806196637e-09,1.9451389832170207e-08,2.9331306450330885e-07,-1.9334622436417703e-07,-0.7648270726203918,-0.39411601424217224,0.5381503105163574,0.5612339973449707,8.952557806196637e-09,1.9451389832170207e-08,-2.933130929250183e-07,1.9334623857503175e-07,-0.7648270726203918,-0.39411601424217224,0.24374012649059296,0.043812382966279984,1.8431717307976214e-07,-2.953191824417445e-08,7.077468922034313e-07,-2.070062663506178e-07,0.16317172348499298,0.056107986718416214,0.24374012649059296,0.043812382966279984,-1.8431715886890743e-07,2.953191469146077e-08,-7.077469490468502e-07,2.0700628056147252e-07,0.16317172348499298,0.056107986718416214,0.055506497621536255,-0.6779062151908875,3.155437866553257e-07,7.485417086172674e-08,1.5302956626328523e-06,7.726248441031203e-08,-0.05546683073043823,-0.6474459171295166,-0.055506497621536255,0.6779062151908875,-3.1554375823361624e-07,-7.485416375629939e-08,1.53029577631969e-06,7.726249151573938e-08,-0.05546683073043823,-0.6474459171295166,0.6045893430709839,0.08137128502130508,0.7402878999710083,0.05059768259525299
1501.359375,11.582082748413086,94.70320129394531,219.71707153320312,0.1097787469625473,-0.0006166534731164575,4.665391184488499e-09,-3.248290880719651e-08,1.1111152161902282e-05,5.1089978114760015e-06,0.3346558213233948,0.15898963809013367,0.1097787544131279,-0.0006166535313241184,4.665391184488499e-09,-3.248290880719651e-08,1.111115125240758e-05,5.1089978114760015e-06,0.3346558213233948,0.15898963809013367,-0.7569558024406433,-0.44567185640335083,-1.3357337458330676e-08,-1.1099110963641579e-08,7.749237738607917e-06,1.0287630175298546e-05,-0.6615180969238281,-0.39275360107421875,0.7569557428359985,0.44567182660102844,-1.3357337458330676e-08,-1.1099110963641579e-08,-7.749237738607917e-06,-1.0287630175298546e-05,-0.6615180969238281,-0.39275360107421875,0.10977894067764282,-0.000616277742665261,1.8377019017634666e-08,2.5169990536255682e-08,4.1603984755056445e-06,1.4274857676355168e-05,0.33465680480003357,0.15899012982845306,0.10977894067764282,-0.0006162776844576001,-1.8377019017634666e-08,-2.5169990536255682e-08,-4.1603980207582936e-06,-1.4274857676355168e-05,0.33465680480003357,0.15899012982845306,-0.20794375240802765,-0.8071775436401367,-4.335343817274406e-08,5.13676390312412e-08,3.6652538256021217e-05,-1.5588966562063433e-05,0.45024657249450684,-0.43392661213874817,0.20794375240802765,0.8071775436401367,4.335343817274406e-08,-5.13676390312412e-08,3.6652538256021217e-05,-1.5588966562063433e-05,0.45024657249450684,-0.43392661213874817,0.7716054320335388,0.012051752768456936,0.5918616056442261,0.1372722089290619
479.95330810546875,7.8638105392456055,29.310611724853516,1879.2249755859375,0.1757737547159195,0.49690625071525574,-1.4160450589884022e-09,-1.62745938947495e-09,-9.005900913905407e-09,-6.409616304381416e-08,0.17625902593135834,0.4952313005924225,0.1757737547159195,0.49690625071525574,-1.4160450589884022e-09,-1.62745938947495e-09,-9.005900913905407e-09,-6.409616304381416e-08,0.17625902593135834,0.4952313005924225,-0.23087972402572632,-0.28749188780784607,4.12295841911714e-09,-1.3324821246385454e-09,5.463272056971391e-09,-6.060798085627539e-08,-0.23966354131698608,-0.28957444429397583,0.23087972402572632,0.28749188780784607,4.12295797502793e-09,-1.332482013616243e-09,-5.463272056971391e-09,6.060798085627539e-08,-0.23966354131698608,-0.28957444429397583,0.17577333748340607,0.4969055652618408,-4.062465475129784e-09,-6.7825771665752654e-09,-4.621234950263897e-08,2.0774734821316088e-08,0.17625854909420013,0.49523040652275085,0.17577336728572845,0.4969056248664856,4.062465919218994e-09,6.7825771665752654e-09,4.621234950263897e-08,-2.0774734821316088e-08,0.17625854909420013,0.49523040652275085,0.168705016374588,-0.3374139070510864,-1.8122898737260584e-08,9.20030629458779e-09,-1.9947236751249875e-08,2.9167152248987804e-08,0.16838803887367249,-0.3430335521697998,-0.168705016374588,0.3374139070510864,1.8122898737260584e-08,-9.20030629458779e-09,-1.9947236751249875e-08,2.9167152248987804e-08,0.16838803887367249,-0.3430335521697998,0.13942956924438477,0.28802675008773804,0.1447574943304062,0.28633105754852295
1146.01025390625,24.20191764831543,48.30891036987305,3277.572021484375,0.236769899725914,-0.0005829196888953447,-2.381312569355032e-08,-2.4556680244813833e-08,-1.2516823133523758e-08,2.6455387214241455e-08,0.2091819792985916,-0.007275193929672241,0.2367699146270752,-0.0005829196888953447,-2.381312569355032e-08,-2.4556680244813833e-08,-1.2516823133523758e-08,2.6455387214241455e-08,0.2091819792985916,-0.007275193929672241,-0.7073035836219788,-0.4427448809146881,-3.375036783381802e-08,3.5618701321737944e-09,2.922134090255213e-09,-8.683326835345895e-10,-0.7689635753631592,-0.3883275091648102,0.7073036432266235,0.4427449405193329,-3.375036783381802e-08,3.5618701321737944e-09,-2.9221345343444227e-09,8.683327390457407e-10,-0.7689635753631592,-0.3883275091648102,0.23677010834217072,-0.0005823274259455502,1.3355183625662903e-08,-1.4850964191737148e-07,2.150057909489078e-09,1.7339994329290676e-08,0.20918211340904236,-0.007275142706930637,0.2367701232433319,-0.0005823274841532111,-1.3355184513841323e-08,1.4850964191737148e-07,-2.150058131533683e-09,-1.7339996105647515e-08,0.20918211340904236,-0.007275142706930637,-0.16480812430381775,-0.7159358859062195,-5.971214989131113e-08,-3.7922151818747807e-07,1.768209614283478e-07,1.5133421982227446e-07,-0.1815461814403534,-0.7247823476791382,0.16480812430381775,0.7159358859062195,5.971214989131113e-08,3.7922151818747807e-07,1.768209614283478e-07,1.5133421982227446e-07,-0.1815461814403534,-0.7247823476791382,0.7005870938301086,0.07835632562637329,0.7457997798919678,0.06244475394487381
1903.5355224609375,50.3635368347168,73.11920928955078,1471.609130859375,0.3642444908618927,-0.11720120906829834,2.432921952788547e-08,-3.534728136855847e-07,3.469536125066952e-07,4.6612782966803934e-07,0.1683729737997055,0.03583245724439621,0.3642445206642151,-0.11720120906829834,2.432921775152863e-08,-3.5347278526387527e-07,3.469536125066952e-07,4.6612782966803934e-07,0.1683729737997055,0.03583245724439621,-0.49281108379364014,-0.46763476729393005,-1.2117503667141705e-09,-7.988151651261433e-08,4.6280283072519524e-07,-8.359650394140772e-08,-0.8498169183731079,-0.26111602783203125,0.49281108379364014,0.46763476729393005,-1.2117503667141705e-09,-7.988151651261433e-08,-4.6280285914690467e-07,8.359651104683508e-08,-0.8498169183731079,-0.26111602783203125,0.3642443120479584,-0.11720161885023117,5.457428642330342e-08,-2.5346099619127926e-07,9.337219921690121e-07,-5.149088906364341e-07,0.16837173700332642,0.035832375288009644,0.3642443120479584,-0.11720161139965057,-5.457428287058974e-08,2.5346099619127926e-07,-9.337220490124309e-07,5.149088906364341e-07,0.16837173700332642,0.035832375288009644,-0.1317131221294403,-0.6455317139625549,1.7478606650911388e-07,-2.086839572257304e-07,1.8667319636733737e-06,-4.079307132087706e-07,-0.437578946352005,-0.46851739287376404,0.1317131221294403,0.6455317139625549,-1.7478606650911388e-07,2.086839572257304e-07,1.8667319636733737e-06,-4.079307132087706e-07,-0.437578946352005,-0.46851739287376404,0.46154505014419556,0.14641018211841583,0.7903704047203064,0.029633421450853348
873.6864013671875,69.52387237548828,24.95659828186035,852.9761962890625,0.4203339219093323,0.02787403203547001,1.523101786915504e-07,-1.6176957728930574e-07,7.822629299880646e-07,6.24244080427161e-07,0.16044464707374573,-0.06743469834327698,0.42033395171165466,0.027874033898115158,1.523101929024051e-07,-1.6176959150016046e-07,7.822628163012268e-07,6.242440235837421e-07,0.16044464707374573,-0.06743469834327698,-0.06760919839143753,-0.6483418941497803,1.1195476545822203e-08,-6.223275050842858e-08,9.252444499452395e-08,9.942463066181517e-07,-0.9107836484909058,-0.19157645106315613,0.06760919839143753,0.6483418941497803,1.1195478322179042e-08,-6.223275761385594e-08,-9.252443078366923e-08,-9.94246192931314e-07,-0.9107836484909058,-0.19157645106315613,0.4203351140022278,0.027873240411281586,-1.3364713424834918e-07,-7.323266970615805e-08,8.368897397303954e-07,-3.141337174383807e-06,0.16044478118419647,-0.0674346387386322,0.4203351140022278,0.027873238548636436,1.3364713424834918e-07,7.323266970615805e-08,-8.368896828869765e-07,3.1413369470101316e-06,0.16044478118419647,-0.0674346387386322,-0.23449009656906128,-0.6079471707344055,-5.582867288467241e-07,-1.7118227901846694e-07,-1.787803171282576e-06,-2.6578104552754667e-06,-0.40559518337249756,-0.6677508354187012,0.2344900667667389,0.6079471111297607,5.582867288467241e-07,1.7118227901846694e-07,-1.7878029439089005e-06,-2.6578102279017912e-06,-0.40559518337249756,-0.6677508354187012,0.42491820454597473,0.17745757102966309,0.8662283420562744,0.030289923772215843
1922.4024658203125,55.126014709472656,81.92793273925781,2221.0263671875,0.38520386815071106,0.00320585654117167,-4.819523269361525e-07,7.841601359359629e-07,6.465988349191321e-07,-5.170143708710384e-07,0.20802290737628937,-0.010364806279540062,0.38520383834838867,0.0032058563083410263,-4.819523269361525e-07,7.841601359359629e-07,6.465988349191321e-07,-5.170143708710384e-07,0.20802290737628937,-0.010364806279540062,-0.45033949613571167,-0.5212308168411255,-1.9153020502926665e-07,4.2532087718427647e-07,6.068540869819117e-07,-6.260976306293742e-07,-0.8396068215370178,-0.2572496831417084,0.45033949613571167,0.5212308168411255,-1.9153020502926665e-07,4.2532087718427647e-07,-6.068540869819117e-07,6.260976306293742e-07,-0.8396068215370178,-0.2572496831417084,0.3852047026157379,0.003205695888027549,7.344445975832059e-07,-3.7419320619846985e-07,-2.610763885968481e-06,-4.506291588768363e-07,0.20802174508571625,-0.010363924317061901,0.3852047324180603,0.003205695888027549,-7.344445975832059e-07,3.741932346201793e-07,2.610763885968481e-06,4.506291588768363e-07,0.20802174508571625,-0.010363924317061901,-0.16547581553459167,-0.6016194224357605,1.6407055909439805e-06,-6.369137963702087e-07,-3.3981546039285604e-06,1.2295231499592774e-06,-0.3042541742324829,-0.6240331530570984,0.16547581553459167,0.6016194224357605,-1.6407055909439805e-06,6.369137963702087e-07,-3.3981546039285604e-06,1.2295231499592774e-06,-0.3042541742324829,-0.6240331530570984,0.47448721528053284,0.2009994089603424,0.7711170315742493,0.07410874962806702
1489.7230224609375,31.05867576599121,80.82190704345703,360.0209655761719,0.1606476902961731,-0.011140788905322552,-1.4106169565764048e-08,5.7337484093977764e-08,5.738058348470076e-07,-7.809817361703608e-06,0.3093339204788208,0.04356935992836952,0.1606476902961731,-0.011140789836645126,-1.4106169565764048e-08,5.7337484093977764e-08,5.738059485338454e-07,-7.809819180693012e-06,0.3093339204788208,0.04356935992836952,-0.6961717009544373,-0.4923267960548401,-5.221728827109473e-09,3.978625429112981e-08,8.743641046748962e-07,-2.7583071187109454e-06,-0.7285414338111877,-0.3714717924594879,0.696171760559082,0.49232685565948486,-5.221728383020263e-09,3.978625073841613e-08,-8.743642183617339e-07,2.758307346084621e-06,-0.7285414338111877,-0.3714717924594879,0.16064800322055817,-0.01114005595445633,4.290203392542935e-08,-6.412927433530058e-08,2.0053300886502257e-06,-6.888351890665945e-06,0.30933457612991333,0.04356881231069565,0.16064800322055817,-0.011140056885778904,-4.290203392542935e-08,6.412926722987322e-08,-2.005330316023901e-06,6.8883528001606464e-06,0.30933457612991333,0.04356881231069565,-0.20034299790859222,-0.792386531829834,4.87819518113497e-09,-8.689801944683495e-08,-9.06809054868063e-06,-1.6939624401857145e-05,0.21598424017429352,-0.6617043018341064,0.20034299790859222,0.792386531829834,-4.87819473704576e-09,8.689801234140759e-08,-9.068091458175331e-06,-1.693962622084655e-05,0.21598424017429352,-0.6617043018341064,0.7270406484603882,0.025931796059012413,0.6687638759613037,0.0975857600569725
478.03125,47.271575927734375,84.80821990966797,4827.94775390625,-0.15882375836372375,0.2570311427116394,-1.8458829131873244e-08,1.1261664489836676e-08,1.2401791593674716e-08,2.2077326633507255e-08,-0.09334515780210495,0.21571509540081024,-0.15882375836372375,0.257031112909317,-1.8458829131873244e-08,1.1261664489836676e-08,1.2401789817317876e-08,2.2077323080793576e-08,-0.09334515780210495,0.21571509540081024,-0.03589536249637604,-0.23029212653636932,-2.672774535028566e-08,2.5082108834340033e-08,-3.058549857826165e-09,2.940182852739781e-08,-0.38732782006263733,-0.26458320021629333,0.03589536249637604,0.23029212653636932,-2.672774535028566e-08,2.5082108834340033e-08,3.058550301915375e-09,-2.940183030375465e-08,-0.38732782006263733,-0.26458320021629333,-0.15882381796836853,0.25703153014183044,-9.632216801946925e-09,4.239454653998109e-08,-7.180856442801087e-08,7.228551091031932e-09,-0.09334500133991241,0.21571514010429382,-0.15882383286952972,0.25703155994415283,9.632217690125344e-09,-4.239455364540845e-08,7.180857153343823e-08,-7.2285519792103514e-09,-0.09334500133991241,0.21571514010429382,0.22336143255233765,-0.029994303360581398,2.0577775927677067e-08,2.9869845263874595e-08,-2.746869824932219e-07,-1.6294860571974823e-08,0.4443078339099884,-0.25154322385787964,-0.22336143255233765,0.029994303360581398,-2.0577779480390745e-08,-2.9869848816588274e-08,-2.7468695407151245e-07,-1.6294858795617984e-08,0.4443078339099884,-0.25154322385787964,0.05651625245809555,0.145077645778656,0.23132525384426117,0.08382134139537811
1706.1578369140625,0.6627988815307617,34.49811553955078,201.82908630371094,0.36886152625083923,-0.1240728572010994,-6.971262456190175e-10,3.658899572211993e-10,4.755653208121657e-06,-2.0805868189199828e-05,0.48951390385627747,-0.09012202173471451,0.3688615560531616,-0.12407286465167999,-6.971263011301687e-10,3.658899572211993e-10,4.755653662869008e-06,-2.080587000818923e-05,0.48951390385627747,-0.09012202173471451,-0.6761318445205688,-0.4031577706336975,-2.485827099718563e-10,1.7163431786926253e-10,3.890624611813109e-06,-1.3257261343824212e-05,-0.606319010257721,-0.37650635838508606,0.6761318445205688,0.4031577706336975,-2.485827099718563e-10,1.7163431786926253e-10,-3.89062506656046e-06,1.3257262253318913e-05,-0.606319010257721,-0.37650635838508606,0.3688598573207855,-0.12407226115465164,1.4580232576832941e-09,-4.338055248354067e-09,5.0898765948659275e-06,-2.0830095309065655e-05,0.4895141124725342,-0.09012223780155182,0.3688598871231079,-0.12407226115465164,-1.4580232576832941e-09,4.338055248354067e-09,-5.089877049613278e-06,2.0830098947044462e-05,0.4895141124725342,-0.09012223780155182,-0.33641374111175537,-0.643686056137085,3.685080907089855e-09,-6.0856581995949455e-09,4.0584991438663565e-06,-3.2047984859673306e-05,-0.12876856327056885,-0.612648069858551,0.33641374111175537,0.643686056137085,-3.685080907089855e-09,6.0856581995949455e-09,4.058499598613707e-06,-3.204799213563092e-05,-0.12876856327056885,-0.612648069858551,0.619690477848053,0.1514529138803482,0.5093797445297241,0.24774585664272308
1107.6844482421875,5.106454372406006,99.84004211425781,214.00558471679688,0.044383082538843155,0.008629899471998215,-8.946231311313113e-09,1.214786138348245e-08,2.0038244201714406e-06,-1.1204752809135243e-05,0.18895390629768372,0.20122818648815155,0.044383082538843155,0.00862989854067564,-8.946231311313113e-09,1.214786227166087e-08,2.0038244201714406e-06,-1.1204753718629945e-05,0.18895390629768372,0.20122818648815155,-0.7760424613952637,-0.43703553080558777,-4.1368086733939435e-10,7.7924582342348e-09,1.5976034717368748e-08,1.373075519950362e-06,-0.7078190445899963,-0.4037076532840729,0.7760424613952637,0.43703553080558777,-4.1368089509496997e-10,7.79245912241322e-09,-1.5976034717368748e-08,-1.373075519950362e-06,-0.7078190445899963,-0.4037076532840729,0.044382985681295395,0.00862987618893385,2.087424633145929e-08,-1.4762028932580051e-08,-2.793138946799445e-06,-9.383645647176309e-07,0.18895402550697327,0.20122797787189484,0.044382981956005096,0.00862987618893385,-2.087424810781613e-08,1.4762029820758471e-08,2.7931387194257695e-06,9.383645647176309e-07,0.18895402550697327,0.20122797787189484,-0.1031179279088974,-0.836118757724762,-7.769942911295402e-09,-3.792126790358452e-08,-2.4541301172575913e-05,-6.830088386777788e-05,0.5920270681381226,-0.10700898617506027,0.1031179279088974,0.836118757724762,7.769942911295402e-09,3.792126790358452e-08,-2.4541301172575913e-05,-6.830088386777788e-05,0.5920270681381226,-0.10700898617506027,0.7932419776916504,0.0020443331450223923,0.6639876365661621,0.07619636505842209
842.87451171875,51.331275939941406,36.2895393371582,683.6475219726562,0.32803046703338623,-0.014739223755896091,3.9883030211740333e-08,-1.1773689578831181e-07,-9.696707792272719e-08,1.8630335318903235e-07,0.18121547996997833,-0.0012328835437074304,0.3280304968357086,-0.01473922561854124,3.9883030211740333e-08,-1.1773689578831181e-07,-9.69670921335819e-08,1.8630336739988707e-07,0.18121547996997833,-0.0012328835437074304,-0.4190261662006378,-0.585846483707428,-7.018545744585936e-10,-2.802585186145734e-08,2.8491120573903572e-08,1.0565629793291009e-07,-0.822894811630249,-0.328683465719223,0.41902613639831543,0.5858464241027832,-7.018545744585936e-10,-2.802585186145734e-08,-2.8491120573903572e-08,-1.0565629793291009e-07,-0.822894811630249,-0.328683465719223,0.32802945375442505,-0.01474060956388712,1.394106732277578e-07,8.60902531485408e-08,-3.5136656606482575e-07,8.136087785715063e-07,0.18121491372585297,-0.001232554903253913,0.32802945375442505,-0.01474060956388712,-1.3941065901690308e-07,-8.609024604311344e-08,3.5136656606482575e-07,-8.136088354149251e-07,0.18121491372585297,-0.001232554903253913,-0.08012908697128296,-0.6442064046859741,3.9371494153783715e-07,2.036366737456774e-07,9.983593685092274e-08,2.526057414797833e-06,-0.2564310133457184,-0.6504541039466858,0.08012908697128296,0.6442064046859741,-3.937149131161277e-07,-2.0363665953482268e-07,9.983594395635009e-08,2.5260576421715086e-06,-0.2564310133457184,-0.6504541039466858,0.5187990665435791,0.10782122611999512,0.7851887345314026,0.03284056857228279
1839.72265625,15.175468444824219,99.9336166381836,3723.4873046875,0.24500487744808197,0.03626178577542305,-1.8815441649167042e-07,1.1522958232035307e-07,-8.271339879684092e-08,-1.9494192926572396e-08,0.21744707226753235,0.029748594388365746,0.24500487744808197,0.03626178577542305,-1.8815441649167042e-07,1.1522958232035307e-07,-8.271339879684092e-08,-1.9494192926572396e-08,0.21744707226753235,0.029748594388365746,-0.699189305305481,-0.4315892457962036,-1.282849382278073e-07,6.027939036812313e-08,-5.26720853599727e-08,-1.8569505044752077e-08,-0.7372879385948181,-0.4086996614933014,0.699189305305481,0.4315892457962036,-1.282849382278073e-07,6.027939036812313e-08,5.26720853599727e-08,1.8569505044752077e-08,-0.7372879385948181,-0.4086996614933014,0.245005264878273,0.036261435598134995,-9.270775080949534e-08,1.8150055325349967e-07,-5.647104117656454e-08,-8.287985298061074e-10,0.2174474000930786,0.029748311266303062,0.245005264878273,0.036261435598134995,9.270775080949534e-08,-1.8150055325349967e-07,5.647104117656454e-08,8.287985298061074e-10,0.2174474000930786,0.029748311266303062,-0.03912267088890076,-0.6864824295043945,-4.243403850523464e-07,2.911082788159547e-07,-3.862407638166587e-08,2.038891899758255e-08,-0.057334259152412415,-0.6940533518791199,0.03912266716361046,0.6864823698997498,4.243403850523464e-07,-2.911082788159547e-07,-3.862407638166587e-08,2.038891899758255e-08,-0.057334259152412415,-0.6940533518791199,0.6834609508514404,0.09818495810031891,0.7163718342781067,0.0728444904088974
553.5238037109375,51.838348388671875,21.612380981445312,1174.856201171875,0.4047369658946991,0.28667962551116943,-2.082066608011246e-08,-1.2059128096097993e-07,-5.204675517234136e-07,2.0777170206542905e-08,0.3887110650539398,0.14306169748306274,0.4047369658946991,0.28667959570884705,-2.082066608011246e-08,-1.2059126675012521e-07,-5.204674948799948e-07,2.0777170206542905e-08,0.3887110650539398,0.14306169748306274,-0.06292512267827988,-0.41060560941696167,1.3690949707267919e-08,-8.560050446249079e-08,-1.0089915569722052e-08,-2.572791402144503e-07,-0.5832608342170715,-0.35136669874191284,0.06292512267827988,0.41060560941696167,1.3690949707267919e-08,-8.560050446249079e-08,1.0089915569722052e-08,2.572791402144503e-07,-0.5832608342170715,-0.35136669874191284,0.4047362506389618,0.2866804897785187,6.895906068393742e-08,7.341498076129938e-08,-1.0999686850254875e-07,5.846844146617514e-07,0.38871070742607117,0.14306211471557617,0.4047362506389618,0.2866804897785187,-6.895906068393742e-08,-7.341498076129938e-08,1.0999687560797611e-07,-5.846844146617514e-07,0.38871070742607117,0.14306211471557617,0.10571394860744476,-0.3901827037334442,2.0227415120643855e-07,3.0801487582721165e-08,5.013712893742195e-07,7.387113782897359e-07,0.008853554725646973,-0.5149152874946594,-0.10571394115686417,0.3901826739311218,-2.0227413699558383e-07,-3.0801487582721165e-08,5.013712893742195e-07,7.387113782897359e-07,0.008853554725646973,-0.5149152874946594,0.1750676929950714,0.2610068917274475,0.4656687080860138,0.17898835241794586
1285.843994140625,10.292375564575195,24.3612003326416,1855.3946533203125,0.3611105978488922,-0.10042361170053482,1.8395493461831336e-10,2.6755806459277665e-08,-2.2588775294707375e-08,-3.313461860443567e-08,0.3492469787597656,-0.09950746595859528,0.3611105978488922,-0.10042361170053482,1.8395492074052555e-10,2.6755806459277665e-08,-2.2588775294707375e-08,-3.3134615051721994e-08,0.3492469787597656,-0.09950746595859528,-0.681268572807312,-0.3982674777507782,3.1397260347176825e-09,8.699474918216765e-09,-2.285538869273296e-08,-2.3407517701912184e-08,-0.6955957412719727,-0.38915517926216125,0.681268572807312,0.3982674777507782,3.1397260347176825e-09,8.699474918216765e-09,2.285538869273296e-08,2.3407517701912184e-08,-0.6955957412719727,-0.38915517926216125,0.3611098527908325,-0.10042379051446915,2.898572226683882e-08,4.597611180656713e-08,-3.8667760549060404e-08,5.649974266219715e-09,0.34924644231796265,-0.09950704872608185,0.36110982298851013,-0.10042379051446915,-2.898572049048198e-08,-4.5976108253853454e-08,3.8667760549060404e-08,-5.649974266219715e-09,0.34924644231796265,-0.09950704872608185,-0.3163180351257324,-0.6349525451660156,6.131836727263362e-08,1.2589003972607316e-07,-3.90891194967935e-08,1.965213236587715e-08,-0.3291768431663513,-0.6316796541213989,0.31631800532341003,0.6349524855613708,-6.131836727263362e-08,-1.2589002551521844e-07,-3.90891194967935e-08,1.965213236587715e-08,-0.3291768431663513,-0.6316796541213989,0.6261661648750305,0.15408436954021454,0.6398838758468628,0.14555907249450684
1032.5050048828125,17.66411781311035,84.56785583496094,307.362060546875,0.06538483500480652,0.006500887684524059,-2.751789685007111e-09,-2.965497891693758e-08,-1.263862486666767e-06,3.0619860353908734e-06,0.19270223379135132,0.11916643381118774,0.06538484245538712,0.006500888615846634,-2.751789907051716e-09,-2.965498069329442e-08,-1.263862486666767e-06,3.0619860353908734e-06,0.19270223379135132,0.11916643381118774,-0.7584115862846375,-0.4527103006839752,-3.180056440399426e-09,-7.3985164661394265e-09,2.10767069575013e-07,6.750020702384063e-07,-0.7430108785629272,-0.40194234251976013,0.7584115862846375,0.4527103006839752,-3.180056440399426e-09,-7.398517354317846e-09,-2.10767069575013e-07,-6.750020702384063e-07,-0.7430108785629272,-0.40194234251976013,0.06538507342338562,0.0065009272657334805,6.048689993320977e-09,7.804761281704486e-10,-4.5359618638940447e-07,2.646891061885981e-06,0.192702978849411,0.11916688829660416,0.06538507342338562,0.006500927731394768,-6.048690437410187e-09,-7.804761281704486e-10,4.5359618638940447e-07,-2.6468912892596563e-06,0.192702978849411,0.11916688829660416,-0.06897586584091187,-0.8447260856628418,5.8132915370379123e-08,-9.715732574022695e-08,-2.606122393444821e-07,1.8788539819070138e-05,0.5476877689361572,-0.39613065123558044,0.06897586584091187,0.8447260856628418,-5.8132915370379123e-08,9.715732574022695e-08,-2.606122393444821e-07,1.8788539819070138e-05,0.5476877689361572,-0.39613065123558044,0.7801347970962524,0.004317437764257193,0.7136228084564209,0.05133478716015816
1771.2901611328125,6.1708855628967285,64.1805191040039,1798.4747314453125,0.3249332904815674,-0.02833578735589981,5.684075290446344e-07,-1.7685019315649697e-07,-5.5445852353841474e-08,2.1948810768890326e-08,0.29490888118743896,-0.018994657322764397,0.3249332904815674,-0.02833578921854496,5.684075290446344e-07,-1.7685017894564226e-07,-5.5445852353841474e-08,2.1948810768890326e-08,0.29490888118743896,-0.018994657322764397,-0.6885700821876526,-0.41508936882019043,2.5575431550350913e-07,1.237780935525734e-07,-7.429475346043546e-08,3.0858739563655035e-08,-0.7030549645423889,-0.4086756110191345,0.6885700225830078,0.41508933901786804,2.5575431550350913e-07,1.237780935525734e-07,7.429475346043546e-08,-3.0858739563655035e-08,-0.7030549645423889,-0.4086756110191345,0.32493361830711365,-0.028335779905319214,8.89638798184933e-08,3.4856707742392246e-08,-1.5430126154569734e-07,1.1726287851843153e-07,0.29490965604782104,-0.018993673846125603,0.32493361830711365,-0.028335779905319214,-8.89638798184933e-08,-3.4856707742392246e-08,1.5430126154569734e-07,-1.1726287141300418e-07,0.29490965604782104,-0.018993673846125603,-0.1503622680902481,-0.6916709542274475,-8.750608060381637e-08,-6.694767193948792e-07,-1.8238296206618543e-07,1.4161695105485705e-07,-0.20427720248699188,-0.6786149144172668,0.1503622680902481,0.6916709542274475,8.750608060381637e-08,6.694767193948792e-07,-1.8238296206618543e-07,1.4161695105485705e-07,-0.20427720248699188,-0.6786149144172668,0.648798406124115,0.13333550095558167,0.6752192378044128,0.11352929472923279
1423.315673828125,53.26442337036133,62.30757141113281,835.4002685546875,0.26336726546287537,-0.018231363967061043,1.590956344443839e-07,3.883805277382635e-07,7.78192827510793e-07,1.1264341992500704e-07,0.25853854417800903,-0.01568240486085415,0.26336729526519775,-0.018231365829706192,1.5909564865523862e-07,3.883805561599729e-07,7.78192827510793e-07,1.1264341992500704e-07,0.25853854417800903,-0.01568240486085415,-0.4757155776023865,-0.5968879461288452,1.7410895836178497e-08,1.6348802489574155e-07,3.009951115018339e-07,8.669678663864033e-08,-0.8267923593521118,-0.27220889925956726,0.4757155179977417,0.5968878865242004,1.7410897612535337e-08,1.6348803910659626e-07,-3.0099508308012446e-07,-8.669677242778562e-08,-0.8267923593521118,-0.27220889925956726,0.26336950063705444,-0.018230991438031197,1.2300991336644529e-08,-1.1963051882446507e-08,7.667775889785844e-07,-3.7296189248081646e-08,0.2585394084453583,-0.015681268647313118,0.26336944103240967,-0.018230987712740898,-1.2300991336644529e-08,1.1963050994268087e-08,-7.667774752917467e-07,3.729618214265429e-08,0.2585394084453583,-0.015681268647313118,-0.1961844265460968,-0.7434993982315063,-7.469074603250192e-08,-3.936403913940012e-08,2.08685924008023e-06,-4.416771162141231e-07,-0.061020344495773315,-0.6734775304794312,0.1961844116449356,0.7434993386268616,7.469074603250192e-08,3.936403913940012e-08,2.08685924008023e-06,-4.416771162141231e-07,-0.061020344495773315,-0.6734775304794312,0.5825805068016052,0.06969469040632248,0.7576833367347717,0.06708811968564987
1584.404296875,31.433671951293945,37.84966278076172,1906.177978515625,0.3960399329662323,-0.08556472510099411,3.21187485496921e-07,-9.435325409867801e-07,1.0207997291900028e-07,3.9827705222705845e-07,0.3219292163848877,-0.09423032402992249,0.3960399627685547,-0.08556473255157471,3.2118754234033986e-07,-9.435326546736178e-07,1.0207998002442764e-07,3.9827705222705845e-07,0.3219292163848877,-0.09423032402992249,-0.6158028841018677,-0.43463313579559326,6.973390043185645e-08,-6.292633543125703e-07,-2.260374145635069e-07,4.0292667335961596e-07,-0.7345374226570129,-0.3571445345878601,0.6158028841018677,0.43463313579559326,6.973390753728381e-08,-6.292634111559892e-07,2.260374145635069e-07,-4.0292667335961596e-07,-0.7345374226570129,-0.3571445345878601,0.3960408568382263,-0.08556551486253738,-4.96338202538027e-07,-1.2172953347544535e-06,-7.851047030271729e-07,-7.597324724883947e-07,0.32192814350128174,-0.09423056989908218,0.3960408568382263,-0.08556550741195679,4.96338202538027e-07,1.2172954484412912e-06,7.851047030271729e-07,7.597325293318136e-07,0.32192814350128174,-0.09423056989908218,-0.27125874161720276,-0.624129056930542,-8.09596940598567e-07,-1.7259532114621834e-06,-7.245895403684699e-07,-1.1183311698914622e-06,-0.3281186819076538,-0.642647385597229,0.27125874161720276,0.624129056930542,8.095969974419859e-07,1.7259533251490211e-06,-7.245895403684699e-07,-1.1183311698914622e-06,-0.3281186819076538,-0.642647385597229,0.5783766508102417,0.18684659898281097,0.6779209971427917,0.12951911985874176
1482.527099609375,61.936038970947266,43.22098159790039,3116.322265625,0.4163386821746826,-0.06092757359147072,-3.2004465992940823e-06,-1.4121052117843647e-05,1.354964183519769e-06,-3.2037478376878425e-06,0.20018552243709564,-0.08989928662776947,0.416338711977005,-0.060927584767341614,-3.200447054041433e-06,-1.4121053027338348e-05,1.3549640698329313e-06,-3.2037478376878425e-06,0.20018552243709564,-0.08989928662776947,-0.32928958535194397,-0.5924748182296753,-1.4373327985595097e-06,-5.568566848523915e-06,-4.850505774811609e-07,3.824126451945631e-06,-0.8773403167724609,-0.2269318699836731,0.32928958535194397,0.5924748182296753,-1.4373329122463474e-06,-5.568567303271266e-06,4.850505774811609e-07,-3.824126451945631e-06,-0.8773403167724609,-0.2269318699836731,0.4163796305656433,-0.06092903017997742,-8.853702638589311e-06,-3.24852794619801e-06,2.832180598488776e-06,1.3826952454110142e-05,0.20018772780895233,-0.08990304172039032,0.41637957096099854,-0.06092902272939682,8.853702638589311e-06,3.2485277188243344e-06,-2.832180598488776e-06,-1.3826952454110142e-05,0.20018772780895233,-0.08990304172039032,-0.3541925847530365,-0.5908908247947693,-2.2076768800616264e-05,-9.906303603202105e-06,7.229730726976413e-06,-8.145160791173112e-06,-0.4024105370044708,-0.6729518175125122,0.3541925549507141,0.5908907651901245,2.207676698162686e-05,9.906302693707403e-06,7.229730726976413e-06,-8.145160791173112e-06,-0.4024105370044708,-0.6729518175125122,0.45945799350738525,0.21168723702430725,0.8212241530418396,0.05997839942574501
1007.6202392578125,56.660526275634766,48.304500579833984,2012.9278564453125,0.2522474229335785,0.0002647061483003199,-3.3385950359843264e-07,3.4146731309192546e-07,1.1009210965085003e-07,-2.1515354831080913e-07,0.1272403746843338,-0.021122192963957787,0.2522474229335785,0.0002647061483003199,-3.3385950359843264e-07,3.4146731309192546e-07,1.1009210965085003e-07,-2.1515353409995441e-07,0.1272403746843338,-0.021122192963957787,-0.48563945293426514,-0.5979688763618469,-7.443738780921194e-08,2.1900544311392878e-07,2.700192567317572e-07,1.337889585784069e-07,-0.8865514993667603,-0.2552320957183838,0.48563939332962036,0.5979688167572021,-7.443738780921194e-08,2.1900544311392878e-07,-2.7001922831004777e-07,-1.3378894436755218e-07,-0.8865514993667603,-0.2552320957183838,0.2522481381893158,0.0002639793965499848,9.45860733736481e-07,4.705381968506117e-07,2.040906110778451e-06,2.072913048323244e-06,0.1272408813238144,-0.021121622994542122,0.2522481083869934,0.00026397936744615436,-9.45860733736481e-07,-4.705381684289023e-07,-2.0409058834047755e-06,-2.072912593575893e-06,0.1272408813238144,-0.021121622994542122,-0.24358215928077698,-0.6752684116363525,2.2978683773544617e-06,1.1829489494630252e-06,2.384382241871208e-06,6.096016136325488e-07,-0.28480765223503113,-0.7393270134925842,0.24358215928077698,0.6752684116363525,-2.2978683773544617e-06,-1.1829489494630252e-06,2.384382241871208e-06,6.096016136325488e-07,-0.28480765223503113,-0.7393270134925842,0.5991252064704895,0.0931394174695015,0.8525481820106506,0.025337042286992073
1031.755615234375,54.36698913574219,21.033782958984375,872.0525512695312,0.3852767050266266,-0.08309880644083023,-1.4252969471328925e-08,-1.7696386578336387e-07,3.239519514863787e-07,3.9127959894358355e-07,0.20231302082538605,-0.09204038232564926,0.3852767050266266,-0.08309880644083023,-1.4252969471328925e-08,-1.7696386578336387e-07,3.239519514863787e-07,3.9127959894358355e-07,0.20231302082538605,-0.09204038232564926,-0.48386600613594055,-0.5439817309379578,-1.5062702196644295e-09,-5.96787543827304e-08,5.267358460514515e-08,3.2260302873510227e-07,-0.8569009304046631,-0.26330137252807617,0.48386600613594055,0.5439817309379578,-1.5062702196644295e-09,-5.96787543827304e-08,-5.267358815785883e-08,-3.226030571568117e-07,-0.8569009304046631,-0.26330137252807617,0.38527947664260864,-0.08310233801603317,-2.361230677649928e-08,1.2171977914476884e-07,1.3780691006104462e-06,-9.098380360228475e-07,0.20231352746486664,-0.09204064309597015,0.3852795660495758,-0.08310235291719437,2.361230855285612e-08,-1.2171977914476884e-07,-1.3780691006104462e-06,9.098380928662664e-07,0.20231352746486664,-0.09204064309597015,-0.33657804131507874,-0.6181077361106873,-5.046879536507731e-08,4.360510104106652e-07,1.5547699376838864e-06,-2.6192601580987684e-06,-0.4772343337535858,-0.618694007396698,0.33657804131507874,0.6181077361106873,5.046879891779099e-08,-4.360510388323746e-07,1.5547699376838864e-06,-2.6192601580987684e-06,-0.4772343337535858,-0.618694007396698,0.5300424695014954,0.15534354746341705,0.8036068677902222,0.049401991069316864
540.73486328125,36.125465393066406,62.0787467956543,905.6158447265625,0.0699525997042656,0.3058774471282959,4.992018465266312e-10,4.810490672468859e-09,1.706064978179711e-07,-3.558466232789215e-08,0.06995069235563278,0.25218600034713745,0.06995260715484619,0.3058774769306183,4.992018465266312e-10,4.810490672468859e-09,1.706064978179711e-07,-3.558465877517847e-08,0.06995069235563278,0.25218600034713745,-0.15648819506168365,-0.418630987405777,-1.8944009028132314e-08,1.7921339079407517e-08,1.3719845526338759e-07,4.446218326847884e-08,-0.4086037874221802,-0.418628454208374,0.15648819506168365,0.418630987405777,-1.8944009028132314e-08,1.7921339079407517e-08,-1.3719845526338759e-07,-4.446218326847884e-08,-0.4086037874221802,-0.418628454208374,0.06995237618684769,0.3058767020702362,6.054749235318013e-08,1.1443916747566618e-07,-6.783063355442209e-08,8.922761196572537e-08,0.06995029002428055,0.2521856427192688,0.06995237618684769,0.3058767318725586,-6.054749235318013e-08,-1.1443916747566618e-07,6.783063355442209e-08,-8.922761196572537e-08,0.06995029002428055,0.2521856427192688,0.3569537401199341,-0.251400887966156,2.6274261699654744e-07,3.464885480752855e-07,-4.444411558779393e-07,2.7389725687498867e-07,0.36362746357917786,-0.39051565527915955,-0.3569537401199341,0.251400887966156,-2.6274261699654744e-07,-3.464885480752855e-07,-4.444411558779393e-07,2.7389725687498867e-07,0.36362746357917786,-0.39051565527915955,0.20253491401672363,0.12749174237251282,0.3459932506084442,0.0902911052107811
1633.475341796875,24.178770065307617,67.07435607910156,364.43487548828125,0.22919975221157074,-0.04003545269370079,1.0305231512575119e-07,-6.169461386207331e-08,9.216936973643897e-07,-1.0008578101405874e-05,0.3736417889595032,0.006012485362589359,0.22919976711273193,-0.04003545641899109,1.0305230802032384e-07,-6.169460675664595e-08,9.216938110512274e-07,-1.0008579010900576e-05,0.3736417889595032,0.006012485362589359,-0.7023250460624695,-0.4633570611476898,4.659146313201745e-08,-4.800627451118089e-08,5.745300768467132e-07,-3.577788220354705e-06,-0.6868125796318054,-0.38171687722206116,0.7023249864578247,0.46335703134536743,4.659146313201745e-08,-4.800627451118089e-08,-5.745300768467132e-07,3.577788220354705e-06,-0.6868125796318054,-0.38171687722206116,0.22920051217079163,-0.04003668203949928,-5.5052609582162404e-08,2.6045916534656044e-09,1.2125087778258603e-06,-9.483315807301551e-06,0.3736417293548584,0.00601224135607481,0.22920052707195282,-0.04003668203949928,5.505259892402137e-08,-2.6045914314209995e-09,-1.2125086641390226e-06,9.483315807301551e-06,0.3736417293548584,0.00601224135607481,-0.2630382776260376,-0.7599814534187317,-1.1824805312699027e-07,2.0647862086775604e-08,-1.2492733958424651e-06,-2.60713895841036e-05,0.07324092090129852,-0.6774042248725891,0.2630382776260376,0.7599814534187317,1.1824804602156291e-07,-2.0647860310418764e-08,-1.2492735095293028e-06,-2.6071393222082406e-05,0.07324092090129852,-0.6774042248725891,0.7079602479934692,0.054135359823703766,0.6174193024635315,0.1396443396806717
1835.1824951171875,27.389892578125,59.96613311767578,558.703125,0.31139665842056274,-0.07246286422014236,2.113366903699898e-08,4.184013846497692e-08,-1.2069428976246854e-06,4.511410622853873e-07,0.41037246584892273,-0.03551548346877098,0.31139662861824036,-0.07246285676956177,2.113366726064214e-08,4.184013491226324e-08,-1.2069428976246854e-06,4.511410338636779e-07,0.41037246584892273,-0.03551548346877098,-0.6597972512245178,-0.4632555842399597,2.309203139816418e-08,2.0372191045225918e-08,-1.0043200973086641e-06,4.1189019839293906e-07,-0.6740566492080688,-0.36596232652664185,0.659797191619873,0.46325555443763733,2.3092029621807342e-08,2.0372191045225918e-08,1.0043200973086641e-06,-4.1189019839293906e-07,-0.6740566492080688,-0.36596232652664185,0.31139838695526123,-0.07246262580156326,2.9578691496112697e-08,7.942992397147464e-08,-1.5443467873410555e-06,3.661035634650034e-07,0.410372257232666,-0.0355156771838665,0.31139838695526123,-0.07246262580156326,-2.9578693272469536e-08,-7.9429931076902e-08,1.5443466736542177e-06,-3.661035634650034e-07,0.410372257232666,-0.0355156771838665,-0.27454400062561035,-0.7188341617584229,7.278032398971845e-08,1.7797827922549914e-07,-1.2638895441341447e-06,7.886501975917781e-07,-0.05094628036022186,-0.6519653797149658,0.27454400062561035,0.7188341617584229,-7.278033109514581e-08,-1.7797829343635385e-07,-1.2638895441341447e-06,7.886501975917781e-07,-0.05094628036022186,-0.6519653797149658,0.6499381065368652,0.10221874713897705,0.5882807970046997,0.16966690123081207
1747.3798828125,39.651519775390625,72.9172134399414,2845.884033203125,0.32586491107940674,-0.010538093745708466,4.096268568787309e-08,1.8331985529584927e-07,2.1199320077158745e-09,1.966096263572581e-08,0.23540827631950378,-0.02229994349181652,0.32586488127708435,-0.010538092814385891,4.096268568787309e-08,1.8331984108499455e-07,2.1199320077158745e-09,1.966096263572581e-08,0.23540827631950378,-0.02229994349181652,-0.6022379398345947,-0.47663506865501404,5.595847696326928e-08,4.172689216375147e-08,-1.160661700083665e-08,-1.6397286861646876e-09,-0.7875686883926392,-0.33680465817451477,0.60223788022995,0.47663500905036926,5.595847696326928e-08,4.172689216375147e-08,1.160661611265823e-08,1.6397284641200827e-09,-0.7875686883926392,-0.33680465817451477,0.32586580514907837,-0.010538037866353989,1.3310051727444261e-08,-1.4178874607750913e-07,-1.800864026790805e-07,6.866399360205833e-08,0.23540785908699036,-0.022300103679299355,0.3258657157421112,-0.010538035072386265,-1.3310050839265841e-08,1.4178874607750913e-07,1.800864026790805e-07,-6.866398649663097e-08,0.23540785908699036,-0.022300103679299355,-0.18741261959075928,-0.6574623584747314,1.9327715961026115e-07,-3.5078906446273095e-09,-3.1190495519695105e-07,-4.555089461177886e-08,-0.23488262295722961,-0.6874752044677734,0.18741260468959808,0.6574622988700867,-1.9327714539940644e-07,3.5078904225827046e-09,-3.1190495519695105e-07,-4.555089461177886e-08,-0.23488262295722961,-0.6874752044677734,0.6010876893997192,0.14557692408561707,0.740925133228302,0.08143613487482071
635.6973876953125,52.34983444213867,97.95404052734375,524.4637451171875,0.11488083750009537,0.09776946157217026,-1.536962201953429e-07,-5.431619953810696e-08,6.467541879828786e-07,-5.325818506207725e-07,-0.004046907182782888,0.12527485191822052,0.11488083750009537,0.09776945412158966,-1.536962201953429e-07,-5.4316203090820636e-08,6.467541879828786e-07,-5.325818506207725e-07,-0.004046907182782888,0.12527485191822052,-0.08709779381752014,-0.5493764281272888,-5.202100794576836e-08,3.528802494656702e-08,2.3071054044976336e-07,9.767542330507695e-09,-0.6792171597480774,-0.39172324538230896,0.08709777146577835,0.5493763089179993,-5.202100794576836e-08,3.528802494656702e-08,-2.307104836063445e-07,-9.767540554150855e-09,-0.6792171597480774,-0.39172324538230896,0.11488183587789536,0.09776957333087921,7.846114158382989e-08,2.016985405361993e-07,7.555000536285661e-08,-1.0182425285165664e-06,-0.004047167021781206,0.12527482211589813,0.11488179862499237,0.09776955097913742,-7.846114158382989e-08,-2.01698554747054e-07,-7.554998404657454e-08,1.0182421874560532e-06,-0.004047167021781206,0.12527482211589813,0.4048526883125305,-0.15925560891628265,-5.537151537282625e-08,5.424357709671312e-07,-3.1269080409401795e-06,-5.484088887897087e-06,0.15763629972934723,-0.3766747713088989,-0.4048526883125305,0.15925560891628265,5.537151537282625e-08,-5.424357709671312e-07,-3.1269080409401795e-06,-5.484088887897087e-06,0.15763629972934723,-0.3766747713088989,0.3094004988670349,0.02275647222995758,0.6147831082344055,0.015710167586803436
1235.679931640625,10.479353904724121,70.63536071777344,2716.989990234375,0.1877635270357132,0.03383854031562805,6.370269289845965e-08,5.609702924402882e-09,5.6587190044865565e-08,-4.136277986788173e-09,0.17659513652324677,0.03689257428050041,0.18776357173919678,0.03383854404091835,6.3702700003887e-08,5.609703368492092e-09,5.658719715029292e-08,-4.136278874966592e-09,0.17659513652324677,0.03689257428050041,-0.735579788684845,-0.4284820556640625,2.1524405369177657e-08,-7.792230860559357e-09,2.5462911779072783e-08,2.254818731728392e-08,-0.7491533756256104,-0.41454893350601196,0.735579788684845,0.4284820556640625,2.1524407145534497e-08,-7.792230860559357e-09,-2.5462911779072783e-08,-2.254818731728392e-08,-0.7491533756256104,-0.41454893350601196,0.18776334822177887,0.033838700503110886,4.2200039018780444e-09,-3.9864069378836575e-08,3.4629977108124876e-08,4.062513170310922e-08,0.17659567296504974,0.036892473697662354,0.18776334822177887,0.033838700503110886,-4.2200034577888346e-09,3.9864065826122896e-08,-3.4629977108124876e-08,-4.062513170310922e-08,0.17659567296504974,0.036892473697662354,-0.010686472058296204,-0.7137102484703064,-1.5558033084062117e-08,1.9694585517981977e-08,-5.657909696310526e-08,-5.833498661900194e-08,-0.02315656840801239,-0.7042679190635681,0.010686472058296204,0.7137102484703064,1.5558033084062117e-08,-1.9694585517981977e-08,-5.6579104068532615e-08,-5.8334993724429296e-08,-0.02315656840801239,-0.7042679190635681,0.7288531064987183,0.059143245220184326,0.7387660145759583,0.05674104392528534
636.052734375,64.37472534179688,45.35710144042969,528.245849609375,0.28296712040901184,0.1362370252609253,-9.06716195459012e-08,-1.6285332549159648e-07,4.422757911015651e-07,3.6677838011200947e-07,0.16301356256008148,0.06953726708889008,0.28296715021133423,0.1362370401620865,-9.067162665132855e-08,-1.628533539133059e-07,4.422758763666934e-07,3.6677843695542833e-07,0.16301356256008148,0.06953726708889008,0.09351911395788193,-0.5080018043518066,-4.024538213798223e-08,-5.2844882247882197e-08,-2.769662330592837e-07,2.8955196285096463e-07,-0.7909896373748779,-0.3093705177307129,-0.09351914376020432,0.508001983165741,-4.024538569069591e-08,-5.2844889353309554e-08,2.76966318324412e-07,-2.895520481160929e-07,-0.7909896373748779,-0.3093705177307129,0.2829652428627014,0.13623881340026855,-7.15288184238716e-09,3.78879221329953e-08,9.404963066117489e-07,7.534318058333156e-08,0.16301393508911133,0.06953735649585724,0.2829653322696686,0.13623885810375214,7.15288184238716e-09,-3.78879221329953e-08,-9.404965908288432e-07,-7.534320189961363e-08,0.16301393508911133,0.06953735649585724,0.260911762714386,-0.35457345843315125,-8.958770081335388e-08,1.294483098490673e-07,1.4787663076276658e-06,-1.7375022025589715e-06,-0.04685738682746887,-0.6189673542976379,-0.2609117925167084,0.35457348823547363,8.958770081335388e-08,-1.294483098490673e-07,1.4787664213145035e-06,-1.7375023162458092e-06,-0.04685738682746887,-0.6189673542976379,0.26681163907051086,0.09863091260194778,0.7213747501373291,0.031408850103616714
759.6126708984375,31.194446563720703,43.53813171386719,687.4017333984375,0.28442397713661194,0.07830874621868134,-2.4432759815340432e-08,-7.72577446461753e-10,4.025280020414357e-07,1.7242557248664525e-07,0.20861326158046722,0.08493403345346451,0.28442397713661194,0.07830873876810074,-2.4432759815340432e-08,-7.725773909506017e-10,4.025280020414357e-07,1.7242557248664525e-07,0.20861326158046722,0.08493403345346451,-0.5094197988510132,-0.5498793721199036,-4.168844469631949e-08,2.7396191981665652e-08,1.4949533522212732e-07,8.774770776653895e-08,-0.6721795797348022,-0.45399126410484314,0.5094197392463684,0.5498793125152588,-4.168844469631949e-08,2.7396191981665652e-08,-1.494953210112726e-07,-8.774769355568424e-08,-0.6721795797348022,-0.45399126410484314,0.2844231128692627,0.07830918580293655,1.7867920121261704e-07,-1.1815779288326667e-07,4.6869058678566944e-07,1.1860481663461542e-07,0.20861300826072693,0.08493368327617645,0.2844230830669403,0.07830917835235596,-1.7867918700176233e-07,1.1815779288326667e-07,-4.686905299422506e-07,-1.1860479531833334e-07,0.20861300826072693,0.08493368327617645,0.12432216107845306,-0.6625006794929504,2.6032745381598943e-07,-2.5689993776722986e-07,1.2530175581559888e-06,1.016583262014592e-08,-0.009042680263519287,-0.635076642036438,-0.12432215362787247,0.6625006198883057,-2.6032745381598943e-07,2.5689993776722986e-07,1.2530175581559888e-06,1.016583262014592e-08,-0.009042680263519287,-0.635076642036438,0.5618758201599121,0.10449358820915222,0.6579334735870361,0.07419542968273163
733.8355712890625,5.671904563903809,34.40777587890625,1034.8455810546875,0.3176117539405823,0.09042790532112122,3.60571590363179e-08,1.511327951675412e-08,1.76641379301401e-09,1.1293582247162703e-07,0.305207222700119,0.09238308668136597,0.3176117241382599,0.09042789787054062,3.605715548360422e-08,1.511327951675412e-08,1.76641379301401e-09,1.1293582957705439e-07,0.305207222700119,0.09238308668136597,-0.5557369589805603,-0.5054821968078613,1.455597686828014e-08,1.0390690974304562e-08,-6.3915321923957436e-09,3.96034707250692e-08,-0.5662890672683716,-0.500394344329834,0.5557369589805603,0.5054821968078613,1.455597686828014e-08,1.0390690974304562e-08,6.391532636484953e-09,-3.960347783049656e-08,-0.5662890672683716,-0.500394344329834,0.3176117241382599,0.09042832255363464,5.500226496479854e-09,-2.4129070297362887e-08,4.313115553600255e-08,9.629017938550533e-08,0.30520614981651306,0.09238293021917343,0.3176116943359375,0.09042832255363464,-5.500226496479854e-09,2.4129072073719726e-08,-4.313116264142991e-08,-9.629019359636004e-08,0.30520614981651306,0.09238293021917343,0.0846853107213974,-0.6592746376991272,6.204499691797594e-10,-3.189228792166432e-08,2.0115726329095196e-07,2.3811428206954588e-07,0.0646066814661026,-0.650354266166687,-0.0846853107213974,0.6592746376991272,-6.204500246909106e-10,3.189228792166432e-08,2.0115726329095196e-07,2.3811428206954588e-07,0.0646066814661026,-0.650354266166687,0.5673485994338989,0.12711963057518005,0.5749766826629639,0.12198693305253983
1473.39599609375,16.062976837158203,32.27124786376953,228.3385772705078,0.338408887386322,-0.10695117712020874,8.299160469960043e-09,-1.3789216879445121e-08,4.710963366960641e-06,3.0136895929899765e-06,0.4257476329803467,-0.0897858664393425,0.33840885758399963,-0.10695117712020874,8.299160469960043e-09,-1.3789215991266701e-08,4.710963821707992e-06,3.0136895929899765e-06,0.4257476329803467,-0.0897858664393425,-0.6832211017608643,-0.41956251859664917,6.411566833008919e-09,-1.2206727184604915e-08,2.955542413474177e-06,2.6118675577890826e-06,-0.6564886569976807,-0.3800543248653412,0.6832210421562195,0.4195624589920044,6.4115663889197094e-09,-1.2206726296426496e-08,-2.9555421861005016e-06,-2.6118671030417318e-06,-0.6564886569976807,-0.3800543248653412,0.3384077250957489,-0.10695195943117142,6.23536422494908e-09,6.004424957239962e-09,4.4799626266467385e-06,3.4100339689757675e-06,0.425748735666275,-0.08978773653507233,0.3384076654911041,-0.10695194453001022,-6.23536422494908e-09,-6.004424513150752e-09,-4.479962171899388e-06,-3.410033741602092e-06,0.425748735666275,-0.08978773653507233,-0.3429262638092041,-0.6648788452148438,6.8854029144915785e-09,1.1897072660360664e-08,7.540116712334566e-06,3.129649257971323e-06,-0.16855460405349731,-0.6531825661659241,0.3429262638092041,0.6648788452148438,-6.8854029144915785e-09,-1.1897072660360664e-08,7.540116712334566e-06,3.129649257971323e-06,-0.16855460405349731,-0.6531825661659241,0.6428238153457642,0.1259591281414032,0.5754185914993286,0.1893225610256195
723.2694702148438,65.96862030029297,53.558006286621094,984.0581665039062,0.24728325009346008,0.14407266676425934,-2.2022689449840982e-07,-1.4844341933439864e-07,4.162374409588665e-07,1.8657698319657356e-07,0.1320364624261856,0.02424975112080574,0.2472832053899765,0.14407263696193695,-2.2022689449840982e-07,-1.4844340512354393e-07,4.1623741253715707e-07,1.8657696898571885e-07,0.1320364624261856,0.02424975112080574,0.020605003461241722,-0.6408188343048096,-7.393595780058604e-08,-9.216901020181467e-08,1.817554462490989e-08,3.184415930945761e-08,-0.858433187007904,-0.2715526819229126,-0.020605003461241722,0.6408188343048096,-7.393595069515868e-08,-9.216900309638731e-08,-1.817554640126673e-08,-3.184416286217129e-08,-0.858433187007904,-0.2715526819229126,0.24728171527385712,0.1440718024969101,8.255045713667641e-08,3.732058360128576e-07,8.970603744273831e-07,2.049659315161989e-06,0.13203667104244232,0.024249576032161713,0.2472817301750183,0.1440718173980713,-8.255045713667641e-08,-3.7320586443456705e-07,-8.970604881142208e-07,-2.0496595425356645e-06,0.13203667104244232,0.024249576032161713,0.11455868184566498,-0.48026102781295776,-6.555453779810705e-08,8.469344834338699e-07,5.5340783546853345e-06,2.04655111701868e-06,-0.041541069746017456,-0.7206419706344604,-0.11455868184566498,0.48026102781295776,6.555453779810705e-08,-8.469344834338699e-07,5.5340783546853345e-06,2.04655111701868e-06,-0.041541069746017456,-0.7206419706344604,0.41107332706451416,0.10480169206857681,0.8106484413146973,0.026173103600740433
1182.5462646484375,67.00845336914062,52.925376892089844,850.2501831054688,0.2336452454328537,0.010889176279306412,-1.665235771497464e-08,-1.7814880948208156e-07,4.268141822194593e-07,1.8717334171469702e-07,0.17649038136005402,-0.017160821706056595,0.2336452305316925,0.010889176279306412,-1.665235771497464e-08,-1.7814878106037213e-07,4.268141537977499e-07,1.871733275038423e-07,0.17649038136005402,-0.017160821706056595,-0.19664877653121948,-0.6823427081108093,1.7964527643243855e-08,-4.8298595345386275e-08,2.690294707008434e-07,3.0157332275848603e-07,-0.9067580699920654,-0.1846151351928711,0.19664880633354187,0.6823427677154541,1.7964525866887016e-08,-4.8298591792672596e-08,-2.6902952754426224e-07,-3.015733796019049e-07,-0.9067580699920654,-0.1846151351928711,0.23364537954330444,0.010890193283557892,-2.442904474264651e-07,1.0607208622559483e-07,-5.816199859509652e-07,1.0940891570498934e-06,0.17649108171463013,-0.017160702496767044,0.2336454689502716,0.010890197940170765,2.442904474264651e-07,-1.0607209333102219e-07,5.816200996378029e-07,-1.0940893844235688e-06,0.17649108171463013,-0.017160702496767044,-0.16560064256191254,-0.7286686897277832,-6.645447001574212e-07,4.792600520886481e-07,2.190470013374579e-06,-1.1193571936018998e-06,-0.13155674934387207,-0.6625861525535583,0.16560065746307373,0.728668749332428,6.645447001574212e-07,-4.792600520886481e-07,2.190470013374579e-06,-1.1193571936018998e-06,-0.13155674934387207,-0.6625861525535583,0.5042623281478882,0.054708678275346756,0.8562929630279541,0.03144335001707077
1233.654541015625,2.580211639404297,77.79449462890625,865.3804931640625,0.17381012439727783,0.008209788240492344,-5.583117967944418e-09,1.5424786781181865e-08,3.4855109021236785e-08,-5.278222303672919e-08,0.13980929553508759,0.12686103582382202,0.17381012439727783,0.008209788240492344,-5.5831184120336275e-09,1.5424788557538704e-08,3.4855109021236785e-08,-5.278222303672919e-08,0.13980929553508759,0.12686103582382202,-0.7463692426681519,-0.435569703578949,4.4679770994093815e-09,9.375840104297595e-10,7.4204162814339725e-09,4.8436909594329336e-08,-0.7441301941871643,-0.405767560005188,0.7463692426681519,0.435569703578949,4.4679770994093815e-09,9.375840104297595e-10,-7.4204162814339725e-09,-4.8436909594329336e-08,-0.7441301941871643,-0.405767560005188,0.17380981147289276,0.0082102594897151,2.742637583708074e-08,-5.7227329541831296e-09,-7.57292895059436e-08,-7.324421957832783e-09,0.13980984687805176,0.12686073780059814,0.17380981147289276,0.0082102594897151,-2.742637583708074e-08,5.7227329541831296e-09,7.57292895059436e-08,7.324421513743573e-09,0.13980984687805176,0.12686073780059814,0.06760764122009277,-0.8148563504219055,1.0741313616335901e-07,-5.025175831008255e-09,-3.044565914933628e-07,-5.217191869633098e-07,-0.05906900763511658,-0.4161616861820221,-0.06760764122009277,0.8148563504219055,-1.0741313616335901e-07,5.025175831008255e-09,-3.044565914933628e-07,-5.217191869633098e-07,-0.05906900763511658,-0.4161616861820221,0.7467880845069885,0.03027736209332943,0.7183770537376404,0.03564036265015602
1715.698486328125,59.68544006347656,42.90252685546875,724.8914184570312,0.44518646597862244,-0.05712175369262695,1.7015989328683645e-07,3.612559851262631e-07,-9.207265350141824e-08,-1.037689898453209e-07,0.30148664116859436,-0.1095537468791008,0.44518643617630005,-0.057121746242046356,1.7015989328683645e-07,3.612559851262631e-07,-9.207263929056353e-08,-1.0376898273989354e-07,0.30148664116859436,-0.1095537468791008,-0.3380594551563263,-0.5858770608901978,3.6204728104394235e-08,1.8852357186460722e-07,-1.9075534396506555e-07,-3.3185111192324257e-07,-0.823757529258728,-0.24014568328857422,0.3380594551563263,0.5858770608901978,3.6204728104394235e-08,1.8852357186460722e-07,1.9075532975421083e-07,3.3185111192324257e-07,-0.823757529258728,-0.24014568328857422,0.4451894462108612,-0.057122379541397095,8.732916256803946e-08,-1.6836817451348907e-07,3.2282005690831284e-07,-1.0060386301802282e-08,0.30148643255233765,-0.10955391824245453,0.4451894462108612,-0.05712238326668739,-8.732917677889418e-08,1.6836818872434378e-07,-3.228200284866034e-07,1.0060386301802282e-08,0.30148643255233765,-0.10955391824245453,-0.30220216512680054,-0.6241095066070557,8.836776999032736e-08,-3.7989258316883934e-07,1.6959866115939803e-06,-3.3300295854132855e-08,-0.2656988501548767,-0.6435249447822571,0.30220216512680054,0.6241095066070557,-8.836777709575472e-08,3.7989261159054877e-07,1.6959864979071426e-06,-3.3300292301419177e-08,-0.2656988501548767,-0.6435249447822571,0.45753616094589233,0.20145389437675476,0.7362464070320129,0.10289622098207474
595.2639770507812,52.54057312011719,91.88814544677734,3556.739501953125,0.037524398416280746,0.23257161676883698,-8.435332432554787e-08,-1.8579591198886192e-08,-1.840392087615328e-07,1.208437367949955e-07,0.06947170943021774,0.12443329393863678,0.037524402141571045,0.23257163166999817,-8.435332432554787e-08,-1.8579591198886192e-08,-1.8403923718324222e-07,1.208437510058502e-07,0.06947170943021774,0.12443329393863678,-0.04863647744059563,-0.5114741325378418,-2.6595149194008627e-08,-3.37837207098346e-08,-4.028534306144138e-08,8.992605415869548e-08,-0.6181030869483948,-0.40900176763534546,0.04863646999001503,0.511474072933197,-2.6595149194008627e-08,-3.37837207098346e-08,4.02853395087277e-08,-8.992603994784076e-08,-0.6181030869483948,-0.40900176763534546,0.03752455487847328,0.23257124423980713,-1.329475480815745e-07,8.10181148835909e-08,9.612806906034166e-08,7.205470353710552e-08,0.06947199255228043,0.12443374842405319,0.03752455115318298,0.23257119953632355,1.329475622924292e-07,-8.10181148835909e-08,-9.61280619549143e-08,-7.205469643167817e-08,0.06947199255228043,0.12443374842405319,0.3503509759902954,-0.17521925270557404,-1.861288723148391e-07,2.123993141367464e-07,4.373335684704216e-07,-6.937437433407467e-07,0.4204810559749603,-0.47245466709136963,-0.3503510057926178,0.17521926760673523,1.8612888652569382e-07,-2.123993283476011e-07,4.3733362531384046e-07,-6.937438001841656e-07,0.4204810559749603,-0.47245466709136963,0.2690238356590271,0.10732976347208023,0.5551125407218933,0.03787895664572716
650.7902221679688,55.71714782714844,31.93279266357422,3279.673095703125,0.3700140118598938,0.20173810422420502,1.247800014425593e-07,-9.874403161802547e-08,9.811341072918367e-08,4.556569024316559e-07,0.2864525020122528,0.04219780117273331,0.3700140118598938,0.20173810422420502,1.2477998723170458e-07,-9.874403161802547e-08,9.811341072918367e-08,4.556569024316559e-07,0.2864525020122528,0.04219780117273331,-0.10187817364931107,-0.5517297983169556,3.019462724296318e-08,-4.079184989791429e-09,-1.8152523750813998e-07,1.3144810395715467e-07,-0.7144545316696167,-0.36459165811538696,0.10187818855047226,0.5517298579216003,3.019462724296318e-08,-4.079184989791429e-09,1.815252659298494e-07,-1.314481181680094e-07,-0.7144545316696167,-0.36459165811538696,0.3700129985809326,0.20173737406730652,-4.018065169475449e-08,3.455795649642823e-08,1.016852593238582e-06,1.0664220440048666e-07,0.28645163774490356,0.04219765588641167,0.3700130879878998,0.2017374187707901,4.0180655247468167e-08,-3.455796004914191e-08,-1.0168527069254196e-06,-1.0664221150591402e-07,0.28645163774490356,0.04219765588641167,0.09046237915754318,-0.5319380760192871,-1.6721814688480663e-07,1.0857175425371679e-07,6.458022312472167e-07,-1.2309543535593548e-06,-0.01470571756362915,-0.6637288331985474,-0.09046237915754318,0.5319380760192871,1.6721814688480663e-07,-1.0857176135914415e-07,6.458022312472167e-07,-1.2309543535593548e-06,-0.01470571756362915,-0.6637288331985474,0.3214421272277832,0.2063528150320053,0.6454926133155823,0.09515360742807388
735.4707641601562,64.62852478027344,60.113685607910156,335.94482421875,0.13027198612689972,0.0850207582116127,-6.948830133524098e-08,5.990673912492639e-08,-5.27715371845261e-07,-5.039462394051952e-07,0.18180111050605774,0.0857449322938919,0.13027195632457733,0.08502074331045151,-6.948829422981362e-08,5.990673201949903e-08,-5.27715371845261e-07,-5.039462394051952e-07,0.18180111050605774,0.0857449322938919,0.03319811448454857,-0.6813309788703918,-4.090937366640901e-08,3.9795594375391374e-08,-2.4748666760388005e-07,2.272757484433896e-07,-0.8376492261886597,-0.2721984088420868,-0.03319811075925827,0.6813309192657471,-4.090936656098165e-08,3.979558726996402e-08,2.4748666760388005e-07,-2.2727576265424432e-07,-0.8376492261886597,-0.2721984088420868,0.13027238845825195,0.08502086997032166,7.271124502494786e-08,-5.3810769173878725e-08,-8.562518587496015e-07,7.169630862335907e-07,0.18180221319198608,0.08574527502059937,0.13027238845825195,0.08502086997032166,-7.271125213037521e-08,5.3810769173878725e-08,8.562519724364392e-07,-7.169632567638473e-07,0.18180221319198608,0.08574527502059937,0.2749544382095337,-0.6085478067398071,2.4137830223480705e-07,-1.0932556904208468e-07,-3.5473615298542427e-06,-4.045355581183685e-06,0.263919472694397,-0.49268639087677,-0.2749544382095337,0.6085478067398071,-2.4137830223480705e-07,1.0932556904208468e-07,-3.5473615298542427e-06,-4.045355581183685e-06,0.263919472694397,-0.49268639087677,0.46531400084495544,0.024199318140745163,0.7757481932640076,0.040403835475444794
1759.94677734375,16.136737823486328,95.95679473876953,2111.982177734375,0.24706774950027466,0.025089198723435402,-1.4113776103386044e-07,-5.028433847087399e-08,-4.195646852167556e-08,-2.4568444700889813e-07,0.21371541917324066,0.05965607985854149,0.24706774950027466,0.02508920058608055,-1.4113776103386044e-07,-5.028433847087399e-08,-4.195646852167556e-08,-2.4568444700889813e-07,0.21371541917324066,0.05965607985854149,-0.6995980143547058,-0.4379226267337799,-6.87854964098733e-08,-1.9040463428154908e-08,4.797583130766725e-08,-9.74078062654371e-08,-0.7211318016052246,-0.39641642570495605,0.6995980143547058,0.4379226267337799,-6.87854964098733e-08,-1.9040463428154908e-08,-4.797583130766725e-08,9.74078062654371e-08,-0.7211318016052246,-0.39641642570495605,0.24706657230854034,0.025088660418987274,8.615223379138115e-08,2.920610313594807e-07,-3.174073270884037e-08,-4.598156966295619e-09,0.21371525526046753,0.05965611711144447,0.24706655740737915,0.025088658556342125,-8.615223379138115e-08,-2.920610313594807e-07,3.174073270884037e-08,4.598156966295619e-09,0.21371525526046753,0.05965611711144447,-0.025571778416633606,-0.702607274055481,1.336964174925015e-07,4.295257269859576e-07,1.3737816217940235e-08,-3.1606583661414334e-07,-0.08376722037792206,-0.6568978428840637,0.025571778416633606,0.702607274055481,-1.336964317033562e-07,-4.29525755407667e-07,1.3737816217940235e-08,-3.1606583661414334e-07,-0.08376722037792206,-0.6568978428840637,0.6865730881690979,0.08925127983093262,0.6966886520385742,0.08552151918411255
912.427978515625,46.05215072631836,99.77540588378906,282.9698791503906,0.04181510582566261,0.015343240462243557,-2.7761206666809812e-08,4.552040522298739e-09,-6.552430136252951e-07,-9.879620677111234e-08,0.13960698246955872,0.11876674741506577,0.04181510582566261,0.015343239530920982,-2.7761204890452973e-08,4.552040522298739e-09,-6.552430136252951e-07,-9.879620677111234e-08,0.13960698246955872,0.11876674741506577,-0.5754175782203674,-0.6043237447738647,-1.3440889290450286e-08,7.988389505442228e-09,9.99939402390737e-07,-6.225120046110533e-07,-0.8077855706214905,-0.3386182487010956,0.5754175186157227,0.60432368516922,-1.3440889290450286e-08,7.988389505442228e-09,-9.999392887038994e-07,6.225119477676344e-07,-0.8077855706214905,-0.3386182487010956,0.041815079748630524,0.015343054197728634,1.1310555159127489e-08,-2.8925354556008642e-08,2.1385587842814857e-06,3.932354388780368e-07,0.13960669934749603,0.1187664195895195,0.041815076023340225,0.01534305140376091,-1.1310556047305909e-08,2.892535633236548e-08,-2.1385585569078103e-06,-3.9323541045632737e-07,0.13960669934749603,0.1187664195895195,0.09899365901947021,-0.7738655805587769,-9.330824468634091e-08,-1.892965428851312e-07,-3.6903902582707815e-06,1.1807305781985633e-06,0.5655218362808228,-0.24247652292251587,-0.09899365901947021,0.7738655805587769,9.330825179176827e-08,1.8929655709598592e-07,-3.6903902582707815e-06,1.1807305781985633e-06,0.5655218362808228,-0.24247652292251587,0.6963126063346863,0.0019839180167764425,0.7671798467636108,0.033595651388168335
1874.791015625,49.32316207885742,36.82950973510742,254.069091796875,0.4636899530887604,-0.09971477091312408,1.464734999956363e-08,5.260870139522922e-08,-1.1172599442943465e-05,-2.539820798119763e-06,0.39865171909332275,-0.14512011408805847,0.463689923286438,-0.09971476346254349,1.464734999956363e-08,5.260870139522922e-08,-1.1172598533448763e-05,-2.5398205707460875e-06,0.39865171909332275,-0.14512011408805847,-0.47815224528312683,-0.5066973567008972,2.1401179495228462e-08,4.0041516768951624e-08,-9.527323527436238e-06,-1.743640382301237e-06,-0.7362794280052185,-0.29434892535209656,0.47815224528312683,0.5066973567008972,2.1401179495228462e-08,4.0041516768951624e-08,9.527323527436238e-06,1.743640382301237e-06,-0.7362794280052185,-0.29434892535209656,0.4636899530887604,-0.09971489012241364,-5.987499385184947e-09,1.3614433136410753e-08,-1.47195341924089e-05,-4.065471330250148e-06,0.39865168929100037,-0.14511899650096893,0.4636899530887604,-0.09971489012241364,5.987498941095737e-09,-1.3614431360053914e-08,1.4719533282914199e-05,4.065471330250148e-06,0.39865168929100037,-0.14511899650096893,-0.292950302362442,-0.603849470615387,2.8932195306197173e-08,4.248995466582528e-08,-1.4776617717870977e-05,-5.869987944606692e-06,-0.22655102610588074,-0.6278435587882996,0.29295027256011963,0.6038494110107422,-2.8932191753483494e-08,-4.24899511131116e-08,-1.4776617717870977e-05,-5.869987944606692e-06,-0.22655102610588074,-0.6278435587882996,0.48537176847457886,0.22495141625404358,0.6287486553192139,0.17998303472995758
1489.2860107421875,24.657732009887695,67.12516021728516,1635.544677734375,0.2688239812850952,-0.011325683444738388,9.802974091144279e-06,-2.7709585992852226e-05,6.613812502109795e-07,-3.84282429877203e-06,0.22674831748008728,-0.010102549567818642,0.2688239812850952,-0.011325684376060963,9.80297500063898e-06,-2.7709585992852226e-05,6.613812502109795e-07,-3.84282429877203e-06,0.22674831748008728,-0.010102549567818642,-0.6837466359138489,-0.45041802525520325,4.652473307942273e-06,-9.029185093822889e-06,1.0297991366314818e-06,-3.2598934467387153e-06,-0.7546318173408508,-0.39666226506233215,0.6837466359138489,0.45041802525520325,4.652473307942273e-06,-9.029185093822889e-06,-1.0297991366314818e-06,3.2598934467387153e-06,-0.7546318173408508,-0.39666226506233215,0.268833726644516,-0.01135447807610035,-6.098947778809816e-06,-3.0649865948362276e-05,1.8822910305971163e-06,-7.067899787216447e-06,0.22673825919628143,-0.010109786875545979,0.268833726644516,-0.011354477144777775,6.098947778809816e-06,3.064986958634108e-05,-1.8822909169102786e-06,7.067899787216447e-06,0.22673825919628143,-0.010109786875545979,-0.1246565729379654,-0.7194737195968628,-1.4814580026722979e-05,-8.570848149247468e-05,2.084413381453487e-06,-9.023941856867168e-06,-0.1581331491470337,-0.7225434184074402,0.1246565729379654,0.7194737195968628,1.4814580026722979e-05,8.570848149247468e-05,2.084413381453487e-06,-9.023941856867168e-06,-0.1581331491470337,-0.7225434184074402,0.6703858375549316,0.09664744138717651,0.7268101572990417,0.07374295592308044
1301.30078125,46.712860107421875,64.72490692138672,1023.9345703125,0.2567634582519531,-0.058078229427337646,-3.0683841600875894e-07,-1.5311600520817592e-07,4.5962639205754385e-07,4.873799639426579e-07,0.1562468260526657,0.039574481546878815,0.25676342844963074,-0.05807822570204735,-3.068383875870495e-07,-1.5311600520817592e-07,4.5962639205754385e-07,4.873799639426579e-07,0.1562468260526657,0.039574481546878815,-0.567193865776062,-0.5186243057250977,-7.37594305633138e-08,-3.3805260812869165e-08,9.318011962022865e-08,3.9113805883062014e-07,-0.8395717740058899,-0.29980140924453735,0.5671938061714172,0.5186242461204529,-7.37594305633138e-08,-3.3805260812869165e-08,-9.318011962022865e-08,-3.9113805883062014e-07,-0.8395717740058899,-0.29980140924453735,0.25676167011260986,-0.05807741358876228,-5.622829490903314e-08,3.3736978366505355e-07,1.2897478427476017e-06,9.290702109865379e-07,0.1562473177909851,0.039574697613716125,0.25676167011260986,-0.05807741731405258,5.622829490903314e-08,-3.373697552433441e-07,-1.2897479564344394e-06,-9.290702109865379e-07,0.1562473177909851,0.039574697613716125,-0.11816330254077911,-0.6708749532699585,-1.8115486000169767e-07,9.756643066793913e-07,2.6307320695195813e-06,1.1609481589403003e-06,-0.2517150342464447,-0.5479570031166077,0.11816330254077911,0.6708749532699585,1.8115486000169767e-07,-9.756643066793913e-07,2.6307320695195813e-06,1.1609481589403003e-06,-0.2517150342464447,-0.5479570031166077,0.5906800627708435,0.0693005621433258,0.794761598110199,0.025979209691286087
1194.0447998046875,24.930030822753906,41.245933532714844,471.98272705078125,0.24535366892814636,-0.05121826007962227,1.2722874309645249e-08,3.500717937754416e-08,-2.721506291436526e-07,3.4615513300195744e-07,0.31170639395713806,-0.027978409081697464,0.24535366892814636,-0.05121826380491257,1.2722874309645249e-08,3.500718293025784e-08,-2.721506291436526e-07,3.46155104580248e-07,0.31170639395713806,-0.027978409081697464,-0.7013912796974182,-0.45718756318092346,2.202254378858015e-08,1.1826634782607925e-08,-1.281555768173348e-07,8.619729641168306e-08,-0.7313992977142334,-0.37925541400909424,0.701391339302063,0.45718762278556824,2.202254378858015e-08,1.1826634782607925e-08,1.2815559102818952e-07,-8.619731062253777e-08,-0.7313992977142334,-0.37925541400909424,0.2453538179397583,-0.05121802166104317,-4.9479925934292623e-08,-5.4889021328108356e-08,-2.9572476023531635e-07,2.3205586785479682e-07,0.31170654296875,-0.027977867051959038,0.24535386264324188,-0.051218029111623764,4.9479925934292623e-08,5.488901777539468e-08,2.957247886570258e-07,-2.3205588206565153e-07,0.31170654296875,-0.027977867051959038,-0.2764837443828583,-0.7570830583572388,-4.274716403074308e-08,-8.609883650478878e-08,-4.3857588138962456e-07,9.964554692487582e-07,-0.08259887993335724,-0.7206108570098877,0.2764837443828583,0.7570830583572388,4.274716403074308e-08,8.609883650478878e-08,-4.3857588138962456e-07,9.964554692487582e-07,-0.08259887993335724,-0.7206108570098877,0.7009701728820801,0.06282172352075577,0.6787795424461365,0.09794366359710693
1041.854736328125,56.63914489746094,46.180206298828125,211.7584686279297,0.18719328939914703,0.004536292981356382,-1.2223281053991286e-08,1.2097876478378566e-08,-6.297735581028974e-06,1.3279253607834107e-06,0.1999024897813797,-0.03530578687787056,0.18719328939914703,0.004536292981356382,-1.2223281053991286e-08,1.2097875590200147e-08,-6.297735581028974e-06,1.3279253607834107e-06,0.1999024897813797,-0.03530578687787056,-0.4928215742111206,-0.6342134475708008,-7.195515849822698e-10,3.5965115330327535e-09,-2.089386271109106e-06,1.4015526517141552e-07,-0.865385115146637,-0.2586192488670349,0.4928215742111206,0.6342134475708008,-7.195515849822698e-10,3.5965115330327535e-09,2.0893864984827815e-06,-1.4015527938227024e-07,-0.865385115146637,-0.2586192488670349,0.18719302117824554,0.004536719061434269,-3.1381979681555094e-08,-1.2398612803110609e-08,-6.865323484817054e-06,-6.628957862631069e-07,0.1999022364616394,-0.03530574217438698,0.18719303607940674,0.004536719527095556,3.1381979681555094e-08,1.2398612803110609e-08,6.865323484817054e-06,6.628958431065257e-07,0.1999022364616394,-0.03530574217438698,-0.22526325285434723,-0.7490294575691223,6.354316894885415e-08,7.00573821177386e-08,-2.0053304979228415e-05,1.4161178114591166e-05,-0.08423426747322083,-0.7829821109771729,0.22526325285434723,0.7490294575691223,-6.354316894885415e-08,-7.00573821177386e-08,-2.0053304979228415e-05,1.4161178114591166e-05,-0.08423426747322083,-0.7829821109771729,0.6450998187065125,0.03506190702319145,0.8157753348350525,0.04120750352740288
1300.373046875,25.28908920288086,70.83415985107422,536.2946166992188,0.16800455749034882,-0.014804251492023468,2.0698281844033772e-07,-6.642564898129422e-08,1.453467007195286e-06,6.694014587083075e-08,0.28231269121170044,0.04823603853583336,0.16800455749034882,-0.014804252423346043,2.0698281844033772e-07,-6.642564898129422e-08,1.4534668935084483e-06,6.694014587083075e-08,0.28231269121170044,0.04823603853583336,-0.7139642238616943,-0.47246652841567993,6.914134331736932e-08,-6.871891855553258e-08,-1.9122580852126703e-08,2.7128737656312296e-07,-0.7331823110580444,-0.3837207853794098,0.7139641642570496,0.47246649861335754,6.914134331736932e-08,-6.871891855553258e-08,1.9122580852126703e-08,-2.7128737656312296e-07,-0.7331823110580444,-0.3837207853794098,0.168005108833313,-0.014804125763475895,-1.7786913275585903e-08,4.1901010661149485e-08,7.384042532976309e-07,5.9230593763004435e-08,0.28231188654899597,0.04823613911867142,0.168005108833313,-0.01480412483215332,1.7786911499229063e-08,-4.1901010661149485e-08,-7.384042532976309e-07,-5.9230593763004435e-08,0.28231188654899597,0.04823613911867142,-0.15215903520584106,-0.8194966912269592,-5.2042857134892984e-08,6.281331366153609e-08,6.2356771195482e-06,-3.255786850786535e-06,0.20635314285755157,-0.6637667417526245,0.15215903520584106,0.8194966912269592,5.2042857134892984e-08,-6.281331366153609e-08,6.2356771195482e-06,-3.255786850786535e-06,0.20635314285755157,-0.6637667417526245,0.7329695224761963,0.028444698080420494,0.6847979426383972,0.08202717453241348
1017.3242797851562,21.952150344848633,32.185394287109375,1711.810302734375,0.25757789611816406,-0.032744742929935455,-4.9622471465227136e-08,3.8873899654845445e-08,8.508175852739441e-08,-1.7966989673823264e-08,0.23144091665744781,-0.033780116587877274,0.25757789611816406,-0.032744742929935455,-4.9622471465227136e-08,3.8873899654845445e-08,8.50817443165397e-08,-1.7966987897466424e-08,0.23144091665744781,-0.033780116587877274,-0.7123290300369263,-0.4336232542991638,-2.7999865537253754e-08,1.836500906904348e-08,5.0786180594286634e-08,-8.262430739591764e-09,-0.7632859349250793,-0.38784900307655334,0.7123290300369263,0.4336232542991638,-2.7999865537253754e-08,1.836500906904348e-08,-5.0786180594286634e-08,8.262430739591764e-09,-0.7632859349250793,-0.38784900307655334,0.25757813453674316,-0.0327448807656765,7.937828883086695e-08,-7.360045373161483e-08,-2.5267565817443938e-08,-2.8207403079960613e-09,0.23144063353538513,-0.03378015011548996,0.25757816433906555,-0.0327448807656765,-7.937828883086695e-08,7.360045373161483e-08,2.5267565817443938e-08,2.8207405300406663e-09,0.23144063353538513,-0.03378015011548996,-0.25341203808784485,-0.709782600402832,1.950185435362073e-07,-1.798616722226143e-07,-5.452749007872626e-08,3.063702536110213e-08,-0.2756199836730957,-0.7078955173492432,0.25341200828552246,0.7097825407981873,-1.950185435362073e-07,1.798616722226143e-07,-5.45274829732989e-08,3.0637021808388454e-08,-0.2756199836730957,-0.7078955173492432,0.6978994011878967,0.08242855966091156,0.7356694340705872,0.06893197447061539
1194.37890625,43.81121826171875,66.59982299804688,225.44076538085938,0.13540148735046387,0.0024290448054671288,9.44631661781159e-09,-1.209619853170807e-07,4.295770395401632e-06,-4.2184751691820566e-06,0.25149327516555786,0.020854227244853973,0.13540151715278625,0.002429045271128416,9.44631661781159e-09,-1.209619995279354e-07,4.295770395401632e-06,-4.2184756239294074e-06,0.25149327516555786,0.020854227244853973,-0.6367940306663513,-0.5500243902206421,-3.813558890897184e-08,-3.30389227087835e-08,8.081505029622349e-07,1.0088843964695116e-06,-0.7980633974075317,-0.32552024722099304,0.6367940306663513,0.5500243902206421,-3.813559246168552e-08,-3.303892626149718e-08,-8.081505029622349e-07,-1.0088843964695116e-06,-0.7980633974075317,-0.32552024722099304,0.13540205359458923,0.0024296047631651163,1.133181992685195e-08,1.0957261764588111e-07,3.1085223781701643e-06,9.311415283264068e-07,0.251492977142334,0.020854128524661064,0.13540205359458923,0.00242960499599576,-1.133181992685195e-08,-1.0957261054045375e-07,-3.1085223781701643e-06,-9.311415283264068e-07,0.251492977142334,0.020854128524661064,-0.1893085390329361,-0.7777234315872192,-3.037228850644169e-07,4.111733460376854e-07,2.128328787875944e-06,-3.3958276617340744e-05,0.19373100996017456,-0.7077981233596802,0.1893085390329361,0.7777234315872192,3.037228850644169e-07,-4.111733460376854e-07,2.1283290152496193e-06,-3.395828025531955e-05,0.19373100996017456,-0.7077981233596802,0.7080334424972534,0.01833946257829666,0.7428686022758484,0.06368377059698105
1302.074462890625,47.414276123046875,77.30899047851562,209.3991241455078,0.12585073709487915,0.00867466814815998,1.9488657798660824e-08,-7.539161828162833e-08,2.2044039724278264e-05,1.5224583876261022e-05,0.26413947343826294,0.03463781252503395,0.12585072219371796,0.00867466814815998,1.9488657798660824e-08,-7.539161828162833e-08,2.2044039724278264e-05,1.5224584785755724e-05,0.26413947343826294,0.03463781252503395,-0.6055086255073547,-0.5749912261962891,2.92489676922969e-08,-1.9528609840335776e-08,6.067256435926538e-06,8.61235548654804e-06,-0.8002249002456665,-0.3092855215072632,0.6055086851119995,0.5749912858009338,2.92489676922969e-08,-1.9528609840335776e-08,-6.067256890673889e-06,-8.612356396042742e-06,-0.8002249002456665,-0.3092855215072632,0.1258491724729538,0.008673682808876038,-9.435079562081228e-08,1.3511266772070485e-08,1.7608241250854917e-05,2.2556490876013413e-05,0.2641395032405853,0.034637246280908585,0.125849187374115,0.008673683740198612,9.435079562081228e-08,-1.3511267660248905e-08,-1.7608241250854917e-05,-2.2556490876013413e-05,0.2641395032405853,0.034637246280908585,-0.16547143459320068,-0.7739989161491394,-1.2899498358365236e-07,1.3287036892961623e-07,7.643054414074868e-05,3.028508035640698e-05,0.2573276460170746,-0.6647865772247314,0.16547143459320068,0.7739989161491394,1.2899499779450707e-07,-1.3287036892961623e-07,7.643054414074868e-05,3.028508035640698e-05,0.2573276460170746,-0.6647865772247314,0.6972556114196777,0.01591365598142147,0.7360174059867859,0.07096944004297256
574.2359008789062,17.899991989135742,44.2371940612793,1226.53515625,0.19750027358531952,0.3042256236076355,1.473636785931376e-07,1.908165536690376e-08,9.329910177768852e-09,-1.6065173724655324e-07,0.19509759545326233,0.286735475063324,0.1975002884864807,0.3042256534099579,1.4736370701484702e-07,1.908165891961744e-08,9.329910177768852e-09,-1.6065173724655324e-07,0.19509759545326233,0.286735475063324,-0.30814141035079956,-0.4583905339241028,8.354490432793682e-08,-1.818113659624032e-08,-1.6414630010785913e-07,-8.60589466356032e-08,-0.37042203545570374,-0.45439639687538147,0.30814144015312195,0.45839059352874756,8.354490432793682e-08,-1.818113659624032e-08,1.6414630010785913e-07,8.60589466356032e-08,-0.37042203545570374,-0.45439639687538147,0.19749906659126282,0.30422428250312805,2.748370491190144e-07,7.788272426978438e-08,-1.2028186802126584e-07,7.583790306853189e-08,0.1950964480638504,0.2867361009120941,0.197499081492424,0.30422431230545044,-2.748370491190144e-07,-7.788272426978438e-08,1.2028186802126584e-07,-7.583790306853189e-08,0.1950964480638504,0.2867361009120941,0.2987675070762634,-0.4261995553970337,1.7390179607446044e-07,1.7697686871542828e-07,1.1364915764033867e-07,-8.241862303748348e-08,0.2866814136505127,-0.4533052444458008,-0.2987675070762634,0.4261995553970337,-1.7390179607446044e-07,-1.7697686871542828e-07,1.1364915764033867e-07,-8.241862303748348e-08,0.2866814136505127,-0.4533052444458008,0.30977991223335266,0.15453678369522095,0.3481267988681793,0.14240778982639313
780.69482421875,38.09394073486328,93.22564697265625,313.6600036621094,0.06190505623817444,0.03590165078639984,-7.087579234621444e-08,-3.1995437410614613e-08,8.523383030478726e-07,1.0121944882257594e-07,0.09787549823522568,0.2321322113275528,0.06190505623817444,0.03590165078639984,-7.08757994516418e-08,-3.1995437410614613e-08,8.523383598912915e-07,1.0121944882257594e-07,0.09787549823522568,0.2321322113275528,-0.49566709995269775,-0.6176550984382629,-2.6258431873316113e-08,-6.996156987071345e-09,-2.174653843667329e-07,2.1027680929819326e-07,-0.6963858008384705,-0.40837961435317993,0.49566715955734253,0.6176551580429077,-2.6258431873316113e-08,-6.996156987071345e-09,2.1746541278844234e-07,-2.102768377199027e-07,-0.6963858008384705,-0.40837961435317993,0.06190512701869011,0.03590178117156029,3.2740928190833074e-08,9.709066262075794e-08,-1.7539038665859152e-08,-3.061002473714325e-08,0.09787547588348389,0.23213326930999756,0.06190513074398041,0.035901784896850586,-3.2740924638119395e-08,-9.709065551533058e-08,1.7539040442215992e-08,3.061002828985693e-08,0.09787547588348389,0.23213326930999756,0.3167009651660919,-0.683760404586792,2.548444228978042e-07,3.040765932382783e-07,3.0833371056360193e-06,-3.754895487873e-06,0.3916553854942322,0.029983021318912506,-0.3167009651660919,0.683760404586792,-2.548444228978042e-07,-3.040765932382783e-07,3.0833371056360193e-06,-3.754895487873e-06,0.3916553854942322,0.029983021318912506,0.6271836757659912,0.0051211644895374775,0.6517270803451538,0.06346496939659119
1845.994140625,55.283748626708984,57.367584228515625,244.14404296875,0.3530482351779938,-0.034046463668346405,-1.1030176949589077e-07,1.176060635543763e-07,3.7113070447958307e-06,-3.778291284106672e-05,0.34905868768692017,-0.08971990644931793,0.3530482351779938,-0.034046463668346405,-1.1030178370674548e-07,1.1760607776523102e-07,3.7113068174221553e-06,-3.778291284106672e-05,0.34905868768692017,-0.08971990644931793,-0.4545172452926636,-0.5906291604042053,-6.049832990129289e-08,2.025492307211607e-08,7.4244962888769805e-06,-1.9299466657685116e-05,-0.786892831325531,-0.2715122103691101,0.4545172452926636,0.5906291604042053,-6.049833700672025e-08,2.025492484847291e-08,-7.42449583412963e-06,1.9299466657685116e-05,-0.786892831325531,-0.2715122103691101,0.3530470132827759,-0.03404352441430092,1.3035972301622678e-07,-2.2355347795155467e-08,1.5892734154476784e-05,-4.489801358431578e-05,0.3490573763847351,-0.08971911668777466,0.3530470132827759,-0.03404352441430092,-1.3035972301622678e-07,2.2355347795155467e-08,-1.5892734154476784e-05,4.489800630835816e-05,0.3490573763847351,-0.08971911668777466,-0.263247013092041,-0.6831437349319458,2.493501369826845e-07,-1.301168737199987e-07,-1.2415418950695312e-06,-8.917745435610414e-05,-0.11423787474632263,-0.6828877925872803,0.263247013092041,0.6831437349319458,-2.493501369826845e-07,1.301168737199987e-07,-1.2415418950695312e-06,-8.917745435610414e-05,-0.11423787474632263,-0.6828877925872803,0.5554287433624268,0.12580221891403198,0.6929191946983337,0.12989163398742676
550.7626342773438,31.517614364624023,78.14850616455078,537.8937377929688,0.03246104344725609,0.24445298314094543,-1.5798551089574175e-07,-1.1969183333349065e-07,7.333466811587641e-08,1.7495412407697586e-07,-0.03369935229420662,0.21173013746738434,0.03246104344725609,0.24445296823978424,-1.5798551089574175e-07,-1.1969181912263593e-07,7.333466811587641e-08,1.7495410986612114e-07,-0.03369935229420662,0.21173013746738434,-0.19154001772403717,-0.4302324652671814,-5.2575749975858344e-08,-2.026307344138445e-09,9.205393070033097e-08,1.516827552450195e-07,-0.4013039469718933,-0.42334312200546265,0.19154001772403717,0.4302324652671814,-5.2575749975858344e-08,-2.026307344138445e-09,-9.205393070033097e-08,-1.516827552450195e-07,-0.4013039469718933,-0.42334312200546265,0.03246147185564041,0.24445225298404694,-2.2855962455992085e-08,1.1434353552886023e-07,-2.078875951383452e-07,2.764745543615277e-09,-0.03369930014014244,0.21172955632209778,0.03246146813035011,0.24445225298404694,2.2855960679635245e-08,-1.1434352131800551e-07,2.078875951383452e-07,-2.764745543615277e-09,-0.03369930014014244,0.21172955632209778,0.4119636118412018,-0.18645097315311432,-7.380830879810674e-08,2.537160526117077e-07,-4.4516792740978417e-07,6.707462603117165e-07,0.33912771940231323,-0.27604302763938904,-0.4119635820388794,0.18645095825195312,7.380830879810674e-08,-2.537160526117077e-07,-4.4516792740978417e-07,6.707462603117165e-07,0.33912771940231323,-0.27604302763938904,0.22178757190704346,0.07627157866954803,0.3402642607688904,0.06256616860628128
1142.5550537109375,45.65168762207031,99.61225891113281,771.729736328125,0.09440745413303375,0.007013182621449232,1.051700166954106e-07,2.0600310790541698e-08,3.467228637532571e-08,-7.813707156856253e-07,0.15761272609233856,0.09481072425842285,0.09440745413303375,0.007013183087110519,1.051700166954106e-07,2.0600312566898538e-08,3.467228637532571e-08,-7.813707156856253e-07,0.15761272609233856,0.09481072425842285,-0.60432368516922,-0.5645288228988647,-3.999144482236261e-08,-1.586122877483831e-08,-8.676515506067517e-08,-3.2158408203031286e-07,-0.8311312198638916,-0.3123423159122467,0.6043236255645752,0.56452876329422,-3.999144482236261e-08,-1.586122877483831e-08,8.676514795524781e-08,3.215840536086034e-07,-0.8311312198638916,-0.3123423159122467,0.09440796077251434,0.007012603338807821,2.34110558494649e-07,-2.1518501114314859e-07,-9.934148010870558e-07,-8.775518267611915e-07,0.1576131135225296,0.0948113203048706,0.09440796077251434,0.007012603338807821,-2.3411057270550373e-07,2.151850253540033e-07,9.934148010870558e-07,8.775517699177726e-07,0.1576131135225296,0.0948113203048706,0.12829919159412384,-0.7928865551948547,7.794439511599194e-07,-1.0591132877380005e-06,-2.306594979017973e-06,-2.0797526758542517e-06,0.39595475792884827,-0.37466326355934143,-0.12829920649528503,0.7928866744041443,-7.794439511599194e-07,1.0591134014248382e-06,-2.306594979017973e-06,-2.0797526758542517e-06,0.39595475792884827,-0.37466326355934143,0.6838999390602112,0.008961953222751617,0.7883368730545044,0.03383084759116173
1991.3909912109375,26.558456420898438,47.77326583862305,231.65530395507812,0.3743102550506592,-0.10481840372085571,6.12924466736331e-08,-1.2777096003446786e-07,1.393253023707075e-05,2.227819277322851e-05,0.48830878734588623,-0.07930824160575867,0.37431028485298157,-0.10481841117143631,6.12924466736331e-08,-1.2777096003446786e-07,1.3932532056060154e-05,2.2278194592217915e-05,0.48830878734588623,-0.07930824160575867,-0.6385082006454468,-0.4406217634677887,5.258696234022864e-08,-1.0710402165159394e-07,1.1824409739347175e-05,1.2045421499351505e-05,-0.627798318862915,-0.3540040850639343,0.6385082602500916,0.44062182307243347,5.258696234022864e-08,-1.0710402165159394e-07,-1.1824410648841877e-05,-1.2045422408846207e-05,-0.627798318862915,-0.3540040850639343,0.3743138015270233,-0.10481853783130646,-9.851331128629681e-08,7.307529159561454e-08,1.6724772649467923e-05,2.3723669073660858e-05,0.488308846950531,-0.0793081745505333,0.3743138909339905,-0.10481856018304825,9.851331839172417e-08,-7.30752987010419e-08,-1.6724774468457326e-05,-2.372367089265026e-05,0.488308846950531,-0.0793081745505333,-0.3071945905685425,-0.6541780829429626,-1.0167094899315998e-07,6.551248787900477e-08,2.4002603822737e-05,4.261279173078947e-05,-0.08038374781608582,-0.6110018491744995,0.30719462037086487,0.6541781425476074,1.0167094899315998e-07,-6.551248787900477e-08,2.4002607460715808e-05,4.261279900674708e-05,-0.08038374781608582,-0.6110018491744995,0.6018402576446533,0.15109506249427795,0.5194495916366577,0.24473527073860168
1488.9896240234375,47.267486572265625,81.736328125,341.41162109375,0.1665343940258026,-0.0008047249284572899,2.3962956063883212e-08,-9.618899454721941e-09,-1.3889330148231238e-06,-4.523728307503916e-07,0.27205541729927063,0.008300043642520905,0.1665343940258026,-0.0008047249284572899,2.3962954287526372e-08,-9.618899454721941e-09,-1.3889330148231238e-06,-4.523728307503916e-07,0.27205541729927063,0.008300043642520905,-0.5918667316436768,-0.574150562286377,2.197186965702258e-08,2.938553933518051e-08,-1.1810980140580796e-06,-3.6724807728205633e-07,-0.795212984085083,-0.3142601251602173,0.591866672039032,0.5741505026817322,2.197186965702258e-08,2.938553933518051e-08,1.1810980140580796e-06,3.672480488603469e-07,-0.795212984085083,-0.3142601251602173,0.16653338074684143,-0.0008034536731429398,-2.997649417579851e-08,1.348942202383796e-08,-2.0103907445445657e-06,-1.8866414848162094e-06,0.2720552980899811,0.008300218731164932,0.16653336584568024,-0.0008034536149352789,2.997649062308483e-08,-1.348942202383796e-08,2.0103905171708902e-06,1.8866413711293717e-06,0.2720552980899811,0.008300218731164932,-0.1858847439289093,-0.7704291939735413,-1.6962481197424495e-07,1.6636545296933036e-07,-1.804170665309357e-06,-1.721252942843421e-06,0.139423668384552,-0.707743227481842,0.1858847439289093,0.7704291939735413,1.6962481197424495e-07,-1.6636545296933036e-07,-1.804170665309357e-06,-1.721252942843421e-06,0.139423668384552,-0.707743227481842,0.6799551248550415,0.02773435041308403,0.7311230897903442,0.07408303767442703
1222.650390625,9.64620304107666,48.55883026123047,1111.296630859375,0.2516787648200989,-0.019381940364837646,-1.8545050295415422e-07,6.910151739702997e-08,-1.9985417054613208e-07,2.023436707077053e-08,0.2253774106502533,0.03568494692444801,0.2516787648200989,-0.019381938502192497,-1.8545050295415422e-07,6.910152450245732e-08,-1.9985417054613208e-07,2.023436707077053e-08,0.2253774106502533,0.03568494692444801,-0.724838137626648,-0.4241335988044739,-7.022505599252327e-08,3.4441789864558814e-08,-9.607305884173911e-08,-3.07966381285496e-08,-0.7388004660606384,-0.39341649413108826,0.7248380780220032,0.4241335690021515,-7.022505599252327e-08,3.4441789864558814e-08,9.607305884173911e-08,3.07966381285496e-08,-0.7388004660606384,-0.39341649413108826,0.25168004631996155,-0.019382508471608162,1.6177490635982394e-07,1.0525482707635092e-07,-6.434203925209658e-08,6.213328163084952e-08,0.22537697851657867,0.03568525239825249,0.25168001651763916,-0.019382506608963013,-1.6177490635982394e-07,-1.0525483418177828e-07,6.434203214666923e-08,-6.213328163084952e-08,0.22537697851657867,0.03568525239825249,-0.14694254100322723,-0.7459149956703186,3.2352801326851477e-07,2.1829505669757054e-07,-2.5886470211844426e-07,4.103703474811482e-07,-0.20966003835201263,-0.6227167248725891,0.14694254100322723,0.7459149956703186,-3.2352801326851477e-07,-2.1829505669757054e-07,-2.5886470211844426e-07,4.103703474811482e-07,-0.20966003835201263,-0.6227167248725891,0.7052796483039856,0.07836838811635971,0.700602650642395,0.08416961878538132
506.7120361328125,14.418992042541504,54.157081604003906,219.2255096435547,0.01741085946559906,0.32749512791633606,-8.676635410154176e-09,-6.822771791981097e-10,-1.603730481747334e-07,4.452455470982386e-07,-0.08440396934747696,0.3804624676704407,0.01741085760295391,0.32749515771865845,-8.676635410154176e-09,-6.822771236869585e-10,-1.603730339638787e-07,4.452455470982386e-07,-0.08440396934747696,0.3804624676704407,-0.19741341471672058,-0.36198604106903076,-1.9770598491675173e-09,-4.4764685291909245e-09,-1.6159093263468094e-07,6.829682206443977e-07,-0.28178825974464417,-0.352606862783432,0.1974133998155594,0.3619860112667084,-1.9770598491675173e-09,-4.4764685291909245e-09,1.6159093263468094e-07,-6.829682206443977e-07,-0.28178825974464417,-0.352606862783432,0.017410429194569588,0.3274955749511719,3.0248099580632015e-09,-1.2772709556685413e-09,-3.860134256683523e-07,5.917585781389789e-07,-0.08440351486206055,0.38046202063560486,0.01741042546927929,0.3274955451488495,-3.0248099580632015e-09,1.2772709556685413e-09,3.860134256683523e-07,-5.917585781389789e-07,-0.08440351486206055,0.38046202063560486,0.3529866337776184,-0.3183012008666992,-1.5387398022426169e-09,1.739741151141061e-08,7.917266202639439e-07,2.0302120447013294e-06,0.2604387700557709,-0.1798793524503708,-0.3529866337776184,0.3183012008666992,1.5387398022426169e-09,-1.739741151141061e-08,7.917266202639439e-07,2.0302120447013294e-06,0.2604387700557709,-0.1798793524503708,0.1700059473514557,0.10755618661642075,0.20373621582984924,0.15187571942806244
1596.3023681640625,17.234331130981445,53.221153259277344,797.5475463867188,0.2995280921459198,-0.07003966718912125,5.272231362596358e-08,-6.836788202235766e-08,-3.7672089092666283e-07,1.7540001806537475e-07,0.4028061330318451,0.0233794953674078,0.2995280921459198,-0.07003966718912125,5.272231362596358e-08,-6.836788202235766e-08,-3.767208625049534e-07,1.7540001806537475e-07,0.4028061330318451,0.0233794953674078,-0.6891729235649109,-0.4411447048187256,2.6176715905990022e-08,-1.831116591688442e-08,-2.8269809604353213e-07,6.664887308716061e-08,-0.6671338677406311,-0.3619177043437958,0.6891728639602661,0.4411446750164032,2.6176715905990022e-08,-1.831116591688442e-08,2.8269803920011327e-07,-6.66488588763059e-08,-0.6671338677406311,-0.3619177043437958,0.2995283007621765,-0.07004017382860184,-3.079773307490541e-07,-7.137237645338246e-08,-6.828963705629576e-07,1.2920192205001513e-07,0.4028063118457794,0.023379825055599213,0.2995282709598541,-0.07004016637802124,3.0797730232734466e-07,7.13723693479551e-08,6.828962568761199e-07,-1.292019078391604e-07,0.4028063118457794,0.023379825055599213,-0.2443222850561142,-0.7483224272727966,-6.354596848723304e-07,1.4829338645938606e-08,-1.0324655477234046e-06,3.846657534722908e-07,-0.012295275926589966,-0.5805537700653076,0.2443222850561142,0.7483224272727966,6.354596848723304e-07,-1.4829338645938606e-08,-1.0324655477234046e-06,3.846657534722908e-07,-0.012295275926589966,-0.5805537700653076,0.6695680022239685,0.09462263435125351,0.5760520696640015,0.16279937326908112
630.1754150390625,67.1653823852539,59.751495361328125,353.7310791015625,0.11836908012628555,0.10767774283885956,-1.090988064333942e-07,9.561731673102258e-08,1.1414177834012662e-06,8.433858624812274e-07,0.13001012802124023,0.13266262412071228,0.11836911737918854,0.10767776519060135,-1.0909882064424892e-07,9.561733804730466e-08,1.141417897088104e-06,8.433859193246462e-07,0.13001012802124023,0.13266262412071228,0.24114270508289337,-0.4930921196937561,-1.24869607986966e-08,2.478868843525106e-08,-6.872646451938635e-08,3.428124273341382e-07,-0.8043253421783447,-0.2745531499385834,-0.24114273488521576,0.4930921792984009,-1.248696257505344e-08,2.478869198796474e-08,6.8726457413959e-08,-3.4281239891242876e-07,-0.8043253421783447,-0.2745531499385834,0.11836976557970047,0.10767868906259537,1.517398686701199e-07,2.4089032990559645e-08,1.5653542959626066e-06,-3.695009240800573e-07,0.13001002371311188,0.13266317546367645,0.11836975067853928,0.10767866671085358,-1.517398686701199e-07,-2.4089032990559645e-08,-1.5653540685889311e-06,3.6950086723663844e-07,0.13001002371311188,0.13266317546367645,0.386053204536438,-0.3457929790019989,6.191015700096614e-07,-2.5039863515985417e-08,5.601499196927762e-06,-4.283569523977349e-06,0.14679691195487976,-0.4293675124645233,-0.38605326414108276,0.3457930088043213,-6.191015700096614e-07,2.5039863515985417e-08,5.6014996516751125e-06,-4.2835699787246995e-06,0.14679691195487976,-0.4293675124645233,0.3012896478176117,0.025605736300349236,0.7223186492919922,0.03450200334191322
972.9085693359375,25.582056045532227,44.88926315307617,327.6784362792969,0.16823983192443848,-0.016784319654107094,7.562572790220656e-08,4.179635837431306e-08,-7.360658855759539e-07,7.713542800047435e-07,0.2508118152618408,0.010304629802703857,0.16823981702327728,-0.016784317791461945,7.562572790220656e-08,4.179636192702674e-08,-7.36065828732535e-07,7.713542231613246e-07,0.2508118152618408,0.010304629802703857,-0.717296302318573,-0.47232767939567566,3.281862959170212e-08,2.052397896079583e-08,-2.7079181563749444e-07,4.691042221338648e-08,-0.7541181445121765,-0.3906197249889374,0.717296302318573,0.47232767939567566,3.281862959170212e-08,2.052397896079583e-08,2.7079181563749444e-07,-4.691042221338648e-08,-0.7541181445121765,-0.3906197249889374,0.16824015974998474,-0.016784241423010826,5.905672040285026e-08,-1.687334894029391e-08,-8.560955393477343e-07,4.811562348550069e-07,0.2508111894130707,0.010304098948836327,0.16824015974998474,-0.016784241423010826,-5.905672040285026e-08,1.687334894029391e-08,8.560955393477343e-07,-4.811562348550069e-07,0.2508111894130707,0.010304098948836327,-0.21285618841648102,-0.8011918663978577,2.3048859532082133e-07,-2.580096414295241e-10,-2.4691551061550854e-06,5.0488747547206e-06,0.07763126492500305,-0.7504625916481018,0.21285615861415863,0.8011917471885681,-2.3048859532082133e-07,2.580096414295241e-10,-2.46915487878141e-06,5.0488742999732494e-06,0.07763126492500305,-0.7504625916481018,0.737607479095459,0.028586354106664658,0.7212779521942139,0.0630127564072609
931.5869140625,34.90443801879883,69.37547302246094,1882.4205322265625,0.16192303597927094,0.05301866680383682,5.3749488415633095e-08,3.5505230755461525e-08,7.622905862092466e-09,-1.0506964542855712e-07,0.11607401072978973,0.04086528345942497,0.16192302107810974,0.053018663078546524,5.3749488415633095e-08,3.5505230755461525e-08,7.622905862092466e-09,-1.0506964542855712e-07,0.11607401072978973,0.04086528345942497,-0.6548529267311096,-0.5117711424827576,3.0420004293318925e-08,-4.1096043901234225e-08,2.7206249697542262e-08,-5.008820735952213e-08,-0.7954474687576294,-0.3821299970149994,0.6548528671264648,0.5117710828781128,3.0420004293318925e-08,-4.1096043901234225e-08,-2.7206249697542262e-08,5.008820735952213e-08,-0.7954474687576294,-0.3821299970149994,0.16192294657230377,0.05301828309893608,-3.826449983534985e-07,5.189108165382095e-08,-1.2128801074595685e-07,1.9950842045091122e-07,0.11607401072978973,0.040864743292331696,0.16192294657230377,0.05301827937364578,3.8264502677520795e-07,-5.189108165382095e-08,1.2128801074595685e-07,-1.9950842045091122e-07,0.11607401072978973,0.040864743292331696,0.07471279054880142,-0.6869893074035645,-8.348705478056218e-07,1.5261632313468e-07,-8.341542070411379e-07,4.491184029120632e-07,0.04321233928203583,-0.6989344954490662,-0.07471279054880142,0.6869893074035645,8.348705478056218e-07,-1.5261632313468e-07,-8.341542070411379e-07,4.491184029120632e-07,0.04321233928203583,-0.6989344954490662,0.6932544112205505,0.05146285891532898,0.7807211875915527,0.03190207481384277
1081.530029296875,18.04265594482422,61.50721740722656,289.7410888671875,0.12349965423345566,-0.006021137349307537,-4.0094732867146377e-08,2.4566588763264008e-08,3.0627566047769506e-06,1.1417446188488611e-07,0.2542780637741089,0.055711403489112854,0.12349965423345566,-0.006021137814968824,-4.0094736419860055e-08,2.4566588763264008e-08,3.0627566047769506e-06,1.1417446188488611e-07,0.2542780637741089,0.055711403489112854,-0.7494638562202454,-0.45144709944725037,-7.623567332970538e-10,1.4059616582073886e-08,1.1614057484621298e-06,6.565303323213811e-08,-0.734797477722168,-0.40103042125701904,0.7494638562202454,0.45144709944725037,-7.623567332970538e-10,1.4059616582073886e-08,-1.1614057484621298e-06,-6.565303323213811e-08,-0.734797477722168,-0.40103042125701904,0.12349976599216461,-0.006020868197083473,3.0392605765428016e-08,-1.5242144213445386e-09,3.0817870992905227e-06,3.734048448222893e-07,0.25427761673927307,0.05571213364601135,0.12349975854158401,-0.006020867265760899,-3.0392605765428016e-08,1.5242144213445386e-09,-3.0817870992905227e-06,-3.734048448222893e-07,0.25427761673927307,0.05571213364601135,-0.18839167058467865,-0.8203648924827576,1.74067679381551e-07,3.4258238912343586e-08,1.3059612683719024e-05,-1.0469291282788618e-06,0.2825230062007904,-0.6695982813835144,0.18839167058467865,0.8203648924827576,-1.74067679381551e-07,-3.4258238912343586e-08,1.3059612683719024e-05,-1.0469291282788618e-06,0.2825230062007904,-0.6695982813835144,0.765500545501709,0.015288419090211391,0.7007527351379395,0.06776109337806702
1208.7506103515625,69.94015502929688,85.3555908203125,295.3226318359375,0.10192424803972244,0.03454720601439476,6.670839525213523e-08,-1.3826587519361055e-07,1.933811745402636e-06,2.646281700435793e-06,0.14493708312511444,-0.001730361138470471,0.10192425549030304,0.03454720601439476,6.670838814670788e-08,-1.3826586098275584e-07,1.933811745402636e-06,2.646281700435793e-06,0.14493708312511444,-0.001730361138470471,-0.1627749800682068,-0.759555995464325,3.1688493606907286e-08,-3.273093085454093e-08,-3.1672348654865345e-07,-6.848409839221858e-07,-0.9218504428863525,-0.17245806753635406,0.16277499496936798,0.7595561146736145,3.1688493606907286e-08,-3.273093085454093e-08,3.1672357181378175e-07,6.848411544524424e-07,-0.9218504428863525,-0.17245806753635406,0.10192456841468811,0.03454617038369179,-2.5240680656679615e-08,4.845374945716685e-08,-3.742169610632118e-06,-1.0227859803535466e-07,0.14493726193904877,-0.0017303526401519775,0.1019245982170105,0.034546174108982086,2.5240680656679615e-08,-4.845375300988053e-08,3.7421705201268196e-06,1.0227861935163673e-07,0.14493726193904877,-0.0017303526401519775,-0.09588337689638138,-0.7534074187278748,-9.081382046360886e-08,2.0900353092656587e-07,2.422820580250118e-05,2.7782805773313157e-05,0.15877458453178406,-0.7471453547477722,0.09588337689638138,0.7534074187278748,9.081382046360886e-08,-2.0900353092656587e-07,2.4228207621490583e-05,2.7782809411291964e-05,0.15877458453178406,-0.7471453547477722,0.6034209728240967,0.011582061648368835,0.8795499801635742,0.02100975066423416
1859.8460693359375,69.18345642089844,51.903785705566406,2503.857421875,0.5042753219604492,0.014016268774867058,-2.3753646871682577e-07,-1.565867222552697e-07,-3.461020980921603e-07,2.4711238211239106e-07,0.19529928267002106,-0.08307312428951263,0.5042752623558044,0.014016267843544483,-2.3753645450597105e-07,-1.56586708044415e-07,-3.461020696704509e-07,2.4711238211239106e-07,0.19529928267002106,-0.08307312428951263,-0.1612819880247116,-0.5613900423049927,-1.3066761539448635e-07,-7.656906575448374e-08,8.386576411112401e-08,4.5359328737504256e-07,-0.8986638188362122,-0.17288774251937866,0.1612819880247116,0.5613900423049927,-1.3066761539448635e-07,-7.656906575448374e-08,-8.386577121655137e-08,-4.53593315796752e-07,-0.8986638188362122,-0.17288774251937866,0.5042788982391357,0.01401443313807249,1.0082519708021209e-07,1.788995831475404e-07,-4.943331532558659e-06,-2.9327070478757378e-06,0.19529853761196136,-0.08307340741157532,0.5042789578437805,0.01401443500071764,-1.0082518997478473e-07,-1.788995831475404e-07,4.943332442053361e-06,2.9327075026230887e-06,0.19529853761196136,-0.08307340741157532,-0.28608956933021545,-0.532546877861023,5.066877406534331e-07,3.703630113705003e-07,-7.465913313353667e-06,1.4847470310996869e-06,-0.413301944732666,-0.6184082627296448,0.28608953952789307,0.5325468182563782,-5.066877406534331e-07,-3.703629829487909e-07,-7.465913313353667e-06,1.4847470310996869e-06,-0.413301944732666,-0.6184082627296448,0.34117066860198975,0.3029909133911133,0.8374868631362915,0.0588802844285965
1299.87109375,8.60346794128418,64.0112075805664,1351.0885009765625,0.22455716133117676,0.008475263603031635,-9.286784319328945e-08,-2.331927646537224e-07,7.519786748844126e-08,-1.624729861759988e-08,0.20563971996307373,0.03134613856673241,0.22455716133117676,0.008475263603031635,-9.286783608786209e-08,-2.331927646537224e-07,7.51978603830139e-08,-1.624729861759988e-08,0.20563971996307373,0.03134613856673241,-0.7290934920310974,-0.4280261695384979,-3.736003151288969e-08,-5.481058806822148e-08,2.786790354036839e-08,1.560530016320172e-08,-0.7373685240745544,-0.414207398891449,0.7290934324264526,0.42802610993385315,-3.736003151288969e-08,-5.481058806822148e-08,-2.786790176401155e-08,-1.560529838684488e-08,-0.7373685240745544,-0.414207398891449,0.2245570421218872,0.00847464520484209,1.1214666528758244e-07,-1.8643969923459736e-08,8.11894693697468e-08,6.842351751856768e-08,0.20563890039920807,0.03134617954492569,0.2245570421218872,0.00847464520484209,-1.1214666528758244e-07,1.8643969923459736e-08,-8.118946226431945e-08,-6.842351041314032e-08,0.20563890039920807,0.03134617954492569,-0.06010304391384125,-0.738862156867981,2.917097390309209e-07,-3.4429572792760155e-07,2.7133904723086744e-07,-8.061250156288224e-08,-0.09999078512191772,-0.6851986646652222,0.06010304391384125,0.738862156867981,-2.917097390309209e-07,3.4429572792760155e-07,2.7133904723086744e-07,-8.061250156288224e-08,-0.09999078512191772,-0.6851986646652222,0.7163015604019165,0.06810053437948227,0.7248653173446655,0.06750128418207169
1916.55419921875,6.626553535461426,45.12038803100586,4330.7294921875,0.40021583437919617,-0.08022809773683548,-3.869378595311446e-09,-1.7459543144582312e-08,2.892468486948019e-08,1.968278517949784e-08,0.393079936504364,-0.08073210716247559,0.40021586418151855,-0.08022810518741608,-3.869378595311446e-09,-1.7459544920939152e-08,2.8924686645837028e-08,1.968278695585468e-08,0.393079936504364,-0.08073210716247559,-0.6542845964431763,-0.3895919919013977,-9.856009342001926e-09,-1.4199130760061962e-08,8.2749433971685e-09,1.1649479603192958e-08,-0.6621062755584717,-0.38642972707748413,0.6542845964431763,0.3895919919013977,-9.856009342001926e-09,-1.4199130760061962e-08,-8.2749433971685e-09,-1.1649479603192958e-08,-0.6621062755584717,-0.38642972707748413,0.4002155363559723,-0.08022832870483398,-2.739536597573533e-08,5.7953723597847784e-08,3.497508416216988e-08,5.614399967157624e-08,0.3930805027484894,-0.08073245733976364,0.4002155363559723,-0.08022833615541458,2.7395362423021652e-08,-5.7953716492420426e-08,-3.497508771488356e-08,-5.614400322428992e-08,0.3930805027484894,-0.08073245733976364,-0.24875374138355255,-0.6148601174354553,-4.9888182473978304e-08,4.8929848617262905e-08,3.251121327707551e-08,6.073499747571987e-08,-0.2561112344264984,-0.6151467561721802,0.24875374138355255,0.6148601174354553,4.9888178921264625e-08,-4.8929848617262905e-08,3.251121682978919e-08,6.073500458114722e-08,-0.2561112344264984,-0.6151467561721802,0.5896123051643372,0.19417716562747955,0.5982520580291748,0.18731974065303802
1689.3699951171875,8.470245361328125,26.501850128173828,650.3817749023438,0.4279993772506714,-0.15134164690971375,-2.6397488639418043e-08,4.595248626060311e-08,5.604047146334779e-07,1.9644635074200778e-07,0.4880918562412262,-0.10894223302602768,0.4279994070529938,-0.15134164690971375,-2.6397490415774882e-08,4.595248981331679e-08,5.604047146334779e-07,1.9644635074200778e-07,0.4880918562412262,-0.10894223302602768,-0.6381406784057617,-0.3949842154979706,-1.9531755768298353e-08,2.2012697442619356e-08,3.671446506814391e-07,3.397584791287045e-08,-0.608742892742157,-0.35826078057289124,0.6381406784057617,0.3949842154979706,-1.9531755768298353e-08,2.2012697442619356e-08,-3.671446506814391e-07,-3.397584791287045e-08,-0.608742892742157,-0.35826078057289124,0.4279993772506714,-0.15134122967720032,7.76241364519592e-08,2.2986645920042292e-09,5.642384621751262e-07,9.99987506133948e-08,0.4880923926830292,-0.10894264280796051,0.4279993176460266,-0.15134121477603912,-7.762412934653184e-08,-2.2986643699596243e-09,-5.642384621751262e-07,-9.99987506133948e-08,0.4880923926830292,-0.10894264280796051,-0.310421884059906,-0.6133272051811218,1.2875921129307244e-07,-8.553167063496403e-09,9.30268356569286e-07,3.355010562700045e-07,-0.20332229137420654,-0.5579431653022766,0.3104218542575836,0.613327145576477,-1.2875921129307244e-07,8.553167063496403e-09,9.30268356569286e-07,3.355010562700045e-07,-0.20332229137420654,-0.5579431653022766,0.5632360577583313,0.20608776807785034,0.49891865253448486,0.25010204315185547
694.2288818359375,34.83120346069336,76.18669128417969,459.6073303222656,0.13435415923595428,0.06564242392778397,1.352192242620731e-07,-1.677309597880594e-07,1.0416457740802798e-07,5.267190203994687e-07,0.022935446351766586,0.22272473573684692,0.13435417413711548,0.06564242392778397,1.3521923847292783e-07,-1.6773097399891412e-07,1.0416457740802798e-07,5.267190203994687e-07,0.022935446351766586,0.22272473573684692,-0.3683004081249237,-0.575660765171051,-3.257952840840517e-08,-2.4824656108535237e-08,-1.5585416690555576e-07,3.9114163996600837e-07,-0.627811849117279,-0.45117148756980896,0.3683003783226013,0.5756607055664062,-3.257952840840517e-08,-2.4824656108535237e-08,1.5585416690555576e-07,-3.9114163996600837e-07,-0.627811849117279,-0.45117148756980896,0.13435333967208862,0.06564188003540039,1.9046453303417366e-08,7.204528174042935e-08,2.2753746975467948e-07,2.9894636099925265e-08,0.022935137152671814,0.2227250337600708,0.13435332477092743,0.06564188003540039,-1.9046453303417366e-08,-7.204527463500199e-08,-2.2753746975467948e-07,-2.9894636099925265e-08,0.022935137152671814,0.2227250337600708,0.43923890590667725,-0.49346843361854553,-2.949134056962066e-07,1.5688161170146486e-07,3.5258426578366198e-06,-9.92264290289313e-07,0.09650342166423798,-0.17334985733032227,-0.43923887610435486,0.49346840381622314,2.949134056962066e-07,-1.5688159749061015e-07,3.5258426578366198e-06,-9.92264290289313e-07,0.09650342166423798,-0.17334985733032227,0.46703046560287476,0.02235996723175049,0.5977034568786621,0.05013234168291092
1558.80322265625,26.0783634185791,65.11831665039062,861.6138305664062,0.2595478594303131,-0.043487291783094406,8.650061222859051e-10,-7.118491396340687e-08,5.913785230404756e-07,-1.9337949197506532e-07,0.35674822330474854,0.0635298639535904,0.2595478594303131,-0.04348728805780411,8.650062333082076e-10,-7.118491396340687e-08,5.913785230404756e-07,-1.9337949197506532e-07,0.35674822330474854,0.0635298639535904,-0.6752101182937622,-0.4696251153945923,6.813814223960435e-08,-5.648024714588473e-09,3.3797908827182255e-07,-7.292991455187803e-08,-0.7028647661209106,-0.3500455915927887,0.675210177898407,0.46962517499923706,6.813814223960435e-08,-5.648024714588473e-09,-3.379791451152414e-07,7.292992165730539e-08,-0.7028647661209106,-0.3500455915927887,0.25954803824424744,-0.043487031012773514,-2.232941511692843e-07,-2.066461775029893e-07,8.1739784718593e-07,-4.84551094359631e-07,0.35674670338630676,0.0635293498635292,0.2595480680465698,-0.04348703473806381,2.2329412274757487e-07,2.066461775029893e-07,-8.173979040293489e-07,4.84551094359631e-07,0.35674670338630676,0.0635293498635292,-0.18590962886810303,-0.781958818435669,-6.17322825746669e-07,-2.7484196607474587e-07,1.2285512411835953e-06,-9.712974815556663e-07,0.068674236536026,-0.5521868467330933,0.18590962886810303,0.781958818435669,6.17322825746669e-07,2.7484193765303644e-07,1.2285512411835953e-06,-9.712974815556663e-07,0.068674236536026,-0.5521868467330933,0.6764564514160156,0.0692562386393547,0.616550862789154,0.13130533695220947
634.483154296875,12.090901374816895,43.98065185546875,1008.17578125,0.24986842274665833,0.22649744153022766,3.371651757788641e-08,-3.480953481016513e-08,5.103241207393694e-08,1.861431364602595e-08,0.2356593757867813,0.21805371344089508,0.24986843764781952,0.22649745643138885,3.371651757788641e-08,-3.480953481016513e-08,5.103241562665062e-08,1.861431364602595e-08,0.2356593757867813,0.21805371344089508,-0.4077747166156769,-0.5056726336479187,-3.5623946015306274e-09,-9.9483736804018e-09,3.8964859783163774e-08,-3.0073660228779886e-10,-0.44159987568855286,-0.4981134533882141,0.4077747166156769,0.5056726336479187,-3.5623946015306274e-09,-9.9483736804018e-09,-3.8964859783163774e-08,3.0073660228779886e-10,-0.44159987568855286,-0.4981134533882141,0.249867781996727,0.22649717330932617,-4.70694239140812e-08,-8.64693134872141e-08,1.2449837072381342e-07,4.664537911480693e-08,0.23565876483917236,0.21805348992347717,0.249867781996727,0.22649717330932617,4.70694239140812e-08,8.64693134872141e-08,-1.244983565129587e-07,-4.664538266752061e-08,0.23565876483917236,0.21805348992347717,0.2721395790576935,-0.5179548859596252,-1.6294164240093778e-08,-2.1155813101358945e-07,1.3216163097240496e-07,2.2056552495541837e-07,0.2488010972738266,-0.522948682308197,-0.2721395790576935,0.5179548859596252,1.6294164240093778e-08,2.1155813101358945e-07,1.3216163097240496e-07,2.2056552495541837e-07,0.2488010972738266,-0.522948682308197,0.42581698298454285,0.1353970766067505,0.4469647705554962,0.12584976851940155
860.9398803710938,22.446475982666016,46.475799560546875,3412.441650390625,0.22485662996768951,0.046901240944862366,-2.2085506756752693e-08,-9.021090363603435e-08,3.5850547419613576e-08,-4.5177266372320446e-08,0.203919917345047,0.034533336758613586,0.22485662996768951,0.046901244670152664,-2.2085506756752693e-08,-9.021090363603435e-08,3.5850547419613576e-08,-4.5177266372320446e-08,0.203919917345047,0.034533336758613586,-0.6508219242095947,-0.49651840329170227,-1.70230620710754e-08,-4.47378667445264e-08,6.940405583577558e-09,-2.1030977848113253e-08,-0.7153411507606506,-0.4479003846645355,0.65082186460495,0.4965183436870575,-1.70230620710754e-08,-4.47378667445264e-08,-6.940404695399138e-09,2.1030976071756413e-08,-0.7153411507606506,-0.4479003846645355,0.22485637664794922,0.04690147563815117,-1.2492138523612084e-07,7.394636014623757e-08,-4.6777017814747524e-08,-9.168772407974757e-08,0.20391973853111267,0.03453340008854866,0.2248563915491104,0.04690147563815117,1.2492138523612084e-07,-7.394636014623757e-08,4.6777010709320166e-08,9.168771697432021e-08,0.20391973853111267,0.03453340008854866,0.014534056186676025,-0.7076882719993591,-2.1352852286327106e-07,1.5424789978624176e-07,-1.611187343542042e-07,-3.2516837222829054e-07,-4.310905933380127e-05,-0.7204359769821167,-0.014534058049321175,0.7076883316040039,2.1352853707412578e-07,-1.5424791399709648e-07,-1.611187343542042e-07,-3.2516837222829054e-07,-4.310905933380127e-05,-0.7204359769821167,0.6738951206207275,0.07469803839921951,0.7155987024307251,0.06111733242869377
1435.298095703125,41.612579345703125,70.46085357666016,201.26580810546875,0.17321820557117462,-0.006264371797442436,6.371492844436943e-08,-8.508531124107321e-08,-2.569263961049728e-05,3.262669997639023e-05,0.322986900806427,0.02047519013285637,0.17321820557117462,-0.0062643722631037235,6.371492844436943e-08,-8.508531834650057e-08,-2.569263961049728e-05,3.262669997639023e-05,0.322986900806427,0.02047519013285637,-0.6424322128295898,-0.5355363488197327,-4.491951699492347e-09,-4.2273722300478767e-08,-7.050446583889425e-06,-1.2091127246094402e-06,-0.756825864315033,-0.3318178951740265,0.6424322128295898,0.5355363488197327,-4.491951699492347e-09,-4.2273722300478767e-08,7.050446583889425e-06,1.2091127246094402e-06,-0.756825864315033,-0.3318178951740265,0.17321619391441345,-0.006262326147407293,-4.5820343075320125e-09,2.3542510163565566e-08,-1.9937073375331238e-05,1.404282284056535e-05,0.3229868412017822,0.020474588498473167,0.17321619391441345,-0.006262326147407293,4.5820343075320125e-09,-2.3542511939922406e-08,1.9937073375331238e-05,-1.404282284056535e-05,0.3229868412017822,0.020474588498473167,-0.2187463939189911,-0.7638943195343018,-2.895899058330542e-07,1.1481037631710933e-07,-3.276326970080845e-05,0.00014967394236009568,0.17642337083816528,-0.6738972663879395,0.2187463939189911,0.7638943195343018,2.8958993425476365e-07,-1.1481038342253669e-07,-3.276326970080845e-05,0.00014967394236009568,0.17642337083816528,-0.6738972663879395,0.6995183229446411,0.030043788254261017,0.6828884482383728,0.10473977774381638
1464.1536865234375,16.71282386779785,52.76732635498047,891.7286376953125,0.28130945563316345,-0.058454472571611404,5.650125345368906e-08,-2.9323987860152556e-07,-1.713057145025232e-07,-5.950933541498671e-07,0.3487507402896881,0.10909963399171829,0.28130948543548584,-0.058454480022192,5.650125345368906e-08,-2.93239907023235e-07,-1.7130570029166847e-07,-5.950933541498671e-07,0.3487507402896881,0.10909963399171829,-0.6944440007209778,-0.44119203090667725,5.639507705268443e-08,-1.2248204939169227e-07,-1.4531698866449005e-07,-3.650542623745423e-07,-0.699134111404419,-0.3354841470718384,0.6944440007209778,0.44119203090667725,5.639508060539811e-08,-1.2248204939169227e-07,1.4531698866449005e-07,3.650542623745423e-07,-0.699134111404419,-0.3354841470718384,0.28130897879600525,-0.05845409259200096,-3.1904627917356265e-07,1.9859754729623091e-07,-6.589744998564129e-07,-4.848067760576669e-07,0.3487497866153717,0.10910000652074814,0.28130897879600525,-0.05845409259200096,3.190462507518532e-07,-1.985975330853762e-07,6.589744998564129e-07,4.848068329010857e-07,0.3487497866153717,0.10910000652074814,-0.20599016547203064,-0.7717877626419067,-6.967201215957175e-07,4.995164886167913e-07,-1.0974803217322915e-06,-1.4863838941892027e-06,-0.020493701100349426,-0.4264849126338959,0.20599016547203064,0.7717877626419067,6.967201215957175e-07,-4.995164317733725e-07,-1.0974803217322915e-06,-1.4863838941892027e-06,-0.020493701100349426,-0.4264849126338959,0.6769028902053833,0.08255193382501602,0.6013381481170654,0.13352979719638824
1800.1824951171875,42.75539016723633,86.1390380859375,2037.93798828125,0.31571927666664124,0.015369660221040249,-5.692316449312784e-07,3.797603653765691e-07,-3.137602107017301e-07,-2.0071193773674167e-07,0.20046880841255188,0.03547978028655052,0.31571927666664124,0.015369659289717674,-5.692317017746973e-07,3.797603653765691e-07,-3.137602107017301e-07,-2.0071193773674167e-07,0.20046880841255188,0.03547978028655052,-0.5871279239654541,-0.48338863253593445,-1.9715014332177816e-07,2.372766232383583e-07,-1.0634986580271288e-07,-1.6304696259794582e-07,-0.7976835370063782,-0.3081466853618622,0.5871279239654541,0.48338863253593445,-1.9715014332177816e-07,2.372766232383583e-07,1.0634986580271288e-07,1.6304696259794582e-07,-0.7976835370063782,-0.3081466853618622,0.31571945548057556,0.015370983630418777,1.076793125776021e-07,2.845810342932964e-08,-5.806513172501582e-07,5.464676746669284e-07,0.20046810805797577,0.03547932207584381,0.31571945548057556,0.015370983630418777,-1.076793125776021e-07,-2.845810520568648e-08,5.806513172501582e-07,-5.464677315103472e-07,0.20046810805797577,0.03547932207584381,-0.11649926751852036,-0.635558545589447,1.5805082398401282e-07,3.867388613798539e-07,-9.630447266317788e-07,1.2251834959897678e-06,-0.25483769178390503,-0.621019184589386,0.11649926751852036,0.635558545589447,-1.5805082398401282e-07,-3.867388613798539e-07,-9.630447266317788e-07,1.2251834959897678e-06,-0.25483769178390503,-0.621019184589386,0.57838374376297,0.13787008821964264,0.7312533855438232,0.07566720247268677
942.46728515625,26.97394371032715,62.265724182128906,412.18212890625,0.1249019205570221,0.004466190002858639,1.8039283400383965e-09,-3.884122179442784e-08,3.2922523018896754e-07,3.653157136795926e-07,0.2211826741695404,0.07442549616098404,0.1249018982052803,0.004466189071536064,1.8039283400383965e-09,-3.884122534714152e-08,3.292251733455487e-07,3.6531568525788316e-07,0.2211826741695404,0.07442549616098404,-0.7007495760917664,-0.49635013937950134,7.846320926319095e-09,-2.8347193037348006e-08,1.9276876983553848e-08,2.3941819904393924e-07,-0.7499731183052063,-0.3985408544540405,0.7007495760917664,0.49635013937950134,7.846320926319095e-09,-2.8347193037348006e-08,-1.9276876983553848e-08,-2.3941819904393924e-07,-0.7499731183052063,-0.3985408544540405,0.12490145117044449,0.004466439597308636,-7.665698298353618e-09,4.9892744158341884e-08,1.134753162546076e-07,4.351702784788358e-07,0.2211834043264389,0.07442519068717957,0.12490144371986389,0.004466439597308636,7.665697410175198e-09,-4.9892744158341884e-08,-1.134753162546076e-07,-4.351702500571264e-07,0.2211834043264389,0.07442519068717957,-0.04371903836727142,-0.8345363736152649,5.470919361982851e-08,4.4227526529994066e-08,-1.4254500513288804e-07,-2.7644784950098256e-07,0.35803788900375366,-0.599150538444519,0.043719034641981125,0.8345363140106201,-5.470919361982851e-08,-4.4227526529994066e-08,-1.4254499092203332e-07,-2.764478210792731e-07,0.35803788900375366,-0.599150538444519,0.7374134659767151,0.015620436519384384,0.7212945222854614,0.054460927844047546
1201.28076171875,18.040283203125,75.10946655273438,441.3924255371094,0.1271498203277588,-0.004950434435158968,-4.3196600074679736e-08,-5.4506855917679786e-08,1.9562605757528218e-06,6.190414296725066e-07,0.2567717134952545,0.07650894671678543,0.1271498203277588,-0.004950433969497681,-4.319659652196606e-08,-5.4506855917679786e-08,1.9562605757528218e-06,6.190414865159255e-07,0.2567717134952545,0.07650894671678543,-0.743571937084198,-0.45520901679992676,-2.9259137335202468e-08,-1.4613814158792593e-08,3.0860670108268096e-07,3.100728918070672e-07,-0.727271318435669,-0.4005245864391327,0.743571937084198,0.45520901679992676,-2.9259137335202468e-08,-1.4613814158792593e-08,-3.0860670108268096e-07,-3.100728918070672e-07,-0.727271318435669,-0.4005245864391327,0.1271492838859558,-0.004950495436787605,8.001629936416066e-08,3.6902388700355004e-08,1.1168255014126771e-06,6.787562938370684e-07,0.25677114725112915,0.07650893926620483,0.1271492838859558,-0.004950495902448893,-8.001629936416066e-08,-3.6902388700355004e-08,-1.1168255014126771e-06,-6.787562938370684e-07,0.25677114725112915,0.07650893926620483,-0.12112733721733093,-0.8390056490898132,1.9081815594290674e-07,6.081460668383443e-08,6.786682661186205e-06,4.4378634811437223e-07,0.3373152017593384,-0.6112343668937683,0.12112732976675034,0.8390055894851685,-1.9081815594290674e-07,-6.081460668383443e-08,6.786682661186205e-06,4.4378634811437223e-07,0.3373152017593384,-0.6112343668937683,0.7601144313812256,0.01619158498942852,0.6893435120582581,0.0717853382229805
1611.85888671875,39.80849075317383,77.42784881591797,2176.65478515625,0.2879795730113983,-0.00552833778783679,-8.249497085444091e-08,7.931548111628217e-07,6.661477982561337e-07,3.0403899131670187e-07,0.20650558173656464,-0.001654838677495718,0.2879795730113983,-0.00552833778783679,-8.249496374901355e-08,7.93154697475984e-07,6.661477982561337e-07,3.0403899131670187e-07,0.20650558173656464,-0.001654838677495718,-0.6100775599479675,-0.4921838939189911,-1.066798027693494e-08,4.548181209429458e-07,2.6781458473124076e-07,3.630925675679464e-07,-0.7921035289764404,-0.3400947153568268,0.6100775599479675,0.4921838939189911,-1.0667979388756521e-08,4.5481806409952696e-07,-2.678146131529502e-07,-3.6309262441136525e-07,-0.7921035289764404,-0.3400947153568268,0.28797972202301025,-0.005528941750526428,-4.6517143914570624e-07,1.0584501808352798e-07,2.3155669168772874e-06,-3.877429932686027e-08,0.20650550723075867,-0.001655037747696042,0.28797978162765503,-0.00552894314751029,4.651714675674157e-07,-1.0584502518895533e-07,-2.315567144250963e-06,3.877429932686027e-08,0.20650550723075867,-0.001655037747696042,-0.1534041464328766,-0.6817497611045837,-3.750807309188531e-07,-5.549702564167092e-07,2.080804506476852e-06,-8.196422385253754e-08,-0.19584423303604126,-0.6998817324638367,0.1534041464328766,0.6817497611045837,3.750807593405625e-07,5.54970313260128e-07,2.080804506476852e-06,-8.196422385253754e-08,-0.19584423303604126,-0.6998817324638367,0.6258023977279663,0.11486887186765671,0.7554683089256287,0.06678182631731033
426.3262634277344,63.77903747558594,50.18534851074219,213.92294311523438,-0.12365583330392838,0.24653668701648712,3.472791476610837e-08,2.0955321033966356e-08,1.0872220457258663e-07,-1.1490914175737998e-06,-0.09157652407884598,0.27666521072387695,-0.12365582585334778,0.24653665721416473,3.472790766068101e-08,2.0955319257609517e-08,1.0872221167801399e-07,-1.1490914175737998e-06,-0.09157652407884598,0.27666521072387695,0.0654698982834816,-0.14386166632175446,1.270349869741949e-08,9.086416952186482e-09,1.3782457131128467e-07,-1.0596412636232344e-07,-0.6123707294464111,-0.13980387151241302,-0.0654698982834816,0.14386166632175446,1.2703497809241071e-08,9.086415175829643e-09,-1.3782458552213939e-07,1.059641334677508e-07,-0.6123707294464111,-0.13980387151241302,-0.12365582585334778,0.24653573334217072,-3.699214445873622e-08,2.006569310708528e-08,4.113149376649972e-09,-1.0643074119798257e-06,-0.09157624840736389,0.27666565775871277,-0.12365585565567017,0.2465357929468155,3.699214445873622e-08,-2.006569133072844e-08,-4.1131498207391815e-09,1.0643074119798257e-06,-0.09157624840736389,0.27666565775871277,0.13720548152923584,-0.06445000320672989,-1.740206201361616e-08,5.551608595055768e-08,-3.7201723444013624e-06,8.649659548609634e-07,0.23322156071662903,-0.4080501198768616,-0.13720549643039703,0.06445001065731049,1.740206201361616e-08,-5.551608595055768e-08,-3.7201723444013624e-06,8.649659548609634e-07,0.23322156071662903,-0.4080501198768616,0.02498248778283596,0.0760711058974266,0.3945430517196655,0.08492989838123322
1778.384521484375,11.337224960327148,77.30659484863281,1464.2825927734375,0.29245343804359436,-0.01914692297577858,-1.1539900413026771e-07,-1.0199349986805828e-07,-5.6716064733564053e-08,1.568134990748149e-07,0.2517800033092499,0.07134578377008438,0.29245343804359436,-0.01914692297577858,-1.1539900413026771e-07,-1.0199349986805828e-07,-5.6716064733564053e-08,1.5681351328566961e-07,0.2517800033092499,0.07134578377008438,-0.6955060958862305,-0.43094542622566223,-7.368740995161716e-08,-6.517414874451788e-08,-8.095471315527902e-08,2.8779176375337556e-08,-0.7123124599456787,-0.37946170568466187,0.6955060958862305,0.43094542622566223,-7.368740995161716e-08,-6.517414874451788e-08,8.095471315527902e-08,-2.8779176375337556e-08,-0.7123124599456787,-0.37946170568466187,0.2924533784389496,-0.01914670690894127,-3.4111895530486436e-08,9.670112888215954e-08,3.181548180464233e-08,2.036190949183947e-07,0.25177955627441406,0.0713452622294426,0.2924533486366272,-0.01914670690894127,3.411189197777276e-08,-9.670112888215954e-08,-3.181548180464233e-08,-2.0361908070753998e-07,0.25177955627441406,0.0713452622294426,-0.0931248813867569,-0.7363139986991882,1.4491429389806854e-08,1.8453641814630828e-07,3.9840512044975185e-07,5.80905009428534e-07,-0.1940714418888092,-0.5652700662612915,0.0931248813867569,0.7363139986991882,-1.4491429389806854e-08,-1.8453641814630828e-07,3.9840512044975185e-07,5.80905009428534e-07,-0.1940714418888092,-0.5652700662612915,0.6694426536560059,0.08589562773704529,0.651380181312561,0.0684833973646164
538.4620361328125,36.625205993652344,89.517333984375,287.65167236328125,-0.0010531777516007423,0.14209486544132233,-4.042449930352632e-08,-3.7652917228570004e-08,6.814527750975685e-07,7.547902214355418e-07,-0.14858369529247284,0.16843315958976746,-0.0010531776351854205,0.14209485054016113,-4.042449930352632e-08,-3.7652917228570004e-08,6.814527750975685e-07,7.547901645921229e-07,-0.14858369529247284,0.16843315958976746,-0.13300642371177673,-0.40630558133125305,-9.013016111225625e-09,-3.0770181069783575e-08,3.6347981335893564e-07,1.2834466645017528e-07,-0.4455568492412567,-0.4028707444667816,0.13300640881061554,0.40630555152893066,-9.013016111225625e-09,-3.0770181069783575e-08,-3.6347981335893564e-07,-1.2834466645017528e-07,-0.4455568492412567,-0.4028707444667816,-0.0010532051092013717,0.14209415018558502,1.6945239877941276e-08,4.822562615913739e-08,9.659700026531937e-07,4.689864283591305e-07,-0.14858350157737732,0.16843241453170776,-0.0010532051092013717,0.14209413528442383,-1.6945239877941276e-08,-4.822562260642371e-08,-9.659700026531937e-07,-4.6898645678083994e-07,-0.14858350157737732,0.16843241453170776,0.3946191072463989,-0.1668650507926941,6.92447130745677e-08,-3.0687996588341093e-09,3.885047590301838e-06,-1.558431222292711e-06,0.2036462426185608,-0.1506941020488739,-0.39461907744407654,0.1668650358915329,-6.924470596914034e-08,3.0687994367895044e-09,3.885047590301838e-06,-1.558431222292711e-06,0.2036462426185608,-0.1506941020488739,0.18277493119239807,0.020192060619592667,0.360825777053833,0.05044684186577797
1211.0260009765625,22.093128204345703,61.840736389160156,2225.519287109375,0.21324121952056885,0.01919778622686863,1.5554121546301758e-07,-3.380930380103564e-08,-7.025231241186702e-08,-1.2599350895925454e-07,0.18566764891147614,0.02230001427233219,0.21324121952056885,0.01919778808951378,1.555412296738723e-07,-3.380930380103564e-08,-7.025231241186702e-08,-1.2599352317010926e-07,0.18566764891147614,0.02230001427233219,-0.7138426303863525,-0.44302526116371155,1.0051886079054384e-07,-8.634295056708652e-08,-1.7275539221373037e-08,-3.0651616356180966e-08,-0.7656347751617432,-0.3918532729148865,0.7138425707817078,0.44302523136138916,1.0051886079054384e-07,-8.634295056708652e-08,1.7275537445016198e-08,3.0651616356180966e-08,-0.7656347751617432,-0.3918532729148865,0.21324174106121063,0.019197918474674225,-1.0549026541184503e-07,5.027793648082479e-08,1.2206682242776878e-07,8.781785965084055e-09,0.18566717207431793,0.022300677374005318,0.21324174106121063,0.019197918474674225,1.0549027251727239e-07,-5.027794003353847e-08,-1.2206680821691407e-07,-8.781784188727215e-09,0.18566717207431793,0.022300677374005318,-0.08194398880004883,-0.7202963829040527,2.2608176664107305e-08,-8.735975143281394e-08,6.517124262472862e-08,1.74036841826819e-07,-0.10611924529075623,-0.7126134037971497,0.08194398880004883,0.7202963829040527,-2.2608176664107305e-08,8.735975143281394e-08,6.517124262472862e-08,1.74036841826819e-07,-0.10611924529075623,-0.7126134037971497,0.709436297416687,0.06945350021123886,0.7436484098434448,0.05953660234808922
1063.986572265625,69.34571838378906,67.82771301269531,252.55296325683594,0.11455319076776505,0.03450111299753189,-1.4441907580931002e-07,1.5582925172452633e-08,2.8499775908130687e-06,1.151731012782875e-07,0.1381254345178604,-0.010607787407934666,0.11455320566892624,0.03450111299753189,-1.4441909002016473e-07,1.5582925172452633e-08,2.8499775908130687e-06,1.1517310838371486e-07,0.1381254345178604,-0.010607787407934666,-0.19106678664684296,-0.7544053792953491,-2.1592144960891346e-08,7.392296996755476e-09,3.407633357710438e-07,-1.7873742308438523e-07,-0.924044132232666,-0.1746334284543991,0.19106681644916534,0.7544054985046387,-2.1592146737248186e-08,7.392297440844686e-09,-3.407633357710438e-07,1.7873742308438523e-07,-0.924044132232666,-0.1746334284543991,0.1145525723695755,0.034501202404499054,1.614518119197328e-08,-3.5783909169140315e-08,2.032865950241103e-06,-5.774365376964852e-07,0.1381254643201828,-0.010607883334159851,0.1145525649189949,0.034501202404499054,-1.614518119197328e-08,3.5783909169140315e-08,-2.032865950241103e-06,5.774365376964852e-07,0.1381254643201828,-0.010607883334159851,-0.12309020012617111,-0.7544615268707275,2.423407181595394e-07,-9.364502773223649e-08,2.6521371182752773e-05,8.807102858554572e-06,0.07794296741485596,-0.7801439166069031,0.12309019267559052,0.7544614672660828,-2.423407181595394e-07,9.364502773223649e-08,2.6521371182752773e-05,8.807102858554572e-06,0.07794296741485596,-0.7801439166069031,0.6056339740753174,0.014312759973108768,0.8843544125556946,0.019191158935427666
778.66162109375,1.7932862043380737,61.45342254638672,2689.862548828125,0.17151854932308197,0.10861650854349136,-3.1849942683237487e-09,4.2929731991492304e-10,-8.622470737407184e-09,2.0684655377412042e-10,0.1677585393190384,0.10918617248535156,0.17151851952075958,0.10861649364233017,-3.1849944903683536e-09,4.2929734767049865e-10,-8.622469849228764e-09,2.0684655377412042e-10,0.1677585393190384,0.10918617248535156,-0.6140426397323608,-0.5148023962974548,-3.382805369156472e-09,1.187627884924325e-09,-2.619209071852424e-09,1.8835373261083532e-09,-0.6163205504417419,-0.5134936571121216,0.6140426397323608,0.5148023962974548,-3.382805369156472e-09,1.187627884924325e-09,2.619209293897029e-09,-1.883537548152958e-09,-0.6163205504417419,-0.5134936571121216,0.1715177446603775,0.10861629992723465,-7.503539123376868e-09,-3.607756038359611e-10,-7.528906387221923e-09,3.299050366223355e-09,0.16775816679000854,0.10918640345335007,0.1715177595615387,0.10861630737781525,7.503539123376868e-09,3.607756038359611e-10,7.528907275400343e-09,-3.29905058826796e-09,0.16775816679000854,0.10918640345335007,0.25930526852607727,-0.5965437293052673,-1.8627172693186367e-08,-1.0066088407256757e-08,-1.1716934977812343e-08,-8.376361826378798e-09,0.25243017077445984,-0.5917417407035828,-0.25930526852607727,0.5965437293052673,1.8627174469543206e-08,1.0066089295435177e-08,-1.1716934977812343e-08,-8.376361826378798e-09,0.25243017077445984,-0.5917417407035828,0.6469588279724121,0.06505699455738068,0.6485466361045837,0.06515585631132126
1305.73681640625,1.4468580484390259,87.69469451904297,217.9375762939453,0.09232565760612488,0.0023105519358068705,-7.143981406443345e-09,-5.136687186713118e-10,4.94168034492759e-07,-1.3370550732361153e-05,0.29197368025779724,0.15553782880306244,0.09232565760612488,0.002310551702976227,-7.143980962354135e-09,-5.136687186713118e-10,4.94168034492759e-07,-1.3370550732361153e-05,0.29197368025779724,0.15553782880306244,-0.768618106842041,-0.43722549080848694,-1.0997267541057454e-09,1.0238377923244002e-09,3.682709575514309e-06,-3.352973408254911e-06,-0.679836094379425,-0.403819739818573,0.7686180472373962,0.43722546100616455,-1.0997267541057454e-09,1.0238377923244002e-09,-3.6827091207669582e-06,3.3529729535075603e-06,-0.679836094379425,-0.403819739818573,0.09232567995786667,0.0023104234132915735,-7.922081657341096e-09,-6.719718559367038e-09,4.967186669091461e-06,-5.613480425381567e-06,0.29197362065315247,0.15553775429725647,0.09232568740844727,0.0023104234132915735,7.922081657341096e-09,6.719719003456248e-09,-4.9671857595967595e-06,5.6134795158868656e-06,0.29197362065315247,0.15553775429725647,-0.18955287337303162,-0.819591224193573,-2.03152570321663e-08,-1.4855276120329108e-08,-3.6114703107159585e-05,-3.343769276398234e-05,0.49124184250831604,-0.4157732427120209,0.18955287337303162,0.819591224193573,2.03152570321663e-08,1.4855277008507528e-08,-3.6114703107159585e-05,-3.343769276398234e-05,0.49124184250831604,-0.4157732427120209,0.7819398641586304,0.008529365994036198,0.6252475380897522,0.1094406470656395
1861.5350341796875,69.48847198486328,43.112186431884766,258.5050964355469,0.4791792333126068,0.0013951078290119767,-6.061692925385387e-09,-8.369601545155092e-08,4.530730620899703e-06,-8.636849088361487e-06,0.27483049035072327,-0.1311371624469757,0.47917914390563965,0.001395107596181333,-6.061692481296177e-09,-8.369600834612356e-08,4.5307301661523525e-06,-8.636849088361487e-06,0.27483049035072327,-0.1311371624469757,-0.11631666868925095,-0.6348153352737427,-1.0434882291576741e-08,-3.150648453242866e-08,7.473810455849161e-06,-5.686247277481016e-06,-0.868938148021698,-0.18359538912773132,0.11631668359041214,0.6348153948783875,-1.0434881403398322e-08,-3.150648097971498e-08,-7.473811820091214e-06,5.6862481869757175e-06,-0.868938148021698,-0.18359538912773132,0.47918185591697693,0.0013979690847918391,-9.72176650293477e-09,3.4598048870293496e-08,1.4952712263038848e-05,-1.5551560863968916e-05,0.2748301327228546,-0.13113689422607422,0.4791819453239441,0.0013979693176224828,9.72176739111319e-09,-3.4598055975720854e-08,-1.4952714082028251e-05,1.5551564501947723e-05,0.2748301327228546,-0.13113689422607422,-0.30752789974212646,-0.6167114973068237,-1.9928998895579753e-08,7.917171274129942e-08,4.667534994950984e-06,-2.064536420220975e-05,-0.2596851587295532,-0.670325756072998,0.30752789974212646,0.6167114973068237,1.9929000671936592e-08,-7.917171984672677e-08,4.667534994950984e-06,-2.064536420220975e-05,-0.2596851587295532,-0.670325756072998,0.41652005910873413,0.22961467504501343,0.7887607216835022,0.09272874891757965
966.1443481445312,12.855852127075195,38.737205505371094,1024.00146484375,0.22566311061382294,-0.008663839660584927,-1.9505020532051276e-07,-1.5818051224414376e-07,-1.6482964326769434e-08,7.712065297482695e-08,0.2096412628889084,0.0031401871237903833,0.22566311061382294,-0.008663839660584927,-1.9505017689880333e-07,-1.5818048382243433e-07,-1.6482964326769434e-08,7.712065297482695e-08,0.2096412628889084,0.0031401871237903833,-0.7273882031440735,-0.43542128801345825,-4.24248618458023e-08,-3.969346096255322e-08,1.695061868645098e-08,3.372701584680726e-08,-0.7462334036827087,-0.41650113463401794,0.7273881435394287,0.43542125821113586,-4.242485829308862e-08,-3.969346096255322e-08,-1.695061868645098e-08,-3.372701584680726e-08,-0.7462334036827087,-0.41650113463401794,0.22566232085227966,-0.008663604967296124,-4.285162091832717e-08,1.1689987644558641e-07,-1.2471664945223893e-07,1.4138204562641477e-07,0.20964010059833527,0.003140854649245739,0.22566230595111847,-0.008663604035973549,4.285161736561349e-08,-1.168998622347317e-07,1.2471664945223893e-07,-1.4138204562641477e-07,0.20964010059833527,0.003140854649245739,-0.14656227827072144,-0.7477449774742126,-2.7114836598229886e-07,3.816052185356966e-07,-1.688288762125012e-07,5.584412861026067e-07,-0.17252345383167267,-0.7139981389045715,0.14656227827072144,0.7477449774742126,2.711483375605894e-07,-3.816051901139872e-07,-1.688288762125012e-07,5.584412861026067e-07,-0.17252345383167267,-0.7139981389045715,0.7197927832603455,0.06374634802341461,0.734900176525116,0.060421526432037354
725.0447387695312,41.7103157043457,77.43014526367188,3554.514892578125,0.15117822587490082,0.15980690717697144,-6.25625702355137e-08,-9.07209383171903e-08,-1.053494997904636e-07,-1.8752908559349635e-08,0.12119754403829575,0.08572264015674591,0.15117822587490082,0.15980690717697144,-6.256257734094106e-08,-9.07209383171903e-08,-1.0534950689589095e-07,-1.8752908559349635e-08,0.12119754403829575,0.08572264015674591,-0.3872988820075989,-0.603958010673523,-1.523796733238214e-08,1.5459166391451618e-08,-1.7714009814540077e-08,3.6824577165361916e-08,-0.6935931444168091,-0.450916588306427,0.3872988820075989,0.603958010673523,-1.523796733238214e-08,1.5459166391451618e-08,1.7714009814540077e-08,-3.6824577165361916e-08,-0.6935931444168091,-0.450916588306427,0.15117940306663513,0.15980707108974457,4.0138036894177276e-08,5.838966643523236e-08,7.457595785353988e-08,5.0274131524474797e-08,0.12119796127080917,0.08572294563055038,0.15117938816547394,0.15980707108974457,-4.0138036894177276e-08,-5.8389669987946036e-08,-7.457595785353988e-08,-5.0274135077188475e-08,0.12119796127080917,0.08572294563055038,0.3179731070995331,-0.4874700903892517,-1.7148798292510037e-07,-7.256622325257922e-08,1.524475656822233e-08,2.5956506988222827e-07,0.2934786081314087,-0.5967260003089905,-0.3179730772972107,0.4874700605869293,1.7148798292510037e-07,7.256622325257922e-08,1.524475656822233e-08,2.5956506988222827e-07,0.2934786081314087,-0.5967260003089905,0.520752489566803,0.08859876543283463,0.6885876655578613,0.040367837995290756
904.12890625,31.979286193847656,25.187435150146484,252.0027313232422,0.2968536615371704,-0.047911565750837326,3.0432470765617836e-08,-6.913099781513665e-08,3.117632161320216e-07,1.2993073141842615e-06,0.3166768550872803,-0.05335749685764313,0.2968536913394928,-0.04791157320141792,3.0432474318331515e-08,-6.913099781513665e-08,3.117632161320216e-07,1.2993073141842615e-06,0.3166768550872803,-0.05335749685764313,-0.6300190687179565,-0.5007691979408264,6.712943978470776e-09,-3.307515328287991e-08,2.2706173297137866e-07,4.833806315218681e-07,-0.7288060188293457,-0.38703954219818115,0.6300190091133118,0.5007691383361816,6.712943978470776e-09,-3.307515328287991e-08,-2.2706170454966923e-07,-4.833805746784492e-07,-0.7288060188293457,-0.38703954219818115,0.2968551516532898,-0.04791173338890076,-3.518347924114096e-08,-9.526213151644924e-10,3.9863499523562496e-07,1.2287483741602045e-06,0.316676527261734,-0.05335714668035507,0.296855092048645,-0.04791172593832016,3.518347924114096e-08,9.5262120414219e-10,-3.9863499523562496e-07,-1.2287483741602045e-06,0.316676527261734,-0.05335714668035507,-0.2588810920715332,-0.7209603786468506,-1.1804810640114738e-07,1.0422043672519976e-08,3.364936560501519e-07,3.4341517221037066e-06,-0.16127340495586395,-0.720733642578125,0.2588810920715332,0.7209603786468506,1.1804810640114738e-07,-1.0422043672519976e-08,3.364936560501519e-07,3.4341517221037066e-06,-0.16127340495586395,-0.720733642578125,0.6476938128471375,0.09041760861873627,0.6809578537940979,0.1031312569975853
407.0813293457031,27.627004623413086,60.64129638671875,487.7728576660156,-0.24379141628742218,0.09744475036859512,-1.31774470446544e-07,1.806696658945839e-08,-8.28006463393649e-08,-9.394439359766693e-08,-0.2693672180175781,0.08228066563606262,-0.243791401386261,0.09744475036859512,-1.3177445623568929e-07,1.806696658945839e-08,-8.280063923393755e-08,-9.394437938681222e-08,-0.2693672180175781,0.08228066563606262,-0.2997600734233856,-0.16474154591560364,1.3307193569289666e-08,-3.8486987818942e-08,-2.5417996596388548e-08,4.166321332377265e-08,-0.4124487340450287,-0.16366548836231232,0.29976004362106323,0.16474153101444244,1.3307193569289666e-08,-3.8486987818942e-08,2.5417996596388548e-08,-4.166321332377265e-08,-0.4124487340450287,-0.16366548836231232,-0.24379196763038635,0.09744521975517273,4.502163619690691e-08,1.1089631613003803e-07,-3.832450374829932e-07,3.811998716685139e-09,-0.26936718821525574,0.08228006958961487,-0.24379195272922516,0.09744521975517273,-4.502163619690691e-08,-1.1089632323546539e-07,3.832450090612838e-07,-3.811998716685139e-09,-0.26936718821525574,0.08228006958961487,0.2787547707557678,-0.15226607024669647,5.933090960752452e-07,1.486294962660395e-07,-2.0520815269264858e-07,2.681645128177479e-07,0.31468480825424194,-0.1307637095451355,-0.27875474095344543,0.15226605534553528,-5.933090960752452e-07,-1.486294962660395e-07,-2.0520812427093915e-07,2.6816448439603846e-07,0.31468480825424194,-0.1307637095451355,0.12080375105142593,0.09618072211742401,0.20323677361011505,0.11095929145812988
1561.1151123046875,27.18282699584961,41.60435485839844,4110.48681640625,0.36516255140304565,-0.06321093440055847,3.874928609093331e-07,6.257093509987044e-09,6.815723452291422e-08,6.888707559937757e-08,0.3185309171676636,-0.07401454448699951,0.36516261100769043,-0.06321093440055847,3.874928609093331e-07,6.257093065897834e-09,6.815723452291422e-08,6.888707559937757e-08,0.3185309171676636,-0.07401454448699951,-0.6459544897079468,-0.4260963201522827,2.944550772099319e-07,-5.8244424394615635e-08,3.9987163802379655e-08,7.603811269518701e-08,-0.7290003299713135,-0.3690626323223114,0.6459544897079468,0.4260963201522827,2.944550772099319e-07,-5.8244424394615635e-08,-3.9987163802379655e-08,-7.603811269518701e-08,-0.7290003299713135,-0.3690626323223114,0.3651629388332367,-0.06321115046739578,-2.5668762759778474e-07,-1.3432627099518868e-07,9.647077092722611e-08,6.279716302515226e-08,0.3185306489467621,-0.07401423901319504,0.36516299843788147,-0.06321115791797638,2.5668765601949417e-07,1.3432627099518868e-07,-9.647077092722611e-08,-6.279716302515226e-08,0.3185306489467621,-0.07401423901319504,-0.2627864480018616,-0.6379987001419067,-3.2385170811721764e-07,-1.641489717485456e-07,8.312470356486301e-08,-1.2846371078012453e-07,-0.29026079177856445,-0.6533491015434265,0.26278647780418396,0.6379987597465515,3.2385173653892707e-07,1.641489859594003e-07,8.312470356486301e-08,-1.2846371078012453e-07,-0.29026079177856445,-0.6533491015434265,0.6072967052459717,0.16330145299434662,0.6744864583015442,0.1285262405872345
815.7890625,57.240421295166016,86.4013442993164,763.456787109375,0.16593627631664276,0.01662456803023815,2.0852197746279444e-09,-1.3438082646644034e-08,7.464973919013573e-07,9.233333457814297e-07,0.07775231450796127,0.07236040383577347,0.16593627631664276,0.01662456803023815,2.0852197746279444e-09,-1.3438082646644034e-08,7.464973919013573e-07,9.233334026248485e-07,0.07775231450796127,0.07236040383577347,-0.2871692180633545,-0.6597555875778198,1.680181860308494e-08,-2.5801067948805212e-08,1.261154523035657e-07,4.252265739523864e-07,-0.8431070446968079,-0.31034186482429504,0.2871692180633545,0.6597555875778198,1.680181860308494e-08,-2.5801067948805212e-08,-1.261154523035657e-07,-4.252265739523864e-07,-0.8431070446968079,-0.31034186482429504,0.16593627631664276,0.0166248120367527,-1.5652243234853813e-07,1.081659135593327e-07,2.0131301425863057e-06,2.3231156376368745e-07,0.07775231450796127,0.07236046344041824,0.16593627631664276,0.0166248120367527,1.5652244655939285e-07,-1.081659135593327e-07,-2.013130369959981e-06,-2.3231156376368745e-07,0.07775231450796127,0.07236046344041824,0.1813831925392151,-0.46199357509613037,-6.22490460955305e-07,3.51964530409532e-07,8.369046554435045e-06,2.998884838234517e-07,0.05675363540649414,-0.4927271604537964,-0.1813831925392151,0.46199357509613037,6.224905177987239e-07,-3.5196455883124145e-07,8.369046554435045e-06,2.998884838234517e-07,0.05675363540649414,-0.4927271604537964,0.5177435874938965,0.02781122364103794,0.8071415424346924,0.011281450279057026
666.1278076171875,36.67289352416992,22.75843620300293,1947.92529296875,0.4406619668006897,0.1370328813791275,3.5910591833498984e-08,8.51293222581262e-08,1.6116320011860807e-07,3.0076666490685966e-08,0.39239245653152466,0.05741081386804581,0.4406619966030121,0.1370328962802887,3.5910591833498984e-08,8.51293222581262e-08,1.6116320011860807e-07,3.0076666490685966e-08,0.39239245653152466,0.05741081386804581,-0.3490419089794159,-0.5091714262962341,2.9421451941402665e-08,2.5864048680546148e-08,8.215311453341201e-08,6.31039043241799e-08,-0.584044873714447,-0.43001559376716614,0.3490419387817383,0.5091714859008789,2.9421453717759505e-08,2.5864050456902987e-08,-8.215311453341201e-08,-6.31039043241799e-08,-0.584044873714447,-0.43001559376716614,0.44066426157951355,0.1370336264371872,-5.465427932449529e-08,9.257926336658784e-08,1.7208340352681262e-07,-1.4021688343746064e-07,0.39239323139190674,0.05741102993488312,0.4406642019748688,0.137033611536026,5.465427577178161e-08,-9.257926336658784e-08,-1.7208340352681262e-07,1.4021688343746064e-07,0.39239323139190674,0.05741102993488312,0.02803778648376465,-0.5611189007759094,3.428170458619206e-08,2.480827276940545e-07,2.974273627387447e-07,-4.340315911122161e-07,-0.02944466471672058,-0.6149523854255676,-0.02803778648376465,0.5611189007759094,-3.428170458619206e-08,-2.480827276940545e-07,2.974273627387447e-07,-4.340315911122161e-07,-0.02944466471672058,-0.6149523854255676,0.3850153088569641,0.22779996693134308,0.5287268161773682,0.16821163892745972
739.118896484375,0.9234899282455444,84.25330352783203,212.6141357421875,0.0762932300567627,0.05521037057042122,-1.7020478082496737e-10,9.733472694506418e-09,-8.609324140707031e-06,-7.181427008617902e-06,-0.0057731070555746555,0.3467246890068054,0.0762932300567627,0.05521037429571152,-1.7020478082496737e-10,9.733473582684837e-09,-8.609324140707031e-06,-7.181427008617902e-06,-0.0057731070555746555,0.3467246890068054,-0.5854106545448303,-0.5546191930770874,1.4537903103573058e-09,4.82316453442877e-09,-1.1884069408552023e-06,-2.0823710755735192e-08,-0.5573437809944153,-0.45111000537872314,0.5854106545448303,0.5546191930770874,1.4537904213796082e-09,4.82316453442877e-09,1.1884069408552023e-06,2.0823710755735192e-08,-0.5573437809944153,-0.45111000537872314,0.07629328221082687,0.055210553109645844,1.408096128585612e-08,5.85930193253148e-09,-5.800048256787704e-06,-2.6461480047146324e-06,-0.005772650707513094,0.3467243015766144,0.07629328966140747,0.05521056428551674,-1.408096217403454e-08,-5.85930237662069e-09,5.800048256787704e-06,2.6461480047146324e-06,-0.005772650707513094,0.3467243015766144,0.28913041949272156,-0.7207747101783752,4.531154118581071e-08,-5.051914442333327e-09,-3.120941619272344e-05,-3.3854464618343627e-06,0.19875581562519073,0.1460646539926529,-0.28913041949272156,0.7207747101783752,-4.531154473852439e-08,5.051914886422537e-09,-3.120941619272344e-05,-3.3854464618343627e-06,0.19875581562519073,0.1460646539926529,0.6503080725669861,0.008868841454386711,0.5141323208808899,0.12025135010480881
1659.96484375,14.337394714355469,99.57427215576172,602.8196411132812,0.15922583639621735,-0.012651077471673489,1.6477506026291167e-09,2.6239909800551686e-08,1.124987420553225e-06,1.114815518121759e-06,0.3269721567630768,0.10727919638156891,0.15922582149505615,-0.012651076540350914,1.6477507136514191e-09,2.6239911576908526e-08,1.124987420553225e-06,1.1148154044349212e-06,0.3269721567630768,0.10727919638156891,-0.7351128458976746,-0.45500239729881287,1.4317119045870186e-08,1.2323228659738561e-08,2.3542742155768792e-07,4.6770981043664506e-07,-0.6759284734725952,-0.3974556624889374,0.7351128458976746,0.45500239729881287,1.4317119045870186e-08,1.2323228659738561e-08,-2.3542742155768792e-07,-4.6770981043664506e-07,-0.6759284734725952,-0.3974556624889374,0.15922559797763824,-0.012651058845221996,-6.922291628796984e-09,-3.3821667244637865e-08,7.984337457855872e-07,9.246105605598132e-07,0.3269713819026947,0.10727918148040771,0.15922559797763824,-0.012651058845221996,6.922292072886194e-09,3.3821667244637865e-08,-7.984337457855872e-07,-9.246105037163943e-07,0.3269713819026947,0.10727918148040771,-0.13056708872318268,-0.8323970437049866,-6.21122211441616e-08,-1.0259648774990637e-07,3.6946096315659815e-06,1.2273530956008472e-06,0.3186270594596863,-0.5491976737976074,0.13056708872318268,0.8323970437049866,6.211222824958895e-08,1.0259649485533373e-07,3.6946096315659815e-06,1.2273530956008472e-06,0.3186270594596863,-0.5491976737976074,0.7474180459976196,0.02551291696727276,0.6148502826690674,0.11841961741447449
1623.658935546875,23.06848907470703,68.0936050415039,441.6116027832031,0.22940991818904877,-0.04009237885475159,-8.566605202986466e-08,-7.993975259523722e-09,2.0944314371718065e-07,5.427136784419417e-06,0.36600279808044434,0.00971958413720131,0.22940991818904877,-0.04009237885475159,-8.566605202986466e-08,-7.993975259523722e-09,2.0944315792803536e-07,5.427136784419417e-06,0.36600279808044434,0.00971958413720131,-0.7038359045982361,-0.46187251806259155,-4.984756785120226e-08,2.5613986487371676e-09,-8.059114406933077e-07,9.186624083667994e-07,-0.6880804896354675,-0.38439616560935974,0.7038359642028809,0.46187257766723633,-4.984756785120226e-08,2.5613986487371676e-09,8.059114975367265e-07,-9.186625220536371e-07,-0.6880804896354675,-0.38439616560935974,0.22941020131111145,-0.040091872215270996,3.018724825665231e-08,6.807807206854477e-09,-1.0389918969622158e-07,3.7638719732058235e-06,0.3660025894641876,0.009719344787299633,0.22941021621227264,-0.040091875940561295,-3.018725180936599e-08,-6.807807206854477e-09,1.0389919680164894e-07,-3.7638724279531743e-06,0.3660025894641876,0.009719344787299633,-0.24928289651870728,-0.7687844634056091,-3.012617044717558e-09,1.768275126323715e-08,7.941618605400436e-06,1.4525218830385711e-05,0.07295216619968414,-0.6774442195892334,0.24928289651870728,0.7687844634056091,3.012617044717558e-09,-1.768275126323715e-08,7.941618605400436e-06,1.4525218830385711e-05,0.07295216619968414,-0.6774442195892334,0.7087112069129944,0.05423630774021149,0.6212152242660522,0.13405252993106842
1814.0174560546875,52.612571716308594,57.33493423461914,3883.955322265625,0.41426709294319153,-0.04237964749336243,-4.379714084734587e-07,2.2154762291393126e-07,-1.6243131994997384e-07,-4.3685449924169006e-08,0.24829350411891937,-0.07854799926280975,0.41426706314086914,-0.04237964004278183,-4.379714084734587e-07,2.2154760870307655e-07,-1.6243130573911913e-07,-4.368544637145533e-08,0.24829350411891937,-0.07854799926280975,-0.4709576368331909,-0.5147567987442017,-2.2811052247107e-07,1.8627653730618476e-07,1.674982712529527e-07,-9.685513902013554e-08,-0.824985682964325,-0.27965283393859863,0.47095757722854614,0.5147567391395569,-2.2811052247107e-07,1.8627653730618476e-07,-1.6749825704209798e-07,9.685513191470818e-08,-0.824985682964325,-0.27965283393859863,0.41426825523376465,-0.04237934201955795,-1.0472730593846791e-07,-9.0588798684621e-08,3.61059193210167e-07,-3.2172147257369943e-07,0.24829411506652832,-0.07854875922203064,0.4142681956291199,-0.042379334568977356,1.0472732014932262e-07,9.058880579004835e-08,-3.61059193210167e-07,3.2172147257369943e-07,0.24829411506652832,-0.07854875922203064,-0.27351516485214233,-0.5937467813491821,-3.955011891321192e-07,-4.4813685917688417e-07,1.196590773133721e-07,-1.651930716661809e-07,-0.33696305751800537,-0.6617010831832886,0.27351516485214233,0.5937467813491821,3.955012175538286e-07,4.4813691602030303e-07,1.196590773133721e-07,-1.651930716661809e-07,-0.33696305751800537,-0.6617010831832886,0.5041577816009521,0.21323052048683167,0.7643490433692932,0.08721508830785751
1490.178466796875,12.350319862365723,99.37399291992188,1950.2952880859375,0.18777011334896088,0.04430340230464935,-7.55278861674924e-09,-8.54035331343539e-09,-2.3207208244002686e-07,7.517735411965987e-08,0.15624256432056427,0.0843653455376625,0.18777011334896088,0.04430340602993965,-7.55278861674924e-09,-8.54035331343539e-09,-2.3207208244002686e-07,7.517735411965987e-08,0.15624256432056427,0.0843653455376625,-0.7240670323371887,-0.43814295530319214,-1.5801833175288493e-09,3.980717977469794e-08,-6.358077087043057e-08,4.0146300506194166e-08,-0.7280750274658203,-0.39729613065719604,0.7240670323371887,0.43814295530319214,-1.5801833175288493e-09,3.980717977469794e-08,6.358077087043057e-08,-4.0146300506194166e-08,-0.7280750274658203,-0.39729613065719604,0.18776969611644745,0.04430313780903816,1.6315517825660208e-07,-9.851231652646675e-08,-3.541644133520094e-08,-1.027088902816331e-08,0.1562427282333374,0.08436597883701324,0.18776969611644745,0.04430313780903816,-1.6315517825660208e-07,9.851231652646675e-08,3.541644133520094e-08,1.027088902816331e-08,0.1562427282333374,0.08436597883701324,0.06858521699905396,-0.6967612504959106,3.203198843948485e-07,-2.945296557754773e-07,7.368812759978027e-08,-5.57639907583507e-08,0.009952902793884277,-0.6402073502540588,-0.06858521699905396,0.6967612504959106,-3.203198843948485e-07,2.945296557754773e-07,7.368812759978027e-08,-5.57639907583507e-08,0.009952902793884277,-0.6402073502540588,0.7201313376426697,0.05848683416843414,0.703075647354126,0.06195363774895668
932.8322143554688,68.00218963623047,42.905906677246094,309.0142822265625,0.21666640043258667,0.04089369997382164,-1.0538408190541304e-07,-6.582308742508758e-08,-1.5081980109243887e-07,-3.292981887170754e-07,0.1557288020849228,-0.03924611955881119,0.21666643023490906,0.04089370369911194,-1.0538410322169511e-07,-6.58231016359423e-08,-1.5081981530329358e-07,-3.292982171387848e-07,0.1557288020849228,-0.03924611955881119,-0.1670406460762024,-0.7341541051864624,-2.0492841201757983e-08,-2.636429563551701e-08,3.1213153306453023e-07,-1.0242376902169781e-07,-0.9124653935432434,-0.1948985606431961,0.1670406609773636,0.7341541647911072,-2.0492842978114822e-08,-2.6364300964587528e-08,-3.1213153306453023e-07,1.0242376902169781e-07,-0.9124653935432434,-0.1948985606431961,0.21666784584522247,0.040894292294979095,9.902950459661497e-09,4.756768845481929e-08,7.170681897150644e-07,-7.801740053992035e-08,0.15572898089885712,-0.039245814085006714,0.21666781604290009,0.0408942848443985,-9.902949571483077e-09,-4.756768490210561e-08,-7.170681897150644e-07,7.801740053992035e-08,0.15572898089885712,-0.039245814085006714,-0.16220110654830933,-0.7401749491691589,1.1295764323904223e-07,1.8770384713207022e-07,-1.9458252609183546e-06,6.971406492084498e-07,-0.14887624979019165,-0.7857464551925659,0.16220109164714813,0.7401748895645142,-1.1295763613361487e-07,-1.877038329212155e-07,-1.9458252609183546e-06,6.971406492084498e-07,-0.14887624979019165,-0.7857464551925659,0.5668848156929016,0.04861662536859512,0.8705785870552063,0.0257917158305645
976.4414672851562,27.2044734954834,56.79465866088867,1296.26220703125,0.17760102450847626,0.02198055200278759,-5.1581967142055873e-08,8.231968706695625e-08,2.2085447426434257e-07,2.274657084910814e-08,0.1467197835445404,0.03460495546460152,0.17760100960731506,0.02198055014014244,-5.1581967142055873e-08,8.231968706695625e-08,2.2085446005348786e-07,2.27465690727513e-08,0.1467197835445404,0.03460495546460152,-0.7077873945236206,-0.4667465388774872,1.6928455304210388e-09,2.552379108067271e-08,1.486923224547354e-07,1.1823118484244333e-08,-0.7813627123832703,-0.38696447014808655,0.7077873349189758,0.4667465090751648,1.6928455304210388e-09,2.552379108067271e-08,-1.4869229403302597e-07,-1.1823117596065913e-08,-0.7813627123832703,-0.38696447014808655,0.1776014268398285,0.02198036201298237,6.626832860234799e-09,-1.6709241990042756e-08,-1.9346375612627753e-09,1.590989882060967e-07,0.1467205137014389,0.034604981541633606,0.1776014268398285,0.021980363875627518,-6.626832860234799e-09,1.6709241990042756e-08,1.9346373392181704e-09,-1.5909897399524198e-07,0.1467205137014389,0.034604981541633606,-0.03333310782909393,-0.734528124332428,1.4396000835859013e-07,-1.5757325400045374e-07,-2.0162072189577884e-07,3.095591125656938e-07,-0.060840338468551636,-0.7005431652069092,0.033333104103803635,0.7345280647277832,-1.4396000835859013e-07,1.5757325400045374e-07,-2.0162072189577884e-07,3.095591125656938e-07,-0.060840338468551636,-0.7005431652069092,0.72077476978302,0.04667414724826813,0.7646285891532898,0.038992203772068024
1436.343994140625,28.715330123901367,42.483802795410156,981.6721801757812,0.32463666796684265,-0.0915449857711792,-9.483206753202467e-08,4.2059411953232484e-07,1.5926055141335382e-07,-2.0614812967778562e-07,0.23945941030979156,0.05582527443766594,0.32463663816452026,-0.0915449783205986,-9.483206753202467e-08,4.2059411953232484e-07,1.592605372024991e-07,-2.061481154669309e-07,0.23945941030979156,0.05582527443766594,-0.6421383023262024,-0.43724140524864197,-8.016355934614694e-08,2.180216682745595e-07,3.9197111334488e-08,1.1504818075991352e-07,-0.7759831547737122,-0.3190418779850006,0.6421382427215576,0.4372413754463196,-8.016355934614694e-08,2.180216682745595e-07,-3.9197111334488e-08,-1.1504818075991352e-07,-0.7759831547737122,-0.3190418779850006,0.3246365785598755,-0.09154357761144638,3.694306371926359e-07,-4.977436560693604e-07,5.67247070648591e-07,2.8114681072111125e-07,0.23945847153663635,0.05582432821393013,0.3246365487575531,-0.09154357016086578,-3.694306371926359e-07,4.977436560693604e-07,-5.67247070648591e-07,-2.8114681072111125e-07,0.23945847153663635,0.05582432821393013,-0.23083838820457458,-0.7131755352020264,5.956380277893913e-07,-1.0360532769482234e-06,6.017186819917697e-07,-4.2412526113366766e-07,-0.3557458519935608,-0.4201030731201172,0.2308383733034134,0.7131754755973816,-5.956380277893913e-07,1.0360532769482234e-06,6.017186251483508e-07,-4.2412523271195823e-07,-0.3557458519935608,-0.4201030731201172,0.6035216450691223,0.11376944184303284,0.7039375901222229,0.060457270592451096
1857.6278076171875,62.424530029296875,54.47834777832031,516.195556640625,0.4107498228549957,-0.029469270259141922,-5.038746309082853e-08,8.539349494185444e-08,1.9894771412509726e-06,-2.072453071377822e-06,0.2881251573562622,-0.10533002018928528,0.4107498824596405,-0.02946927398443222,-5.038746309082853e-08,8.53935020472818e-08,1.9894771412509726e-06,-2.072453071377822e-06,0.2881251573562622,-0.10533002018928528,-0.3035970628261566,-0.6254931092262268,-1.4570479045517004e-08,9.404516276845243e-09,1.0471355835761642e-06,-1.3568981671596703e-07,-0.8392338752746582,-0.2307029366493225,0.3035970628261566,0.6254931092262268,-1.4570479933695424e-08,9.404517165023663e-09,-1.0471355835761642e-06,1.3568981671596703e-07,-0.8392338752746582,-0.2307029366493225,0.41074973344802856,-0.029469627887010574,8.132145268291424e-08,5.759301657803917e-08,4.00493445340544e-06,-8.143870218191296e-07,0.2881241738796234,-0.10533009469509125,0.41074973344802856,-0.029469627887010574,-8.132145268291424e-08,-5.759301657803917e-08,-4.00493445340544e-06,8.143869649757107e-07,0.2881241738796234,-0.10533009469509125,-0.2882692217826843,-0.6497827172279358,1.4396280789696903e-07,1.6111360023884913e-09,8.04650153440889e-06,-7.936509973660577e-06,-0.2279462218284607,-0.6816533803939819,0.2882692217826843,0.6497827172279358,-1.4396280789696903e-07,-1.6111360023884913e-09,8.04650153440889e-06,-7.936509973660577e-06,-0.2279462218284607,-0.6816533803939819,0.48341280221939087,0.16958385705947876,0.7575373649597168,0.09411051869392395
1417.513671875,52.591270446777344,68.69355773925781,398.8728332519531,0.2082047313451767,-0.005521684419363737,5.8493544230486805e-08,7.493193265872833e-08,7.369721402028517e-07,5.734910246246727e-06,0.2478252798318863,-0.026997871696949005,0.2082047462463379,-0.005521684885025024,5.8493544230486805e-08,7.493192555330097e-08,7.369720833594329e-07,5.734910246246727e-06,0.2478252798318863,-0.026997871696949005,-0.5255206227302551,-0.6054522395133972,-2.1634036784234922e-09,1.306419417090865e-08,-5.711841595257283e-07,2.710813760131714e-06,-0.8270334005355835,-0.2872806489467621,0.5255205631256104,0.6054521799087524,-2.1634036784234922e-09,1.306419417090865e-08,5.711841026823095e-07,-2.710813305384363e-06,-0.8270334005355835,-0.2872806489467621,0.20820359885692596,-0.00552225299179554,1.4977546314298706e-08,-6.364604132613749e-08,-1.3641606528835837e-06,7.576321422675392e-06,0.24782589077949524,-0.026998305693268776,0.20820356905460358,-0.005522252060472965,-1.4977546314298706e-08,6.364604132613749e-08,1.3641604255099082e-06,-7.57632051318069e-06,0.24782589077949524,-0.026998305693268776,-0.20928746461868286,-0.7533941268920898,-9.701265568651252e-09,-2.487863923761324e-07,9.25857420952525e-06,1.8173530406784266e-05,-0.010538041591644287,-0.7493577003479004,0.20928746461868286,0.7533941268920898,9.701265568651252e-09,2.487863923761324e-07,9.25857420952525e-06,1.8173530406784266e-05,-0.010538041591644287,-0.7493577003479004,0.6427443623542786,0.04337970167398453,0.7665143609046936,0.06214625760912895
821.4837036132812,64.68421173095703,65.34245300292969,586.2120361328125,0.12390906363725662,0.0358622744679451,3.0707948894814763e-07,-5.6996483976945456e-08,2.6278405584889697e-07,1.7584339673248905e-07,0.14640429615974426,0.0650075227022171,0.12390904873609543,0.0358622707426548,3.070794605264382e-07,-5.69964768715181e-08,2.6278405584889697e-07,1.7584339673248905e-07,0.14640429615974426,0.0650075227022171,-0.0897781252861023,-0.7010330557823181,3.626487554697633e-08,-2.6053621482446943e-08,-2.1125113391917694e-07,9.826162994386323e-08,-0.8788174390792847,-0.24439169466495514,0.08977814763784409,0.7010332345962524,3.626487199426265e-08,-2.6053619706090103e-08,2.112511907625958e-07,-9.826165836557266e-08,-0.8788174390792847,-0.24439169466495514,0.12390941381454468,0.035863664001226425,-1.1638113051049004e-07,-3.580274494652258e-07,-3.848299741093797e-07,5.044283213351264e-09,0.14640429615974426,0.06500754505395889,0.12390943616628647,0.035863667726516724,1.1638112340506268e-07,3.5802742104351637e-07,3.848300877962174e-07,-5.0442841015296835e-09,0.14640429615974426,0.06500754505395889,0.2312997430562973,-0.6583970785140991,-5.461556611408014e-07,-1.6768074146966683e-06,1.3742529745286447e-06,-1.5104490103112767e-06,0.18805530667304993,-0.480813205242157,-0.23129971325397491,0.6583970189094543,5.461556042973825e-07,1.6768073010098306e-06,1.3742529745286447e-06,-1.5104490103112767e-06,0.18805530667304993,-0.480813205242157,0.49950748682022095,0.01663956046104431,0.8320473432540894,0.02566019631922245
823.9381103515625,55.24555206298828,52.44499969482422,3555.87451171875,0.2638283669948578,0.07563326507806778,-2.6143066378381263e-08,-1.916133207657822e-08,3.03085982977791e-07,1.2941401905663952e-07,0.14819179475307465,0.003749716794118285,0.2638283669948578,0.07563326507806778,-2.6143066378381263e-08,-1.916133030022138e-08,3.03085982977791e-07,1.2941401905663952e-07,0.14819179475307465,0.003749716794118285,-0.3556821644306183,-0.6375665068626404,-7.981769023501784e-09,1.5138931885871898e-08,2.4745764548583793e-08,1.9889223779046006e-07,-0.8382858037948608,-0.32265856862068176,0.3556821346282959,0.6375664472579956,-7.981769023501784e-09,1.5138931885871898e-08,-2.4745764548583793e-08,-1.9889223779046006e-07,-0.8382858037948608,-0.32265856862068176,0.2638282775878906,0.07563221454620361,-2.5457955743490857e-08,-3.649826041396409e-08,2.2025180612672557e-07,-5.784147560916608e-07,0.14819252490997314,0.0037497798912227154,0.26382824778556824,0.07563220709562302,2.5457955743490857e-08,3.649825686125041e-08,-2.2025182033758028e-07,5.784147560916608e-07,0.14819252490997314,0.0037497798912227154,-0.025091251358389854,-0.6622868776321411,-1.919547401030286e-07,-5.431137424238841e-07,-4.2802216171367036e-07,-1.3287266256156727e-06,-0.07216569781303406,-0.7578179240226746,0.025091249495744705,0.6622868180274963,1.919547401030286e-07,5.431136855804652e-07,-4.2802216171367036e-07,-1.3287266256156727e-06,-0.07216569781303406,-0.7578179240226746,0.5403017401695251,0.11441425234079361,0.8084540367126465,0.033216480165719986
443.6247863769531,24.382614135742188,20.00637435913086,315.4581298828125,0.2063567042350769,0.5173926949501038,-1.4922736824019012e-08,-5.16985849685625e-08,6.321680956489217e-08,-6.419227815968043e-08,0.1962081640958786,0.5194000005722046,0.2063567042350769,0.5173927545547485,-1.4922736824019012e-08,-5.16985849685625e-08,6.321680956489217e-08,-6.419227815968043e-08,0.1962081640958786,0.5194000005722046,-0.25381025671958923,-0.2031661719083786,1.5153192478578603e-08,-3.283171778889482e-08,4.667802144808775e-08,2.5139538450957843e-08,-0.33664995431900024,-0.2124556601047516,0.25381025671958923,0.2031661719083786,1.5153192478578603e-08,-3.283171778889482e-08,-4.667802144808775e-08,-2.5139538450957843e-08,-0.33664995431900024,-0.2124556601047516,0.2063564956188202,0.5173920392990112,4.018132671035346e-08,8.939066376001392e-09,-6.88196166720445e-09,-1.899523027759642e-08,0.19620774686336517,0.5194003582000732,0.206356480717659,0.5173920392990112,-4.018132315763978e-08,-8.939066376001392e-09,6.88196211129366e-09,1.899523027759642e-08,0.19620774686336517,0.5194003582000732,0.007758885622024536,-0.29803478717803955,5.73236853540493e-08,-3.2709969843836006e-08,-1.5124621199902322e-07,4.6406370302065625e-08,-0.014936178922653198,-0.3230710029602051,-0.007758885622024536,0.29803478717803955,-5.73236853540493e-08,3.2709969843836006e-08,-1.5124621199902322e-07,4.6406370302065625e-08,-0.014936178922653198,-0.3230710029602051,0.10569613426923752,0.3102782666683197,0.15847060084342957,0.3082740306854248
1372.83837890625,11.778465270996094,62.04816436767578,317.7557373046875,0.1852269321680069,-0.027872512117028236,-2.3315131159051816e-08,-3.4510470925397385e-08,-1.1713202638929943e-06,4.253924998920411e-07,0.3392212986946106,0.03334503620862961,0.1852269470691681,-0.027872513979673386,-2.3315132935408656e-08,-3.4510470925397385e-08,-1.1713202638929943e-06,4.253924998920411e-07,0.3392212986946106,0.03334503620862961,-0.7422913312911987,-0.4403800666332245,-1.0090433377740737e-08,-2.6264785901730647e-08,4.6850044554958004e-07,-5.772655526925519e-07,-0.688334047794342,-0.4031422734260559,0.7422913312911987,0.4403800666332245,-1.0090433377740737e-08,-2.6264785901730647e-08,-4.6850044554958004e-07,5.772655526925519e-07,-0.688334047794342,-0.4031422734260559,0.18522699177265167,-0.02787248231470585,1.4778396284498285e-08,3.569983064721782e-08,1.654789230087772e-07,3.693077488264862e-08,0.3392219841480255,0.03334539756178856,0.18522699177265167,-0.027872484177350998,-1.4778394508141446e-08,-3.5699827094504144e-08,-1.654789230087772e-07,-3.693077488264862e-08,0.3392219841480255,0.03334539756178856,-0.2525162994861603,-0.7884423136711121,6.348294334657112e-08,7.51054543002283e-08,-3.457598268141737e-06,8.86789166543167e-06,0.15036693215370178,-0.682310938835144,0.2525162696838379,0.7884422540664673,-6.348293624114376e-08,-7.510544719480094e-08,-3.457598268141737e-06,8.86789166543167e-06,0.15036693215370178,-0.682310938835144,0.7449309825897217,0.03508589416742325,0.6363274455070496,0.11618298292160034
751.0540161132812,32.39589309692383,58.815120697021484,608.6314697265625,0.22571030259132385,0.08205781131982803,8.970511089501088e-08,7.618268682563212e-09,-3.216442934217412e-08,1.343137654430393e-07,0.13255546987056732,0.1282784640789032,0.22571030259132385,0.08205781131982803,8.970511800043823e-08,7.618268682563212e-09,-3.216442934217412e-08,1.343137654430393e-07,0.13255546987056732,0.1282784640789032,-0.4901851713657379,-0.5667253136634827,1.550125006133385e-08,-3.539976844990633e-08,4.8499050109285236e-08,-1.0283690343726448e-08,-0.6700108051300049,-0.4578794240951538,0.4901851713657379,0.5667253136634827,1.550125006133385e-08,-3.539976844990633e-08,-4.8499050109285236e-08,1.0283690343726448e-08,-0.6700108051300049,-0.4578794240951538,0.22571073472499847,0.08205841481685638,-1.544766945471565e-07,-9.403663625562331e-08,1.522007266885339e-07,1.0788912163661735e-07,0.1325562745332718,0.12827864289283752,0.22571076452732086,0.08205842226743698,1.5447670875801123e-07,9.403664336105066e-08,-1.522007266885339e-07,-1.078891287420447e-07,0.1325562745332718,0.12827864289283752,0.24981912970542908,-0.6255200505256653,-2.57110400525562e-07,-2.9014876190558425e-07,1.062271408613924e-07,2.657794482274767e-07,0.056635722517967224,-0.527151346206665,-0.24981912970542908,0.6255200505256653,2.57110400525562e-07,2.901487903272937e-07,1.062271408613924e-07,2.657794482274767e-07,0.056635722517967224,-0.527151346206665,0.5614590644836426,0.057678624987602234,0.6585680842399597,0.03402631729841232
486.7393493652344,63.967315673828125,66.01747131347656,1028.3936767578125,0.06944424659013748,0.29964113235473633,1.3345574245704483e-07,7.283517078349178e-08,-4.05087803301285e-07,1.2539375759956783e-08,0.06476063281297684,0.21034382283687592,0.06944426149129868,0.2996411919593811,1.3345574245704483e-07,7.283517078349178e-08,-4.05087803301285e-07,1.2539373983599944e-08,0.06476063281297684,0.21034382283687592,0.1745387613773346,-0.22469884157180786,1.8837710058505763e-08,-7.1903500931114195e-09,-6.483784318334074e-07,-3.7407383501886216e-07,-0.5779329538345337,-0.28247541189193726,-0.17453880608081818,0.22469890117645264,1.8837711834862603e-08,-7.190350537200629e-09,6.48378602363664e-07,3.74073891862281e-07,-0.5779329538345337,-0.28247541189193726,0.06944457441568375,0.29963958263397217,-3.2682073936030065e-08,-3.065352984776837e-07,7.002940378697531e-07,2.3660077204112895e-06,0.06476008892059326,0.21034348011016846,0.06944459676742554,0.29963967204093933,3.2682073936030065e-08,3.065353268993931e-07,-7.002942084000097e-07,-2.366008402532316e-06,0.06476008892059326,0.21034348011016846,0.18114638328552246,-0.05006517097353935,-2.3699041662439413e-07,-8.286182264782838e-07,6.245029453566531e-07,-9.975130979000824e-07,0.32414841651916504,-0.48770225048065186,-0.18114639818668365,0.05006517842411995,2.3699041662439413e-07,8.286182264782838e-07,6.245029453566531e-07,-9.975130979000824e-07,0.32414841651916504,-0.48770225048065186,0.08095334470272064,0.13069498538970947,0.41379883885383606,0.062237657606601715
1901.501220703125,23.253307342529297,90.65000915527344,1549.7723388671875,0.29353776574134827,-0.01586592011153698,9.404029555071247e-08,-4.357965011081433e-08,5.7620571425331946e-08,-1.0368116676318095e-07,0.23394405841827393,0.07968170195817947,0.29353776574134827,-0.01586591824889183,9.404029555071247e-08,-4.357965011081433e-08,5.762056787261827e-08,-1.0368116676318095e-07,0.23394405841827393,0.07968170195817947,-0.6694982647895813,-0.44789063930511475,2.9483055996593066e-08,2.939996512907328e-08,1.2485797284966793e-08,-9.296820735471556e-08,-0.7302888035774231,-0.3647041320800781,0.6694982051849365,0.44789060950279236,2.9483055996593066e-08,2.939996512907328e-08,-1.2485796396788373e-08,9.296819314386084e-08,-0.7302888035774231,-0.3647041320800781,0.29353612661361694,-0.01586684212088585,-4.635567307786914e-08,4.993525948293609e-08,3.9576921295747525e-08,-1.0338460754155676e-07,0.2339446097612381,0.07968135178089142,0.29353612661361694,-0.01586684212088585,4.635566952515546e-08,-4.993525948293609e-08,-3.9576917743033846e-08,1.033846004361294e-07,0.2339446097612381,0.07968135178089142,-0.07046754658222198,-0.7294278740882874,-2.878580005472031e-07,1.4070151621581317e-07,2.1743764477832883e-07,-2.8670365281868726e-07,-0.18999838829040527,-0.5533005595207214,0.07046754658222198,0.7294278740882874,2.878580005472031e-07,-1.4070151621581317e-07,2.1743764477832883e-07,-2.8670365281868726e-07,-0.18999838829040527,-0.5533005595207214,0.6488339304924011,0.08641614764928818,0.666330873966217,0.0610789991915226
680.4710693359375,2.5420517921447754,98.88037872314453,1049.4813232421875,0.05237741395831108,0.17555804550647736,-8.139928731054624e-09,4.285391153047158e-09,-3.1243011733295134e-08,-1.26188792748394e-08,-0.006535382941365242,0.15380454063415527,0.05237742140889168,0.17555807530879974,-8.139928731054624e-09,4.285391153047158e-09,-3.1243008180581455e-08,-1.261888016301782e-08,-0.006535382941365242,0.15380454063415527,-0.4754745662212372,-0.5382105708122253,5.640617750657384e-09,9.333805728317657e-09,-1.8270728929792313e-08,-7.095208864882352e-09,-0.5021176338195801,-0.5218443274497986,0.4754745662212372,0.5382105708122253,5.640617750657384e-09,9.333805728317657e-09,1.8270728929792313e-08,7.095208864882352e-09,-0.5021176338195801,-0.5218443274497986,0.05237734690308571,0.17555803060531616,-1.0297031671768764e-08,1.3060459658209567e-10,6.324312096239737e-08,-5.39688898015811e-08,-0.006535350810736418,0.1538047045469284,0.05237734690308571,0.17555803060531616,1.0297030783590344e-08,-1.3060458270430786e-10,-6.324311385697001e-08,5.39688898015811e-08,-0.006535350810736418,0.1538047045469284,0.472380131483078,-0.20933352410793304,-5.730228735956189e-08,-2.4649523311381927e-08,-5.787942924939671e-08,7.414345759571006e-08,0.3667137324810028,-0.23532050848007202,-0.472380131483078,0.20933352410793304,5.730228735956189e-08,2.4649523311381927e-08,-5.787942924939671e-08,7.414345759571006e-08,0.3667137324810028,-0.23532050848007202,0.5204483866691589,0.055610816925764084,0.529822587966919,0.05207668989896774
1108.99072265625,49.347496032714844,36.268699645996094,678.797119140625,0.2805890738964081,-0.04027518257498741,1.789635817317503e-08,3.2256394888463547e-07,1.2174158428024384e-06,-2.283323539131743e-07,0.25006303191185,-0.04056965559720993,0.2805890738964081,-0.04027517884969711,1.789635817317503e-08,3.2256394888463547e-07,1.2174158428024384e-06,-2.2833236812402902e-07,0.25006303191185,-0.04056965559720993,-0.5385152697563171,-0.5577386617660522,-2.2986077485853684e-09,1.2507850044585211e-07,1.8802224133196432e-07,3.894292532891086e-08,-0.8243719935417175,-0.2870543301105499,0.5385152101516724,0.5577386021614075,-2.2986077485853684e-09,1.2507850044585211e-07,-1.880222271211096e-07,-3.894292177619718e-08,-0.8243719935417175,-0.2870543301105499,0.28059011697769165,-0.04027571156620979,3.240798776005249e-07,-4.341017074693809e-07,7.227237031059985e-09,3.4107486612811044e-08,0.2500627636909485,-0.04056938737630844,0.28059008717536926,-0.040275707840919495,-3.240798776005249e-07,4.341017074693809e-07,-7.2272365869707755e-09,-3.4107486612811044e-08,0.2500627636909485,-0.04056938737630844,-0.2662639021873474,-0.7217447757720947,8.071107799878519e-07,-1.354062874270312e-06,2.044757138719433e-06,-1.413885456713615e-06,-0.19397640228271484,-0.6772379875183105,0.2662639021873474,0.7217447757720947,-8.071107799878519e-07,1.354062874270312e-06,2.044757138719433e-06,-1.413885456713615e-06,-0.19397640228271484,-0.6772379875183105,0.6010711193084717,0.08035232126712799,0.761989414691925,0.06417741626501083
1429.19482421875,69.07150268554688,57.505821228027344,376.8594665527344,0.2817176282405853,0.02822820097208023,-4.400472519705545e-08,-3.8798731338829384e-08,-3.463727807684336e-06,-2.984339516842738e-06,0.19313360750675201,-0.06431590020656586,0.28171759843826294,0.02822820097208023,-4.400472164434177e-08,-3.8798727786115705e-08,-3.463727807684336e-06,-2.984339516842738e-06,0.19313360750675201,-0.06431590020656586,-0.16547366976737976,-0.7163318991661072,-8.594931877325962e-09,-2.8386226702536987e-09,6.025458105796133e-07,-2.2634278593614e-06,-0.9046168923377991,-0.1819099485874176,0.16547368466854095,0.716331958770752,-8.594930989147542e-09,-2.838622448209094e-09,-6.02545924266451e-07,2.2634280867350753e-06,-0.9046168923377991,-0.1819099485874176,0.2817170321941376,0.028227748349308968,-1.3869648540776325e-08,8.983864319134227e-08,1.797929138902532e-09,-3.261915480834432e-06,0.19313354790210724,-0.06431586295366287,0.28171709179878235,0.028227752074599266,1.3869650317133164e-08,-8.983865029676963e-08,-1.7979294719694394e-09,3.261915935581783e-06,0.19313354790210724,-0.06431586295366287,-0.24512232840061188,-0.7129917144775391,4.1658136495925646e-08,3.2586862630523683e-07,-1.4395115613297094e-05,3.3679564239719184e-06,-0.19324296712875366,-0.7528732419013977,0.24512235820293427,0.7129917740821838,-4.1658140048639325e-08,-3.2586865472694626e-07,-1.4395115613297094e-05,3.3679564239719184e-06,-0.19324296712875366,-0.7528732419013977,0.5405128598213196,0.08016164600849152,0.8514230251312256,0.04143712669610977
1225.486572265625,25.036087036132812,43.973052978515625,749.172607421875,0.25659456849098206,-0.05023607984185219,1.6419218695773452e-07,2.703496022604668e-07,5.621980676551175e-07,1.5801535369064368e-07,0.3214885890483856,0.053005773574113846,0.25659456849098206,-0.05023607984185219,1.6419218695773452e-07,2.703496022604668e-07,5.621980108116986e-07,1.5801535369064368e-07,0.3214885890483856,0.053005773574113846,-0.6869376301765442,-0.4573182761669159,4.892805094414143e-08,1.3437268364668853e-07,2.574710435965244e-07,3.4551490557532816e-07,-0.7309591174125671,-0.3477606475353241,0.6869375705718994,0.4573182463645935,4.892805094414143e-08,1.3437268364668853e-07,-2.5747101517481497e-07,-3.455148487319093e-07,-0.7309591174125671,-0.3477606475353241,0.25659579038619995,-0.05023619905114174,1.462235132976275e-07,-2.765839894891542e-07,8.370259365619859e-07,4.348252957697696e-07,0.32148855924606323,0.053005367517471313,0.25659576058387756,-0.05023619532585144,-1.462235132976275e-07,2.765839894891542e-07,-8.370257660317293e-07,-4.348252389263507e-07,0.32148855924606323,0.053005367517471313,-0.2230532467365265,-0.7714898586273193,9.976374570896951e-08,-8.992545303954103e-07,1.7148673805422732e-06,-1.1659411569553413e-07,-0.016524210572242737,-0.539766252040863,0.2230532467365265,0.7714898586273193,-9.976374570896951e-08,8.992545303954103e-07,1.7148673805422732e-06,-1.1659411569553413e-07,-0.016524210572242737,-0.539766252040863,0.681023359298706,0.06836443394422531,0.655238687992096,0.10616451501846313
661.694580078125,6.0191755294799805,23.134174346923828,523.1511840820312,0.4324457049369812,0.1265893131494522,-3.815179638877453e-08,3.841403284354783e-08,-1.1014154210897686e-07,2.3030051465866563e-07,0.4026268422603607,0.13032589852809906,0.4324457049369812,0.1265893131494522,-3.815179994148821e-08,3.841403639626151e-08,-1.1014154921440422e-07,2.3030051465866563e-07,0.4026268422603607,0.13032589852809906,-0.4592479169368744,-0.47335970401763916,-2.7744137653940015e-08,1.235083679773652e-08,-9.871877892919656e-08,4.747017712247725e-08,-0.4792379140853882,-0.4716375470161438,0.4592479169368744,0.47335970401763916,-2.7744137653940015e-08,1.235083679773652e-08,9.871877892919656e-08,-4.747017712247725e-08,-0.4792379140853882,-0.4716375470161438,0.4324471354484558,0.12658964097499847,3.7952563758381075e-08,3.305316909063549e-08,-1.2217167011385754e-07,2.1862423693619348e-07,0.4026269316673279,0.1303262561559677,0.4324471056461334,0.12658964097499847,-3.7952563758381075e-08,-3.3053165537921814e-08,1.2217167011385754e-07,-2.1862423693619348e-07,0.4026269316673279,0.1303262561559677,0.06356644630432129,-0.5915156006813049,9.05999755218545e-08,2.7589468487576596e-08,6.465482016437818e-08,5.256771942185878e-07,0.011076599359512329,-0.5714357495307922,-0.06356643885374069,0.5915155410766602,-9.05999755218545e-08,-2.7589468487576596e-08,6.465482016437818e-08,5.256771942185878e-07,0.011076599359512329,-0.5714357495307922,0.43497806787490845,0.2030341476202011,0.4521109461784363,0.17909321188926697
553.3426513671875,3.2529115676879883,30.893634796142578,3670.43701171875,0.2962064743041992,0.3288588523864746,2.6703677047379415e-09,-2.093904605260377e-09,-1.9236334747319006e-09,4.467649805661722e-09,0.2960841655731201,0.3282450735569,0.2962064743041992,0.3288588523864746,2.6703677047379415e-09,-2.093904605260377e-09,-1.9236334747319006e-09,4.467649805661722e-09,0.2960841655731201,0.3282450735569,-0.3297322690486908,-0.42588576674461365,3.0116658056300594e-09,2.5580013662818146e-09,-2.0597039629421943e-09,4.1727196697927127e-10,-0.3317667245864868,-0.4258798658847809,0.3297322690486908,0.42588576674461365,3.0116658056300594e-09,2.5580013662818146e-09,2.0597039629421943e-09,-4.1727196697927127e-10,-0.3317667245864868,-0.4258798658847809,0.2962062656879425,0.3288576304912567,-2.6628295124453416e-09,6.394128782005737e-09,1.251250769662704e-09,3.3382483444199806e-09,0.2960839867591858,0.32824504375457764,0.2962062954902649,0.3288576602935791,2.6628295124453416e-09,-6.394128337916527e-09,-1.2512506586404015e-09,-3.3382485664645856e-09,0.2960839867591858,0.32824504375457764,0.19637957215309143,-0.45331844687461853,-1.2840505325684148e-09,1.2934973980804898e-08,7.692812609150224e-09,-6.344582637041185e-09,0.19572408497333527,-0.45405614376068115,-0.19637957215309143,0.45331844687461853,1.2840505325684148e-09,-1.2934973980804898e-08,7.692812609150224e-09,-6.344582637041185e-09,0.19572408497333527,-0.45405614376068115,0.2940616011619568,0.20969998836517334,0.2953770160675049,0.20923905074596405
1837.6658935546875,43.77097702026367,97.54244232177734,208.74493408203125,0.16938439011573792,0.0005297651514410973,-3.878932375300792e-08,3.963982475596595e-09,1.3947523257229477e-05,1.03814836620586e-05,0.37571245431900024,0.06214139610528946,0.16938437521457672,0.0005297650932334363,-3.878932375300792e-08,3.963982475596595e-09,1.3947522347734775e-05,1.0381482752563898e-05,0.37571245431900024,0.06214139610528946,-0.6203685998916626,-0.5526001453399658,-5.350205167786726e-09,-2.9578043125866316e-08,1.707519550109282e-05,-3.54326912201941e-05,-0.7238441705703735,-0.3194097876548767,0.6203685402870178,0.552600085735321,-5.350205167786726e-09,-2.9578043125866316e-08,-1.7075193682103418e-05,3.5432687582215294e-05,-0.7238441705703735,-0.3194097876548767,0.16938358545303345,0.0005295127048157156,-7.0331651613742e-08,2.314905067635209e-08,4.976859418093227e-05,-3.0552997486665845e-05,0.37571218609809875,0.06214110553264618,0.16938358545303345,0.0005295126466080546,7.0331651613742e-08,-2.314905245270893e-08,-4.976859054295346e-05,3.0552997486665845e-05,0.37571218609809875,0.06214110553264618,-0.19043520092964172,-0.763733446598053,9.555183311249493e-09,-4.892036287174051e-08,6.271230085985735e-05,0.0001349617523374036,0.2683785855770111,-0.5768119096755981,0.19043518602848053,0.7637333869934082,-9.555183311249493e-09,4.892036287174051e-08,6.271229358389974e-05,0.00013496173778548837,0.2683785855770111,-0.5768119096755981,0.6902240514755249,0.028691355139017105,0.6259729862213135,0.14502140879631042
1330.27099609375,32.34981155395508,83.32244873046875,358.22479248046875,0.124973826110363,-0.0015190228587016463,-4.4186442949012417e-08,8.265603312906933e-09,1.3645723129229737e-06,-7.755181741231354e-07,0.26467907428741455,0.05958269536495209,0.1249738410115242,-0.00151902309153229,-4.4186446501726095e-08,8.265604201085353e-09,1.364572540296649e-06,-7.755182878099731e-07,0.26467907428741455,0.05958269536495209,-0.6992632150650024,-0.49824026226997375,9.788167609769971e-09,2.721010972095428e-08,1.2319259212745237e-07,5.863849992238102e-07,-0.7509580254554749,-0.3693878948688507,0.6992631554603577,0.49824023246765137,9.788167609769971e-09,2.721010972095428e-08,-1.2319259212745237e-07,-5.863849992238102e-07,-0.7509580254554749,-0.3693878948688507,0.12497401237487793,-0.0015192122664302588,-3.588820618460886e-08,6.837758803612815e-08,8.753666520533443e-07,5.542843837247347e-07,0.2646781802177429,0.059582337737083435,0.12497399002313614,-0.001519212033599615,3.588820618460886e-08,-6.837758803612815e-08,-8.753666520533443e-07,-5.542843837247347e-07,0.2646781802177429,0.059582337737083435,-0.15731166303157806,-0.8077231049537659,-1.362951707051252e-07,3.1480422535423713e-07,-1.8178811842517462e-06,-6.637413207499776e-06,0.301111102104187,-0.6377114653587341,0.15731166303157806,0.8077231049537659,1.362951707051252e-07,-3.1480422535423713e-07,-1.8178814116254216e-06,-6.637414116994478e-06,0.301111102104187,-0.6377114653587341,0.7372124195098877,0.015620764344930649,0.700385332107544,0.07360510528087616
1863.6995849609375,17.32544708251953,81.48604583740234,269.975830078125,0.21128518879413605,-0.033884502947330475,9.7351715577787e-10,-7.4691453022524e-09,-1.1965603334829211e-05,-2.957416290882975e-05,0.4282870888710022,0.06026654690504074,0.21128517389297485,-0.033884499222040176,9.735170447555674e-10,-7.4691453022524e-09,-1.196560242533451e-05,-2.9574161089840345e-05,0.4282870888710022,0.06026654690504074,-0.7222031950950623,-0.4503660798072815,-1.0894991575582935e-08,-6.1529776829161165e-09,-2.289978738190257e-06,-1.3346436389838345e-05,-0.6370304226875305,-0.38210198283195496,0.7222031950950623,0.4503660798072815,-1.0894991575582935e-08,-6.1529776829161165e-09,2.289978738190257e-06,1.3346436389838345e-05,-0.6370304226875305,-0.38210198283195496,0.21128617227077484,-0.03388533368706703,4.631021965906257e-08,-3.200743492470792e-08,-7.894391274021473e-06,-2.9810202249791473e-05,0.42828744649887085,0.060266315937042236,0.21128621697425842,-0.03388533741235733,-4.631022321177625e-08,3.20074384774216e-08,7.894392183516175e-06,2.9810204068780877e-05,0.42828744649887085,0.060266315937042236,-0.27126163244247437,-0.7610129714012146,-2.8580490862850638e-08,-2.6963364874177387e-08,-3.891269079758786e-05,-4.678745608543977e-05,0.19640685617923737,-0.5964111089706421,0.271261602640152,0.7610129117965698,2.8580492639207478e-08,2.6963364874177387e-08,-3.891268352163024e-05,-4.678744880948216e-05,0.19640685617923737,-0.5964111089706421,0.7244070768356323,0.04578959196805954,0.5518096685409546,0.18706190586090088
931.8074951171875,42.074615478515625,82.22972869873047,745.1751708984375,0.1338096261024475,-0.006106214597821236,1.7892159576149425e-07,2.1417626783204469e-07,-1.4374259649230225e-07,-6.392024687329467e-08,0.08954857289791107,0.08854573220014572,0.1338096261024475,-0.006106215063482523,1.7892159576149425e-07,2.1417626783204469e-07,-1.4374261070315697e-07,-6.392024687329467e-08,0.08954857289791107,0.08854573220014572,-0.6036087274551392,-0.5511360764503479,6.070985136830132e-08,-1.9161666031664026e-08,3.6207332243520796e-08,1.1561680501870342e-08,-0.8182076811790466,-0.3512684404850006,0.6036087274551392,0.5511360764503479,6.070985136830132e-08,-1.9161666031664026e-08,-3.6207332243520796e-08,-1.1561680501870342e-08,-0.8182076811790466,-0.3512684404850006,0.13380858302116394,-0.006105883978307247,8.954369690172825e-08,5.00391266200495e-08,-9.202987172329813e-08,1.4066922915390023e-07,0.08954885601997375,0.08854544907808304,0.13380856812000275,-0.006105883978307247,-8.954370400715561e-08,-5.00391266200495e-08,9.202987172329813e-08,-1.4066922915390023e-07,0.08954885601997375,0.08854544907808304,0.13681496679782867,-0.629726231098175,8.136507290146255e-07,3.2640986091792e-07,-7.494818987652252e-07,-4.5358493139247e-07,0.04423379898071289,-0.39274048805236816,-0.13681496679782867,0.629726231098175,-8.136507290146255e-07,-3.2640986091792e-07,-7.494818987652252e-07,-4.5358493139247e-07,0.04423379898071289,-0.39274048805236816,0.6680945158004761,0.01794230192899704,0.7928533554077148,0.015859294682741165
1435.644287109375,48.29155731201172,28.220840454101562,3505.005126953125,0.4438398480415344,-0.09249860048294067,-1.031788059435712e-07,-4.9145416625151483e-08,-2.9393852685188904e-08,-3.4159918982368254e-07,0.28728094696998596,-0.12487087398767471,0.44383978843688965,-0.09249860048294067,-1.0317881304899856e-07,-4.9145416625151483e-08,-2.9393852685188904e-08,-3.4159918982368254e-07,0.28728094696998596,-0.12487087398767471,-0.5089496374130249,-0.4847806692123413,-5.411328629634227e-08,-6.462009594088158e-08,1.354449636892241e-07,-2.834565577813919e-07,-0.796536922454834,-0.29649242758750916,0.5089496374130249,0.4847806692123413,-5.411328629634227e-08,-6.462009594088158e-08,-1.354449636892241e-07,2.834565577813919e-07,-0.796536922454834,-0.29649242758750916,0.443841814994812,-0.09249856323003769,2.842732627073019e-08,1.0334747457818594e-07,-2.6427608190715546e-07,4.4824525957665173e-07,0.2872811257839203,-0.1248708963394165,0.4438417851924896,-0.09249855577945709,-2.842732627073019e-08,-1.033474816836133e-07,2.6427608190715546e-07,-4.4824528799836116e-07,0.2872811257839203,-0.1248708963394165,-0.31712213158607483,-0.5788318514823914,1.0089853219596989e-07,3.238866099763982e-07,-2.2003825961292023e-07,7.152997909543046e-07,-0.39681875705718994,-0.6237442493438721,0.31712213158607483,0.5788318514823914,-1.0089853930139725e-07,-3.238866383981076e-07,-2.2003825961292023e-07,7.152997909543046e-07,-0.39681875705718994,-0.6237442493438721,0.5029122829437256,0.22603999078273773,0.7258114218711853,0.11069058626890182
1017.0590209960938,62.83616256713867,64.20076751708984,4098.9697265625,0.2189256250858307,0.026499034836888313,9.433141201498074e-08,-2.063054838075118e-09,8.238099553636857e-07,-6.43353315066264e-10,0.09159278869628906,-0.009721208363771439,0.2189256250858307,0.026499032974243164,9.433141201498074e-08,-2.063055060119723e-09,8.238098985202669e-07,-6.43353315066264e-10,0.09159278869628906,-0.009721208363771439,-0.3814687728881836,-0.6583151817321777,4.236769512999672e-08,-5.641954015089823e-09,1.7069270086267352e-07,1.6115140510919446e-07,-0.9142192602157593,-0.21789751946926117,0.3814687132835388,0.658315122127533,4.236769512999672e-08,-5.641954015089823e-09,-1.706926866518188e-07,-1.6115139089833974e-07,-0.9142192602157593,-0.21789751946926117,0.21892642974853516,0.026498695835471153,4.076045101442105e-08,-5.8203490915786915e-09,-1.6552847910134005e-06,-1.017919203150086e-06,0.09159263968467712,-0.009721134789288044,0.21892639994621277,0.026498690247535706,-4.076045456713473e-08,5.820349535667901e-09,1.6552846773265628e-06,1.0179190894632484e-06,0.09159263968467712,-0.009721134789288044,-0.2091217041015625,-0.6619380712509155,-1.9633581871403294e-07,-1.7977738764329843e-07,-1.1747746384571656e-06,1.0954666151974379e-07,-0.20807263255119324,-0.7665425539016724,0.2091217339038849,0.6619381308555603,1.9633583292488765e-07,1.7977740185415314e-07,-1.1747746384571656e-06,1.0954666151974379e-07,-0.20807263255119324,-0.7665425539016724,0.5843670964241028,0.08272476494312286,0.883823573589325,0.015010817907750607
1164.423095703125,62.173377990722656,97.22858428955078,246.3246612548828,0.06250748038291931,0.020861202850937843,-1.9129586803501297e-08,6.764295079619842e-08,3.3734204407664947e-06,-7.798366254974098e-07,0.16254684329032898,0.03799564391374588,0.06250746548175812,0.020861197263002396,-1.912958325078762e-08,6.76429365853437e-08,3.37342066814017e-06,-7.798366823408287e-07,0.16254684329032898,0.03799564391374588,-0.39795953035354614,-0.6999167203903198,5.829888127806271e-09,1.680519545743664e-08,1.3561211744672619e-06,2.1118653137364163e-07,-0.8863921165466309,-0.2262478619813919,0.3979596793651581,0.6999169588088989,5.829887239627851e-09,1.68051936810798e-08,-1.3561217429014505e-06,-2.1118661663876992e-07,-0.8863921165466309,-0.2262478619813919,0.06250737607479095,0.0208611898124218,-3.078787891297452e-09,-6.271388741652117e-08,3.2357318104914157e-06,5.112786425343074e-07,0.16254660487174988,0.03799547255039215,0.06250740587711334,0.020861200988292694,3.078787891297452e-09,6.271388741652117e-08,-3.2357331747334683e-06,-5.112788699079829e-07,0.16254660487174988,0.03799547255039215,-0.054532796144485474,-0.7597830295562744,2.656021251823404e-07,-5.852870685885136e-07,2.3631340809515677e-05,-7.8781949923723e-06,0.3727453052997589,-0.6183992624282837,0.054532796144485474,0.7597830295562744,-2.656021536040498e-07,5.852871254319325e-07,2.3631340809515677e-05,-7.8781949923723e-06,0.3727453052997589,-0.6183992624282837,0.6482552289962769,0.004342374857515097,0.8368790745735168,0.02786514349281788
712.7646484375,29.761070251464844,37.67656326293945,932.6436767578125,0.32132983207702637,0.11822353303432465,-1.8774302645852003e-07,-1.670884728355304e-07,-1.8351668629179585e-08,-1.91294219575866e-07,0.2745508849620819,0.08547580242156982,0.32132983207702637,0.11822352558374405,-1.8774302645852003e-07,-1.670884728355304e-07,-1.8351668629179585e-08,-1.91294219575866e-07,0.2745508849620819,0.08547580242156982,-0.4556165635585785,-0.5410596132278442,-1.4545642557095562e-07,-1.1321867532387841e-07,-2.7575234540222482e-08,-1.508431921593001e-07,-0.6113883852958679,-0.471246600151062,0.4556165337562561,0.5410595536231995,-1.4545642557095562e-07,-1.1321867532387841e-07,2.7575234540222482e-08,1.508431921593001e-07,-0.6113883852958679,-0.471246600151062,0.32133084535598755,0.1182226687669754,2.8336618385083057e-08,5.041444595121902e-08,2.293372070027999e-08,-2.0898960784165865e-08,0.2745508551597595,0.08547595143318176,0.32133084535598755,0.1182226687669754,-2.8336618385083057e-08,-5.0414442398505344e-08,-2.293372247663683e-08,2.0898960784165865e-08,0.2745508551597595,0.08547595143318176,0.11624009907245636,-0.627186119556427,5.2619704149492463e-08,2.4405520093750965e-07,-3.5352577754110825e-08,-1.2202342247746856e-07,0.0636267364025116,-0.6584174036979675,-0.11624009907245636,0.627186119556427,-5.2619704149492463e-08,-2.4405520093750965e-07,-3.5352577754110825e-08,-1.2202342247746856e-07,0.0636267364025116,-0.6584174036979675,0.5038043260574341,0.1384604573249817,0.6000304222106934,0.10110385715961456
1470.560791015625,4.138149738311768,95.58377075195312,2572.00439453125,0.18410344421863556,0.04812280833721161,1.9195200096078224e-08,1.7332554946847267e-08,-6.380638239988912e-08,9.600602091097699e-09,0.16356684267520905,0.06745351105928421,0.18410344421863556,0.04812280833721161,1.9195203648791903e-08,1.7332556723204107e-08,-6.380638950531647e-08,9.600602091097699e-09,0.16356684267520905,0.06745351105928421,-0.731220006942749,-0.4293562173843384,2.5604249387356504e-08,-3.213850074956781e-09,-2.5200481701403987e-08,1.292877804814907e-09,-0.7349680066108704,-0.41108906269073486,0.731220006942749,0.4293562173843384,2.5604251163713343e-08,-3.213850297001386e-09,2.5200481701403987e-08,-1.292877804814907e-09,-0.7349680066108704,-0.41108906269073486,0.18410275876522064,0.04812298342585564,1.6173011374576163e-08,-2.3540552618328547e-08,-6.11389552318542e-08,1.3725314218504536e-08,0.1635667234659195,0.0674532875418663,0.18410275876522064,0.04812298342585564,-1.6173009598219323e-08,2.3540550841971708e-08,6.113894812642684e-08,-1.3725313330326117e-08,0.1635667234659195,0.0674532875418663,0.05984525382518768,-0.6911419034004211,3.582968233217798e-08,-1.540536764821354e-08,-5.37123341359802e-08,1.340795989790422e-07,0.02350659668445587,-0.6646057963371277,-0.059845250099897385,0.6911418437957764,-3.58296787794643e-08,1.540536764821354e-08,-5.37123341359802e-08,1.340795989790422e-07,0.02350659668445587,-0.6646057963371277,0.723724901676178,0.06200670450925827,0.7159680724143982,0.06827966123819351
1452.9327392578125,3.3731913566589355,70.51353454589844,2032.844482421875,0.23670685291290283,0.016036303713917732,3.6326748276138687e-09,3.0338707546206933e-08,1.2337827426378567e-09,-2.0497576969091824e-09,0.2193043828010559,0.033122025430202484,0.23670688271522522,0.01603630557656288,3.6326748276138687e-09,3.0338703993493255e-08,1.2337827426378567e-09,-2.0497576969091824e-09,0.2193043828010559,0.033122025430202484,-0.7235677242279053,-0.4223407208919525,2.2146191547278704e-09,1.6292217352997795e-08,1.6540276703835843e-08,1.5109947071323404e-08,-0.7295919060707092,-0.40758273005485535,0.7235677242279053,0.4223407208919525,2.2146191547278704e-09,1.6292217352997795e-08,-1.6540276703835843e-08,-1.5109947071323404e-08,-0.7295919060707092,-0.40758273005485535,0.23670713603496552,0.016036421060562134,-3.6015501692077123e-09,-1.8523953926319336e-08,6.049356571224962e-09,2.9770925280558913e-08,0.2193029671907425,0.03312251344323158,0.23670710623264313,0.016036417335271835,3.6015501692077123e-09,1.8523953926319336e-08,-6.049357015314172e-09,-2.9770925280558913e-08,0.2193029671907425,0.03312251344323158,-0.07125364243984222,-0.7157893180847168,-1.7462019386016436e-08,-3.216871391487075e-08,-7.380197075690376e-08,6.050106193811189e-09,-0.09982433915138245,-0.6860166192054749,0.07125363498926163,0.715789258480072,1.7462017609659597e-08,3.216871036215707e-08,-7.380197075690376e-08,6.050106193811189e-09,-0.09982433915138245,-0.6860166192054749,0.7062498331069946,0.08032192289829254,0.7057299613952637,0.07767350971698761
1183.4970703125,67.67913818359375,88.14173889160156,3737.04833984375,0.22839096188545227,0.04729878157377243,2.7778051503446477e-07,-1.4692523109260947e-07,2.8068072310816206e-07,9.951183983503142e-07,0.07932090759277344,-0.00259062135592103,0.22839096188545227,0.04729878157377243,2.7778048661275534e-07,-1.4692521688175475e-07,2.8068072310816206e-07,9.95118512037152e-07,0.07932090759277344,-0.00259062135592103,-0.2529093027114868,-0.6772599220275879,-1.8127575884818725e-08,-1.4466778885946496e-08,5.0431051334953736e-08,8.659188210913271e-07,-0.9293122887611389,-0.18481913208961487,0.2529093027114868,0.6772599220275879,-1.8127575884818725e-08,-1.4466778885946496e-08,-5.0431051334953736e-08,-8.659188210913271e-07,-0.9293122887611389,-0.18481913208961487,0.2283918261528015,0.04729817062616348,-5.047868967267277e-07,-2.0186277538414288e-07,1.1106698138974025e-06,3.810593796060857e-07,0.07932167500257492,-0.0025898104067891836,0.2283918708562851,0.04729817807674408,5.047868967267277e-07,2.018627895949976e-07,-1.1106698138974025e-06,-3.810593511843763e-07,0.07932167500257492,-0.0025898104067891836,-0.1800898164510727,-0.6316100358963013,-1.1737564591385308e-06,-1.4244963040255243e-06,2.377937107667094e-06,-6.479355647570628e-07,-0.16047406196594238,-0.7614554762840271,0.1800898164510727,0.6316100358963013,1.1737564591385308e-06,1.4244963040255243e-06,2.377937107667094e-06,-6.479355647570628e-07,-0.16047406196594238,-0.7614554762840271,0.5326839685440063,0.10757046937942505,0.8985694050788879,0.01331868302077055
1020.0782470703125,50.47193145751953,42.86449432373047,956.3389892578125,0.26338449120521545,-0.03019779734313488,4.518596341540615e-08,-6.526861540123718e-08,-4.674000706472725e-07,4.1899795633071335e-07,0.15460701286792755,-0.01275827456265688,0.26338452100753784,-0.03019779734313488,4.518596341540615e-08,-6.526860829580983e-08,-4.6740009906898194e-07,4.1899795633071335e-07,0.15460701286792755,-0.01275827456265688,-0.5551039576530457,-0.5496724843978882,1.4042206508690924e-08,-9.930658961820882e-09,-1.7306898314473074e-07,6.624384951692264e-08,-0.859078049659729,-0.28668397665023804,0.5551040172576904,0.549672544002533,1.4042206508690924e-08,-9.930658961820882e-09,1.7306898314473074e-07,-6.624385662235e-08,-0.859078049659729,-0.28668397665023804,0.2633858025074005,-0.030199429020285606,4.4454051106868064e-08,-2.1616044421080005e-07,-1.706716602711822e-06,1.1473314316390315e-06,0.1546074002981186,-0.012758303433656693,0.2633858919143677,-0.030199436470866203,-4.445405821229542e-08,2.161604868433642e-07,1.7067168300854973e-06,-1.1473315453258692e-06,0.1546074002981186,-0.012758303433656693,-0.21386712789535522,-0.6805671453475952,2.1414233941641214e-08,-7.37601340006222e-07,-2.244352799607441e-06,3.875651600537822e-06,-0.2975626587867737,-0.6698442697525024,0.2138671576976776,0.68056720495224,-2.1414237494354893e-08,7.376014536930597e-07,-2.244352799607441e-06,3.875651600537822e-06,-0.2975626587867737,-0.6698442697525024,0.6102802157402039,0.07028330117464066,0.8202028274536133,0.024066101759672165
706.8561401367188,50.25675964355469,78.44070434570312,339.13067626953125,0.0868958830833435,0.06557139754295349,1.0096275815385525e-07,-1.9347982060935465e-07,-1.0417504370252573e-07,-1.4453604535447084e-08,0.11015397310256958,0.20247173309326172,0.0868958830833435,0.06557139754295349,1.0096275815385525e-07,-1.9347983482020936e-07,-1.0417504370252573e-07,-1.4453604535447084e-08,0.11015397310256958,0.20247173309326172,-0.2154770940542221,-0.6472265720367432,1.745095978833433e-08,-8.204040824466574e-08,1.2881794475561037e-07,-7.943819468891888e-08,-0.7182507514953613,-0.3747542202472687,0.21547706425189972,0.6472265124320984,1.745095978833433e-08,-8.20404153500931e-08,-1.2881793054475565e-07,7.943818047806417e-08,-0.7182507514953613,-0.3747542202472687,0.08689480274915695,0.06557091325521469,5.8981889594633685e-08,6.3383525095161986e-09,2.1443787545649684e-07,-3.0032848030714376e-07,0.11015355587005615,0.20247149467468262,0.08689478784799576,0.0655708983540535,-5.8981886041920006e-08,-6.3383525095161986e-09,-2.1443786124564213e-07,3.0032845188543433e-07,0.11015355587005615,0.20247149467468262,0.3922296166419983,-0.5351530313491821,2.0280178603115928e-07,3.289394356897901e-08,1.0268079222441884e-06,1.930901134983287e-06,0.3108232617378235,-0.18152859807014465,-0.3922295570373535,0.5351529717445374,-2.0280177182030457e-07,-3.289394356897901e-08,1.0268079222441884e-06,1.930901134983287e-06,0.3108232617378235,-0.18152859807014465,0.46533262729644775,0.011850503273308277,0.6563249230384827,0.05312870442867279
1753.23583984375,4.717264175415039,24.540491104125977,2899.946044921875,0.4599766135215759,-0.14280234277248383,3.5539503784320914e-08,-2.341300664454593e-08,9.36528099515499e-09,1.7056400736237265e-08,0.4537794888019562,-0.14301034808158875,0.4599766135215759,-0.14280232787132263,3.5539503784320914e-08,-2.341300664454593e-08,9.36528188333341e-09,1.7056400736237265e-08,0.4537794888019562,-0.14301034808158875,-0.6206613779067993,-0.3733345866203308,2.5033568107346582e-08,-1.6259196655710184e-08,9.632245223656355e-09,9.55036583150104e-09,-0.6261755228042603,-0.37201857566833496,0.6206613779067993,0.3733345866203308,2.5033568107346582e-08,-1.6259196655710184e-08,-9.632245223656355e-09,-9.55036583150104e-09,-0.6261755228042603,-0.37201857566833496,0.45997461676597595,-0.14280153810977936,-6.7803851422354455e-09,-4.367951689232541e-08,-1.0068935907270316e-08,1.8932096779167296e-08,0.45377877354621887,-0.14301010966300964,0.45997464656829834,-0.14280153810977936,6.7803851422354455e-09,4.367951689232541e-08,1.0068935907270316e-08,-1.8932098555524135e-08,0.45377877354621887,-0.14301010966300964,-0.2851623594760895,-0.5657491087913513,-5.01443908618171e-09,-6.260283669234923e-08,-2.4767112805079705e-09,3.157059325076261e-08,-0.292764276266098,-0.5655869245529175,0.2851623594760895,0.5657491087913513,5.01443908618171e-09,6.260283669234923e-08,-2.4767112805079705e-09,3.157059325076261e-08,-0.292764276266098,-0.5655869245529175,0.5301907062530518,0.2473156601190567,0.5369927883148193,0.24104604125022888
604.460693359375,67.41055297851562,57.46017837524414,575.854736328125,0.1933974325656891,0.170354425907135,-2.5626485822272116e-08,8.926943628750905e-09,5.535666787181981e-07,-4.139587872487027e-07,0.1263611614704132,0.08795320987701416,0.1933974325656891,0.17035441100597382,-2.5626484045915277e-08,8.926943628750905e-09,5.53566735561617e-07,-4.1395881567041215e-07,0.1263611614704132,0.08795320987701416,0.21467401087284088,-0.46170783042907715,-2.300051527015512e-08,-1.1294481794266176e-08,3.3527800269439467e-07,7.072928553952806e-08,-0.7902766466140747,-0.2898384630680084,-0.21467404067516327,0.4617078900337219,-2.300051349379828e-08,-1.1294481794266176e-08,-3.3527805953781353e-07,-7.072929264495542e-08,-0.7902766466140747,-0.2898384630680084,0.19339768588542938,0.17035242915153503,2.091979256491072e-09,2.013529964983718e-08,-9.700217162844638e-08,-5.38651420356473e-07,0.1263611912727356,0.08795323967933655,0.19339771568775177,0.17035244405269623,-2.0919790344464673e-09,-2.013529787348034e-08,9.700218583930109e-08,5.386514771998918e-07,0.1263611912727356,0.08795323967933655,0.2911251187324524,-0.23693065345287323,-2.8027071152791905e-07,7.272277713354924e-08,-1.3908654636907158e-06,-1.8798015162246884e-06,0.09015604853630066,-0.6200527548789978,-0.29112508893013,0.23693063855171204,2.802706831062096e-07,-7.272277002812189e-08,-1.3908655773775536e-06,-1.8798017435983638e-06,0.09015604853630066,-0.6200527548789978,0.25925907492637634,0.0664231926202774,0.7085434794425964,0.023702912032604218
1527.732421875,68.1570053100586,73.34204864501953,2301.00048828125,0.350076824426651,0.059023842215538025,-1.820964143917081e-07,-3.261605172610871e-07,-1.081778691514046e-06,-3.77759086234164e-08,0.13539865612983704,-0.01924164779484272,0.3500768542289734,0.05902384966611862,-1.820964143917081e-07,-3.261605172610871e-07,-1.081778691514046e-06,-3.77759086234164e-08,0.13539865612983704,-0.01924164779484272,-0.2247382402420044,-0.6161237955093384,-1.3735258619362867e-07,-9.735044415037919e-08,-8.419041250817827e-07,6.014730757897269e-08,-0.9136149287223816,-0.17851358652114868,0.22473827004432678,0.6161238551139832,-1.3735258619362867e-07,-9.735044415037919e-08,8.419042387686204e-07,-6.014731468440004e-08,-0.9136149287223816,-0.17851358652114868,0.3500775992870331,0.05902514234185219,2.018508240553274e-07,-2.6747289894046844e-07,3.3550102216395317e-06,7.947094786686648e-07,0.13539883494377136,-0.019240673631429672,0.35007762908935547,0.059025149792432785,-2.018508382661821e-07,2.6747292736217787e-07,-3.355010449013207e-06,-7.947095355120837e-07,0.13539883494377136,-0.019240673631429672,-0.19947782158851624,-0.5674117803573608,6.55929966342228e-07,-5.03359501635714e-07,6.155023129394976e-06,-4.787817942997208e-06,-0.3266147971153259,-0.6774194836616516,0.19947782158851624,0.5674117803573608,-6.55929966342228e-07,5.03359501635714e-07,6.155023129394976e-06,-4.787817942997208e-06,-0.3266147971153259,-0.6774194836616516,0.43011584877967834,0.1764308363199234,0.8665593266487122,0.03125252574682236
930.9971923828125,66.60011291503906,71.99577331542969,672.5865478515625,0.10930092632770538,0.024381175637245178,3.116733466868027e-07,4.630209105016547e-07,-7.514964295296522e-07,-1.1616706387940212e-06,0.12614360451698303,0.027025708928704262,0.10930091887712479,0.02438117191195488,3.116733466868027e-07,4.630208820799453e-07,-7.514964295296522e-07,-1.1616706387940212e-06,0.12614360451698303,0.027025708928704262,-0.18669822812080383,-0.7250930666923523,5.9203845381716746e-08,6.825897003182035e-08,-1.5488721771816927e-07,-4.970042937202379e-07,-0.9130120277404785,-0.20295818150043488,0.18669824302196503,0.7250931262969971,5.9203845381716746e-08,6.825897003182035e-08,1.5488723192902398e-07,4.970042937202379e-07,-0.9130120277404785,-0.20295818150043488,0.10930312424898148,0.02438083477318287,8.31090041231164e-09,-5.188985028325988e-07,-2.3664879336138256e-06,-7.166960926952015e-07,0.12614335119724274,0.027025815099477768,0.10930313915014267,0.024380838498473167,-8.31090041231164e-09,5.188985028325988e-07,2.366488160987501e-06,7.166962063820392e-07,0.12614335119724274,0.027025815099477768,0.10305921733379364,-0.732082188129425,-1.9878278578744357e-07,-2.9928262392786564e-06,-5.194226105231792e-06,-2.950295538539649e-06,0.19336766004562378,-0.610239565372467,-0.10305921733379364,0.732082188129425,1.9878278578744357e-07,2.9928262392786564e-06,-5.194226105231792e-06,-2.950295538539649e-06,0.19336766004562378,-0.610239565372467,0.5606161952018738,0.012541133910417557,0.8747829794883728,0.016642598435282707
